{
  "total": 372,
  "ai_response": 226,
  "cmd": [
    {
      "name": "menu",
      "use": 135,
      "times": "02/12 14:34:01"
    },
    {
      "name": "autoai",
      "use": 11,
      "times": "02/12 14:34:01"
    },
    {
      "name": "set",
      "use": 8,
      "times": "29/11 17:23:44"
    },
    {
      "name": "resetaichat",
      "use": 2,
      "times": "29/11 10:24:46"
    },
    {
      "name": "dalle3",
      "use": 8,
      "times": "02/12 14:34:01"
    },
    {
      "name": "tiktok",
      "use": 10,
      "times": "30/11 22:53:11"
    },
    {
      "name": "ig",
      "use": 2,
      "times": "29/11 15:29:53"
    },
    {
      "name": "ssweb",
      "use": 2,
      "times": "29/11 16:29:38"
    },
    {
      "name": "addprem",
      "use": 3,
      "times": "02/12 14:34:01"
    },
    {
      "name": "setthumb",
      "use": 1,
      "times": "29/11 11:00:15"
    },
    {
      "name": "charge",
      "use": 7,
      "times": "02/12 14:34:01"
    },
    {
      "name": "profile",
      "use": 23,
      "times": "02/12 14:34:01"
    },
    {
      "name": "stats",
      "use": 3,
      "times": "29/11 12:36:50"
    },
    {
      "name": "lorasearch",
      "use": 1,
      "times": "29/11 11:00:15"
    },
    {
      "name": "songgenerator",
      "use": 5,
      "times": "29/11 14:19:34"
    },
    {
      "name": "status",
      "use": 1,
      "times": "29/11 12:36:50"
    },
    {
      "name": "freetrial",
      "use": 2,
      "times": "02/12 14:34:01"
    },
    {
      "name": "getdata",
      "use": 2,
      "times": "29/11 12:36:50"
    },
    {
      "name": "premium",
      "use": 12,
      "times": "02/12 14:34:01"
    },
    {
      "name": "luma",
      "use": 5,
      "times": "29/11 14:19:34"
    },
    {
      "name": "bard",
      "use": 1,
      "times": "29/11 13:30:44"
    },
    {
      "name": "geminiimage",
      "use": 2,
      "times": "29/11 14:19:34"
    },
    {
      "name": "songai",
      "use": 2,
      "times": "29/11 14:19:34"
    },
    {
      "name": "faceswap",
      "use": 10,
      "times": "29/11 23:56:57"
    },
    {
      "name": "mediafire",
      "use": 2,
      "times": "29/11 14:19:34"
    },
    {
      "name": "playvn",
      "use": 1,
      "times": "29/11 14:19:34"
    },
    {
      "name": "play",
      "use": 4,
      "times": "29/11 19:06:20"
    },
    {
      "name": "ytmp4",
      "use": 9,
      "times": "02/12 14:34:01"
    },
    {
      "name": "ytm4a",
      "use": 3,
      "times": "29/11 14:51:38"
    },
    {
      "name": "ytmp3",
      "use": 2,
      "times": "02/12 14:34:01"
    },
    {
      "name": "gitclone",
      "use": 1,
      "times": "29/11 15:29:53"
    },
    {
      "name": "group",
      "use": 3,
      "times": "29/11 16:05:43"
    },
    {
      "name": "linkgc",
      "use": 1,
      "times": "29/11 15:29:53"
    },
    {
      "name": "on",
      "use": 5,
      "times": "29/11 17:23:44"
    },
    {
      "name": "getpp",
      "use": 1,
      "times": "29/11 15:52:40"
    },
    {
      "name": "@",
      "use": 9,
      "times": "01/12 16:06:11"
    },
    {
      "name": "off",
      "use": 1,
      "times": "29/11 15:52:40"
    },
    {
      "name": "qc",
      "use": 2,
      "times": "30/11 17:50:12"
    },
    {
      "name": "reactionmenu",
      "use": 1,
      "times": "29/11 16:09:37"
    },
    {
      "name": "delete",
      "use": 1,
      "times": "29/11 16:09:37"
    },
    {
      "name": "getviewonce",
      "use": 2,
      "times": "29/11 16:09:37"
    },
    {
      "name": "backup",
      "use": 4,
      "times": "29/11 17:55:03"
    },
    {
      "name": "mmmmmmining",
      "use": 1,
      "times": "29/11 16:21:34"
    },
    {
      "name": "remini",
      "use": 1,
      "times": "29/11 16:31:23"
    },
    {
      "name": "tmpfiles",
      "use": 2,
      "times": "29/11 19:00:02"
    },
    {
      "name": "tourl",
      "use": 1,
      "times": "29/11 16:31:23"
    },
    {
      "name": "catbox",
      "use": 1,
      "times": "29/11 16:31:23"
    },
    {
      "name": "img2prompt",
      "use": 1,
      "times": "29/11 16:31:23"
    },
    {
      "name": "enhance",
      "use": 1,
      "times": "29/11 16:31:23"
    },
    {
      "name": "whatmusic",
      "use": 1,
      "times": "29/11 16:31:23"
    },
    {
      "name": "transcribe",
      "use": 1,
      "times": "29/11 16:31:23"
    },
    {
      "name": "getchid",
      "use": 2,
      "times": "29/11 16:31:23"
    },
    {
      "name": "colong",
      "use": 3,
      "times": "29/11 16:31:23"
    },
    {
      "name": "c",
      "use": 1,
      "times": "29/11 16:31:23"
    },
    {
      "name": "toimg",
      "use": 1,
      "times": "29/11 16:31:23"
    },
    {
      "name": "removebg",
      "use": 2,
      "times": "29/11 16:31:23"
    },
    {
      "name": "objectdetection",
      "use": 1,
      "times": "29/11 16:31:23"
    },
    {
      "name": "kick",
      "use": 3,
      "times": "29/11 17:23:44"
    },
    {
      "name": "add",
      "use": 3,
      "times": "29/11 17:23:44"
    },
    {
      "name": "k",
      "use": 1,
      "times": "29/11 17:23:44"
    },
    {
      "name": "sticker",
      "use": 1,
      "times": "29/11 19:06:20"
    },
    {
      "name": "tt",
      "use": 2,
      "times": "30/11 22:38:03"
    },
    {
      "name": "faceswap-change",
      "use": 1,
      "times": "29/11 23:56:57"
    },
    {
      "name": "faceswap-reset",
      "use": 1,
      "times": "29/11 23:56:57"
    },
    {
      "name": "addenergy",
      "use": 2,
      "times": "30/11 17:50:12"
    },
    {
      "name": "s",
      "use": 1,
      "times": "30/11 17:50:12"
    },
    {
      "name": "resetautoai",
      "use": 2,
      "times": "30/11 22:53:11"
    },
    {
      "name": "pinterest",
      "use": 3,
      "times": "30/11 22:53:11"
    },
    {
      "name": "mining",
      "use": 10,
      "times": "02/12 14:34:01"
    },
    {
      "name": "owner",
      "use": 12,
      "times": "02/12 14:34:01"
    }
  ]
}