{
  "6285183352262@s.whatsapp.net": {
    "ai_interactive": true
  },
  "6282131282262@s.whatsapp.net": {
    "ai_interactive": true
  },
  "6281227794994@s.whatsapp.net": {
    "ai_interactive": true
  },
  "120363177713660686@g.us": {
    "ai_interactive": true,
    "antilink": false,
    "links": [
      "chat.whatsapp.com"
    ],
    "welcome": true
  },
  "6289516174846@s.whatsapp.net": {
    "ai_interactive": true
  },
  "120363369094365581@g.us": {
    "ai_interactive": true
  },
  "6289512353074@s.whatsapp.net": {
    "ai_interactive": true
  },
  "6282330490540@s.whatsapp.net": {
    "ai_interactive": true
  },
  "6281945031931@s.whatsapp.net": {
    "ai_interactive": true
  },
  "6282245799613@s.whatsapp.net": {
    "ai_interactive": true
  },
  "62895349532100@s.whatsapp.net": {
    "ai_interactive": true
  },
  "6285939472348@s.whatsapp.net": {
    "ai_interactive": true
  }
}