{"version":28,"hash":{"type":"Buffer","data":"YJUbLqzgk8mnZTZ2+e4KSopZeMHoUNTX4SUnA+132M95TTbO/pktGfcrIZZBLhwcTqKWXhiak5G++KmlgrtLSoG4aZsemKrC17gQsUPkBVX6y+ru0yuZJ3gwgorOaGCXMbOIFMK4widKu2oBpXyE/QtNLF8k9BzMeURP7xjR9Gs="},"indexValueMap":{"VhYhjUZEtFADkSRqK3eA0bzuE+8QiSrCikHGG1t9cM4=":{"valueMac":{"type":"Buffer","data":"MjuDWqa84uwtUxFLdRlsgSfMZa0ncBY8356O3jG1YgM="}},"Waj+k6G1IiChsejvIPo0NY0wbuv27GS+Et0SNqBMJnI=":{"valueMac":{"type":"Buffer","data":"lLM3worZSK0BDadylDZBQmbBMiEkXydjl1/uDTN9hwE="}},"etwYf/7psLlb1tN3WKF3B0AFugcNzh9FHts4bp7Y1Uk=":{"valueMac":{"type":"Buffer","data":"+xn+IRYiKkOgKjTGISgmUiP/Q1DxBoDmumafw7mk/pU="}},"gO3wF9xUyVnkMf1VrqFl7DkQvC6BDMRcPspU/ZMMdM8=":{"valueMac":{"type":"Buffer","data":"wyCAvnkjwrq4ulO1t9oXzIo7R32uvKNia68WgJjhCH8="}},"XWKt3TI4aU/yWsXFRR7Wgiaay/zb60IXJCyuDBJK5dA=":{"valueMac":{"type":"Buffer","data":"y7EEHnVBXEzstr8SicTXeIhkzDuZWkxPYzBNnka1+kw="}},"3+iloA0y4sQeZYbsjT9Jq4hzeAd9TCbIsZcIyYmCKiI=":{"valueMac":{"type":"Buffer","data":"q5SgteSKY4UmrLriSVcKPdtBFaXZjAkvxkeqBaRPF6A="}}}}