{"version":110,"hash":{"type":"Buffer","data":"wL6pKcGHp5nA6K3CxPTid9Mc56dw+MCjOmWLV5/zBTS4QijJpD5rCs2KHyhMKPjyy7idGuTBLsTMeUXxq4gTwLEz/Bj6oZiy9U1rzMan7nCOfB+wkNDQgcye1dyY/bMXWt/2vNurm8rOytyULANrWWpFyKlPnmm7fUo/MNwCBZk="},"indexValueMap":{"BNsjHrc5cIEEIJ8LlIulKQ21YEsoxcua8dx6/0nwVcQ=":{"valueMac":{"type":"Buffer","data":"AnfK8l66hOD+XX8HPMaN9odUKOqRJw8aDlgcYhlx9nY="}},"FlF9lONiHr1xKnQWsTMf0Hthl58B5OcC+qXSKDJcQnQ=":{"valueMac":{"type":"Buffer","data":"nAMDRyNrZsS8gV42ot8pWpyo0BedtbF62RIOm0c5/Tw="}},"GESKH+YOiMozyH4rMj3OD4jnqerXgGfPnNRNvmQszFE=":{"valueMac":{"type":"Buffer","data":"eiUG854AtJHrXNIPX4FyVnO7WtWIHXzMEvSXgfO7rLs="}},"KeZghSYk0+eJQ+pTWJLxQcg2kfMEe+4dZnkuJyV5ApE=":{"valueMac":{"type":"Buffer","data":"4WLwkkiRcyzWYkwOS+Uy03fcbXSD1KV239F8d1tWzYg="}},"R8WmR/Di1OgVvNCGhpfZfsK7539U4UVSJ9hkJeMbbOQ=":{"valueMac":{"type":"Buffer","data":"8Yg1y1NN/CHlfEUsm9y5igcnPcIyQgBPh6/fA6f6EzM="}},"Tq8yC8OsvyzhqrwJUWvbyUbgOxiysERzWGElL6iPY3o=":{"valueMac":{"type":"Buffer","data":"B2T+phHcurcJUCQHKMFRvMNMzn4Z8uYGOW3dxaTwTAM="}},"WDENj/xFWzgs/0dZtdu2llywepol/QgVXy92EYuZE5c=":{"valueMac":{"type":"Buffer","data":"81PVAZN4anBD7ALTMCuFmMU60ioaSCRCnZ8CrN9dhqc="}},"aApDpubfzzrSJcJqF89W9rKqioY8A10TSmFhdyBg+0E=":{"valueMac":{"type":"Buffer","data":"fVmLTgMEsKYAdsQXYugK1o3b4Y05Vj+X3Ax9PLEvi8A="}},"cLtYy995Kk38PDR3+iVGPbO7qpivpBn7NsBU1slp//8=":{"valueMac":{"type":"Buffer","data":"9BKHdkFVW7XI2BhEsBmYSd2+KXi2cRKu+cWoflnhsdM="}},"dRx3hv5al/hWUwtRInvds3MK7pD84VNLO/WSZDt+L7E=":{"valueMac":{"type":"Buffer","data":"pHouraLQcBxMKbjNsY2lc70EwjjuaZgxVxwtR9dF3ls="}},"eTzjgc82yuCc0cm3/eCV55GWW1mO5O3V2FtTiLZRI4o=":{"valueMac":{"type":"Buffer","data":"omhUmMebDIFCD3yOS/+pnOuRa9cT37u6WU2jLkub3+c="}},"ieSGWmob3rC3QfPPpDN6IY9WJ1vb3l/plvS/ZjW42aU=":{"valueMac":{"type":"Buffer","data":"aRMA3HTFSkeoSzJcW3qG3VLwrtYes2G3HK/MLrHEv1w="}},"nWqHNJMz+v5j7V5rG7v/cBMG2wDg62nlgCl/QZXp4ok=":{"valueMac":{"type":"Buffer","data":"CbIhjHIqM6qxfgvnbeia6uDLqfpjVVqR/hu3ZzXgBRg="}},"oCLH5cnM82JwXwON9ihJ8+zuwdqEXSCXq9B0KhkYEw0=":{"valueMac":{"type":"Buffer","data":"1J2MQ/iFYfgCR2dmitkwDmFN3sTob/jkDYljTphuwBY="}},"pEbXqzx4NM+EMKBZ990vjh/4OndtNyuAsVBpwKs3t44=":{"valueMac":{"type":"Buffer","data":"Onymu81VzCDfucyxJig/Da8OS8S12XJ0UGGp27lRUkQ="}},"rCzQ0hvq3044uC+sSHnIyzk2Ue4mRcoE1/tnsXxlqW4=":{"valueMac":{"type":"Buffer","data":"ZwgyL7ns1O6b/zGz9Zbx+HRwYZZp4bGcA8OWmKGkA10="}},"rQNXvh3qr+UKJwIvYF8cUKwWrQmKE2wD30XXuXC07AI=":{"valueMac":{"type":"Buffer","data":"Ocmjlqjzuu42PbY5+aBO8Z/CbhIeu6IrVhvBi69HDPQ="}},"sG8dxwevmKdQ0a5J6IWwhPi7Vo534dErXVbRD/Vjx/M=":{"valueMac":{"type":"Buffer","data":"OZ5WoX7oFou+P/SU+fqrNmh8Q59tE0mcRTp1TugJPfQ="}},"tdLLJCqBKEiPJDnSMZJ7GxcE9CXSE31KSDFDVdgxY9k=":{"valueMac":{"type":"Buffer","data":"kVHY5JAyioeTr0jvXKDNEfsrM6kZ17oFFpc3x1T1s0w="}},"twYOCg/uTmZAnysmd994c3b8qECxNl351rx+voNc+RY=":{"valueMac":{"type":"Buffer","data":"/6i4bGbT7LLfpy5rJmTt0kaz3jd2wBeHV/MtWExPoTk="}},"6R83nPuSCf8nBtb+VvHjgrQA0QBppDTg5Z8jDkFEe2E=":{"valueMac":{"type":"Buffer","data":"J2VJ/hZ7X1AeX9X9ysOLIDEqNmGiAVKDNPY4odwK9SM="}},"f4c/Izsud0wbTEgypktg8D+UZASrEYLNvURbQ1LYLzk=":{"valueMac":{"type":"Buffer","data":"2l/8a/XTvOf2vG0B2hL/fa2btJC29d5qOJ0gWvEs/6E="}},"2YsTxOrMuwr3fd7nl+mpfFhGpEe9ZhCvkD9gETHDhx0=":{"valueMac":{"type":"Buffer","data":"rwNAcyr6pN3c40n8DB9M5VGr6uRJx2c6bVWD5yED1Fo="}},"ySZFqUrx6LGRCUiC1Nt8okODmTO+L/PbPUwgFc4KqCk=":{"valueMac":{"type":"Buffer","data":"N3QfbCLmQvogzt5ceB4VqEHWRqs8Bz2BXMbWyClFrHQ="}},"a96VeANtOjnNlfJTXyLSU0smFaNq3d291Ye9G5Tg1vc=":{"valueMac":{"type":"Buffer","data":"gOsQLp5KaspR5IAWzNRcOnFBFPAankmo3OrmWO89TBQ="}},"xwU/Xx6/pj96R1OIWfmgl/k0PYy+6ApVGWTig2YLPsk=":{"valueMac":{"type":"Buffer","data":"W0zqJ3W4Srt9wjDmVnVHCBmGbJ/VKpSVDusRJ+YLVvA="}},"pswr6CUAb6YmvaJ3Ln4P6q/jC3frJC7+nc52pRrnYNA=":{"valueMac":{"type":"Buffer","data":"sxA4N9cb9cZ/Y4zI2+u4NSXVljd6ciCnbZQwb/HkM8A="}},"pDoBQLyj+BnB1PJEHEPCNMFmGX65meEcsTUqvZu/ARs=":{"valueMac":{"type":"Buffer","data":"M8DmrOZc7zBmrPelcK2r7RI3yQtmhEIel705MlLzajc="}},"s3DjmaJNmLLUD+bPZcuokL9PbVYNTGRTc1GRfsStnSk=":{"valueMac":{"type":"Buffer","data":"pH3BfnDUpRJhG4pRrGN9KDlUrkb1RZzNONJVrW3IWFw="}},"BbRQW/05lMkUm30UAwW6UJhs1lU36vCRSaKQI864fuY=":{"valueMac":{"type":"Buffer","data":"9lepnhU699n5AJwqIvfg5mcKMfbKB6txpt2YdI7uJW4="}},"ce1VSj1Oc8g8td2ViWRzjgT7Ttd1B7VLXIYTh9PUzug=":{"valueMac":{"type":"Buffer","data":"z3AUydTe1aZybAt3c1eL9BVCVek3CThuWQVKwdJw5l0="}},"e8BuZVCUqRboXty0hf2yxth6s+oshl1KQWSww3S/aTw=":{"valueMac":{"type":"Buffer","data":"5dgwj7+JZjcd8lDm71CRPTfRpQzAQ+rzLRxAsuLCKXQ="}}}}