{"noiseKey":{"private":{"type":"Buffer","data":"QHtkzCVWao9p2peBB4q6+ibNQDuhhecHPW9QcZWkg1E="},"public":{"type":"Buffer","data":"FzBEMuFF8wH/dqs5EWiYbv+Q351fhjU7b/1+C7REJR0="}},"pairingEphemeralKeyPair":{"private":{"type":"Buffer","data":"OGPklze+MmyUul1dOwJW1UCg6WoxZbP/WAMgJT4r1Us="},"public":{"type":"Buffer","data":"q0EBR5Kk/TKEpAH7tL+chJIOP+yVu0i2FOLiSwfNOiU="}},"signedIdentityKey":{"private":{"type":"Buffer","data":"KMsn9Q5iSbSaMePIv5wg146Q6xiqd3Din8myT2VcEFo="},"public":{"type":"Buffer","data":"ja4gqBVqMMcA1hOso4HjuUnaxqzW5H0EQIXhbttRbzw="}},"signedPreKey":{"keyPair":{"private":{"type":"Buffer","data":"WBXQyXwpOtUuWTNHQy7YoXMw16fjCsR/I/duy9ozN2c="},"public":{"type":"Buffer","data":"lUF/fyp+mWmRA9MwMvje7vuKiC8ADqmfBeXk9rNeQgc="}},"signature":{"type":"Buffer","data":"EITUKsAyxxTWu/sTfGAHYV8tQ6o6nLv4maQm6Bg4CsH6tF42HpdK4n0Re2PhGGEBWYwCLhsDYLLd9QPJGDfLAA=="},"keyId":1},"registrationId":0,"advSecretKey":"vBuuPqJXJYdrshytGlZ+ZhsmXyzo2DRHE86wGwmziO0=","processedHistoryMessages":[{"key":{"remoteJid":"6285183352262@s.whatsapp.net","fromMe":true,"id":"2E12D82D4AC2BD4CD1EED8118833E4E9"},"messageTimestamp":1733137925},{"key":{"remoteJid":"6285183352262@s.whatsapp.net","fromMe":true,"id":"03F0819FBF7E3177571268D62F345C53"},"messageTimestamp":1733137925},{"key":{"remoteJid":"6285183352262@s.whatsapp.net","fromMe":true,"id":"3F90933EC3515F83F4F106FFE2CB648C"},"messageTimestamp":1733137936},{"key":{"remoteJid":"6285183352262@s.whatsapp.net","fromMe":true,"id":"364AE3233EF8C51BFEE426AAB79388ED"},"messageTimestamp":1733137937},{"key":{"remoteJid":"6285183352262@s.whatsapp.net","fromMe":true,"id":"F2DFF8D3DA8C35B6F4A04793BC97596E"},"messageTimestamp":1733137945}],"nextPreKeyId":63,"firstUnuploadedPreKeyId":63,"accountSyncCounter":1,"accountSettings":{"unarchiveChats":false},"deviceId":"0iQWSLaTTDeo0eetU9BXHA","phoneId":"b97f0625-31fd-4242-9696-43f4adfc4cbe","identityId":{"type":"Buffer","data":"eJ+DFiV5QuVaizbzj9UPO3ixMr4="},"registered":false,"backupToken":{"type":"Buffer","data":"os7becxVDIdqCiw0yX83URky+34="},"registration":{},"account":{"details":"COCv3LEEEPqrtroGGCcgACgA","accountSignatureKey":"6k1F5kDDZD9zg4jLUUMstSS7P05dc3tE85tFt14SoQk=","accountSignature":"Fz/9lMajfPoic52crTV6hUKUdSFNs+QeKJxcV9gpgdu2Bsp25nmr+esRoDOxsXCEdjkZTdaSGOAYTLNueGUOAw==","deviceSignature":"HX9jA71/Xx2c5OIG+GIXRPdDSg3T9N16oWtM6rzeba+KUmvaFUQW5pu/+tqzi/Q5ajaua9M9xf+fyC80yRPeBw=="},"me":{"id":"6285183352262:37@s.whatsapp.net","name":"wbk","lid":"163849244291227:37@lid"},"signalIdentities":[{"identifier":{"name":"6285183352262:37@s.whatsapp.net","deviceId":0},"identifierKey":{"type":"Buffer","data":"BepNReZAw2Q/c4OIy1FDLLUkuz9OXXN7RPObRbdeEqEJ"}}],"platform":"smba","lastAccountSyncTimestamp":1733137923,"myAppStateKeyId":"AAAAAACH"}