[{"senderKeyId":864351215,"senderChainKey":{"iteration":4671,"seed":"Go2bGzkkK528wxINiJLEPHkVhj/pPOfktLi+dwGwTU4="},"senderSigningKey":{"public":"BccOvSVRTTeMq0zRH9Dz+pBmam0FUqEOxoar+If/5Ztn"},"senderMessageKeys":[{},{},{},{},{},{},{},{},{}]},{"senderKeyId":864351215,"senderChainKey":{"iteration":4663,"seed":"azcalcm9kwL20NATXd30mOkTHeHkVgDRNwUfHBF1ivc="},"senderSigningKey":{"public":"BccOvSVRTTeMq0zRH9Dz+pBmam0FUqEOxoar+If/5Ztn"},"senderMessageKeys":[]},{"senderKeyId":864351215,"senderChainKey":{"iteration":4665,"seed":"AmADR+iT4zyQTefcdo9Wkt9Vy1VLMk3FkschBFBaS3I="},"senderSigningKey":{"public":"BccOvSVRTTeMq0zRH9Dz+pBmam0FUqEOxoar+If/5Ztn"},"senderMessageKeys":[]},{"senderKeyId":864351215,"senderChainKey":{"iteration":4667,"seed":"1BdbCSpytHXAmaH+/h1ohMatx4Haf+cuE4qUZA0CdF4="},"senderSigningKey":{"public":"BccOvSVRTTeMq0zRH9Dz+pBmam0FUqEOxoar+If/5Ztn"},"senderMessageKeys":[]},{"senderKeyId":864351215,"senderChainKey":{"iteration":4669,"seed":"+gj1Uf8pUv02iusP5gcnGFEQL5hMc9Jn3ML43T1wEms="},"senderSigningKey":{"public":"BccOvSVRTTeMq0zRH9Dz+pBmam0FUqEOxoar+If/5Ztn"},"senderMessageKeys":[]}]