[{"senderKeyId":1189053239,"senderChainKey":{"iteration":1,"seed":"1Z7YjcwUYbDkhOnPKaneFKj6vaZWpTI4mh0JPjiphB4="},"senderSigningKey":{"public":"BV5ugjN4ID1drFkUDmioFpoGbJI8IucOpMzii/BmpnQv"},"senderMessageKeys":[]},{"senderKeyId":236647189,"senderChainKey":{"iteration":6,"seed":"2+jLlsw4r3VdAVNbYGEw7NDGYmYtyyd7gBw24ultcEw="},"senderSigningKey":{"public":"BXoj+tx/vKshL35aDU/OxKb48OMXCzYktIZtzI9JQK8D"},"senderMessageKeys":[]},{"senderKeyId":236647189,"senderChainKey":{"iteration":3,"seed":"erOltEC8yxWYvL3tN/X/67lz1uQZq241wxgJ8JTssp0="},"senderSigningKey":{"public":"BXoj+tx/vKshL35aDU/OxKb48OMXCzYktIZtzI9JQK8D"},"senderMessageKeys":[]}]