[{"senderKeyId":1213073015,"senderChainKey":{"iteration":327,"seed":"MbwoEPk0BzOrXY/7nxkLTJAtSLrVTnXVgyjhxrahGJw="},"senderSigningKey":{"public":"BTcxjaQslqmWkYWgU/U6RECGGQHHWaT5WZZkm+Hp8PhJ"},"senderMessageKeys":[{},{},{},{},{},{},{},{},{},{},{},{},{},{},{},{},{},{},{},{},{},{},{},{},{},{},{},{},{},{},{},{},{},{},{},{},{},{},{},{},{},{},{},{},{},{},{},{},{},{},{},{},{},{},{},{},{},{},{},{},{},{},{},{},{},{},{},{},{},{},{},{},{},{},{},{},{},{},{},{},{},{},{},{},{},{},{},{},{},{},{},{},{},{},{},{},{},{},{},{},{},{},{},{},{},{},{},{},{},{},{},{},{},{},{},{},{},{},{},{},{},{},{},{},{},{},{},{},{}]},{"senderKeyId":1213073015,"senderChainKey":{"iteration":223,"seed":"A2kKvgcUl/ZzTyJmXDi1RmESDGaKAzAqbrBjqOVPh6s="},"senderSigningKey":{"public":"BTcxjaQslqmWkYWgU/U6RECGGQHHWaT5WZZkm+Hp8PhJ"},"senderMessageKeys":[]},{"senderKeyId":1213073015,"senderChainKey":{"iteration":239,"seed":"m1Qqxd/GxmOgY4YNHl8y9qunwfctTuyalDGfXWDGKgs="},"senderSigningKey":{"public":"BTcxjaQslqmWkYWgU/U6RECGGQHHWaT5WZZkm+Hp8PhJ"},"senderMessageKeys":[]},{"senderKeyId":1213073015,"senderChainKey":{"iteration":315,"seed":"vrifbw+FtpPVHGl5EosSio9A7xlj4aDpptyrze2BZyk="},"senderSigningKey":{"public":"BTcxjaQslqmWkYWgU/U6RECGGQHHWaT5WZZkm+Hp8PhJ"},"senderMessageKeys":[]},{"senderKeyId":1213073015,"senderChainKey":{"iteration":325,"seed":"W/SPYLcvt+d6D/qXhTvKOZ9rOEUWrrRS1JuX7CaHjxU="},"senderSigningKey":{"public":"BTcxjaQslqmWkYWgU/U6RECGGQHHWaT5WZZkm+Hp8PhJ"},"senderMessageKeys":[]}]