[{"senderKeyId":459426743,"senderChainKey":{"iteration":77,"seed":"34cEWfNhx93akaFJDK9CpnlMUObltZlrBic6GiTYIfM="},"senderSigningKey":{"public":"BQt/BfFonDelUdsj0OhExfS46OzwsUKhDRScXGY+aphN"},"senderMessageKeys":[{},{},{},{},{},{},{},{},{},{},{},{},{},{},{},{},{},{},{},{},{},{},{},{},{},{},{},{},{},{},{},{},{},{},{},{},{},{}]},{"senderKeyId":459426743,"senderChainKey":{"iteration":1,"seed":"xiRvPeCh/YDU4ZsA/SYmBAKUYGQQBEbzkjurxZQ9lCE="},"senderSigningKey":{"public":"BQt/BfFonDelUdsj0OhExfS46OzwsUKhDRScXGY+aphN"},"senderMessageKeys":[]}]