[{"senderKeyId":177386127,"senderChainKey":{"iteration":151,"seed":"4lWcrCeYlQRTckaZ7GjkX6p3w5itdB6HXBOZbAeG7uQ="},"senderSigningKey":{"public":"BZ/Uc+emreq3qLpKe2Ox/T4ChN+D9wS+R3x9ZaK/Y08n"},"senderMessageKeys":[{},{},{},{},{},{},{},{},{},{},{},{},{},{},{},{},{},{},{},{},{},{},{},{},{},{},{},{},{},{},{},{},{},{},{},{},{},{},{},{},{},{},{},{},{},{},{},{},{},{},{},{},{},{},{},{},{},{},{},{},{},{},{},{},{},{},{},{},{},{},{},{},{},{},{},{},{},{},{},{},{},{},{},{},{},{},{},{},{},{},{},{},{}]},{"senderKeyId":177386127,"senderChainKey":{"iteration":63,"seed":"FAHqCTcLGohuybPW5HphzAjMx51qwhfhYlna7Hif4M8="},"senderSigningKey":{"public":"BZ/Uc+emreq3qLpKe2Ox/T4ChN+D9wS+R3x9ZaK/Y08n"},"senderMessageKeys":[]},{"senderKeyId":177386127,"senderChainKey":{"iteration":71,"seed":"37wg138XAGDd8pvKntwt3hTYj8fcxtbZ2QCTPgaZoIA="},"senderSigningKey":{"public":"BZ/Uc+emreq3qLpKe2Ox/T4ChN+D9wS+R3x9ZaK/Y08n"},"senderMessageKeys":[]},{"senderKeyId":177386127,"senderChainKey":{"iteration":79,"seed":"/LhsTKEkfN7WrcQhb045Ri/4qn4HOXK1LG4z1YrC0vY="},"senderSigningKey":{"public":"BZ/Uc+emreq3qLpKe2Ox/T4ChN+D9wS+R3x9ZaK/Y08n"},"senderMessageKeys":[]},{"senderKeyId":177386127,"senderChainKey":{"iteration":135,"seed":"48FWsqNONZ9OHTZA+Nefgk2GGSVRlkBvMtZXqp9O9FA="},"senderSigningKey":{"public":"BZ/Uc+emreq3qLpKe2Ox/T4ChN+D9wS+R3x9ZaK/Y08n"},"senderMessageKeys":[]}]