[{"senderKeyId":882749568,"senderChainKey":{"iteration":393,"seed":"Pj6HmtYlOpru5UO5ibrnMY6MnJhhBzSwEYXctcS3YvA="},"senderSigningKey":{"public":"BZ+PXpn8EgQHIl82G02pbcanIGqNzrvW7VbTlK/vyf4b","private":"gJY+CdiSh8XAeqxCEtFj1uvvLIG5kiDPuK3nDqWXwGQ="},"senderMessageKeys":[{},{},{},{},{},{},{},{},{},{},{},{},{},{},{},{},{},{},{},{},{},{},{},{},{},{},{},{},{},{},{},{},{},{},{},{},{},{},{},{},{},{},{},{},{},{},{},{},{},{},{},{},{},{},{},{},{},{},{},{},{},{},{},{},{},{},{},{},{},{},{},{},{},{},{},{},{},{},{},{},{},{},{},{},{},{},{},{},{},{},{},{},{},{},{},{},{},{},{},{},{},{},{},{},{},{},{},{},{},{},{},{},{},{},{},{},{},{},{},{},{},{},{},{},{},{},{},{},{},{},{},{},{},{},{},{},{},{},{},{},{},{},{},{},{},{},{},{},{},{},{},{},{},{},{},{},{},{},{},{},{},{},{},{},{},{},{},{},{},{},{},{},{},{},{},{},{},{},{},{},{},{},{},{},{},{},{},{},{},{},{},{},{},{},{},{}]}]