[{"senderKeyId":1070591146,"senderChainKey":{"iteration":1,"seed":"Egd6wmO++itqZMCwGe1/nUpfp/oDhc0hNB00LDQYBGs="},"senderSigningKey":{"public":"BWnqU7YDq11E9L/hOEmhwDJj/mQUVmIbvNl+H6+Bu2cn"},"senderMessageKeys":[]},{"senderKeyId":574250461,"senderChainKey":{"iteration":1,"seed":"L68Y1Zj6RirXzV06rdUm/sv9ry+3snvsSuxhzsIooxg="},"senderSigningKey":{"public":"BcXEGWRi3Vp2OOWvXuSqgovCihmScbL3R1o0olZF+G9Q"},"senderMessageKeys":[]},{"senderKeyId":670785586,"senderChainKey":{"iteration":2,"seed":"Vvv0zyF6Bq7T9sXhwCbNmQZ8QS5JSrT2tItLAZfUNwk="},"senderSigningKey":{"public":"BQQjychW/olNU+tDXsEGAtPIcKWKkmRubkfs9uw7o0hl"},"senderMessageKeys":[]},{"senderKeyId":2140021834,"senderChainKey":{"iteration":1,"seed":"UOzKOZspqPlo8iy1rEzAE8UvSJ176uHNslfmq9pBL4E="},"senderSigningKey":{"public":"BXbkbK+9dEyGd8peD1MMDIJzB7eFHlG7z82FUzkxWCYl"},"senderMessageKeys":[]},{"senderKeyId":1056582234,"senderChainKey":{"iteration":5,"seed":"Nl7C4diMdRMm4e0grjkuz2Z+AqGt3f7+CZjMfYi5tE8="},"senderSigningKey":{"public":"Bc2Cq+79W3VQ1fEdVcwoUrnSGLrJa+UkjV0kjPCa3NkZ"},"senderMessageKeys":[]}]