[{"senderKeyId":7414061,"senderChainKey":{"iteration":2,"seed":"1ERdMNdmneGB904AaCzBODxXZCxQGRWXi9j9ouy3BK8="},"senderSigningKey":{"public":"BSXzGSwfC0qO/jncFKAvZZ+QnFvpphgWwxPyulGUURI7"},"senderMessageKeys":[]},{"senderKeyId":1249611505,"senderChainKey":{"iteration":4,"seed":"2wewpwyg7KUIxXZyLy1hTr7x92gx90bvzoGHHIRzmDA="},"senderSigningKey":{"public":"BUCLo/XIsvtHnvMhSbGgA4RTOmVeiXCkEX1ZtO3cc4JP"},"senderMessageKeys":[]},{"senderKeyId":1249611505,"senderChainKey":{"iteration":3,"seed":"ZyEt885tRakAMHujz2kc8RApfnO2/fojjrUmzJMQnXI="},"senderSigningKey":{"public":"BUCLo/XIsvtHnvMhSbGgA4RTOmVeiXCkEX1ZtO3cc4JP"},"senderMessageKeys":[]},{"senderKeyId":1742414575,"senderChainKey":{"iteration":1,"seed":"ppuaaDYSZvXlVpPRoUKgQNgwEjdNsDAOfcNyTGBtMRs="},"senderSigningKey":{"public":"BYL+MShwp2WC5HFIQ1bVJjMI5dAz7IwRw2C7bCszQkJU"},"senderMessageKeys":[]}]