[{"senderKeyId":1650843340,"senderChainKey":{"iteration":101,"seed":"KsUuO/eld8Qq3Ox+oUZWdXeuTUhUkGLCOzMCrWYvHmA="},"senderSigningKey":{"public":"BURom79cwNh6tJ9FtKwphxXjx4c2BMBtMcH75wo66G9B"},"senderMessageKeys":[{},{},{},{},{},{},{},{},{},{},{},{},{},{}]},{"senderKeyId":1650843340,"senderChainKey":{"iteration":87,"seed":"GPhv67dpynlr/8RbQX8VSPe4NEIdnwnRm53LbmjneCg="},"senderSigningKey":{"public":"BURom79cwNh6tJ9FtKwphxXjx4c2BMBtMcH75wo66G9B"},"senderMessageKeys":[]},{"senderKeyId":1650843340,"senderChainKey":{"iteration":93,"seed":"0f8mIIzNa93BpENaExH0DbhOPXORxir0l4CdfIViLug="},"senderSigningKey":{"public":"BURom79cwNh6tJ9FtKwphxXjx4c2BMBtMcH75wo66G9B"},"senderMessageKeys":[]},{"senderKeyId":1650843340,"senderChainKey":{"iteration":95,"seed":"IQoW8w3X4nC/K2HpI5EEvltX1ZmB2FmAcc+3blrKwlw="},"senderSigningKey":{"public":"BURom79cwNh6tJ9FtKwphxXjx4c2BMBtMcH75wo66G9B"},"senderMessageKeys":[]},{"senderKeyId":1650843340,"senderChainKey":{"iteration":97,"seed":"23fpNC/TXo0quS/yfFg3VU4MKHAsSksN54GhRG5Kkss="},"senderSigningKey":{"public":"BURom79cwNh6tJ9FtKwphxXjx4c2BMBtMcH75wo66G9B"},"senderMessageKeys":[]}]