{"_sessions":{"Bf6lTnVZZPfdV2X9nEh3H/Vg0lFDLcVMTI5selYEAy0V":{"registrationId":167,"currentRatchet":{"ephemeralKeyPair":{"pubKey":"BVgCSxTY/RLr6DH0/f8Kyw8n/8T6uBnj7Ex0eEntIkgh","privKey":"yGCvr1hL9SnULJvfemGrK8iHl4kor92R+z/OldgmS2Y="},"lastRemoteEphemeralKey":"BUeQQkwfrQKs5Hj9xaOutfhzqDvnvfTgogJfB3kLYVNH","previousCounter":0,"rootKey":"FGp5tp+QEus47kLeub9BKhJvJPcNhg+Cu5PLRc4x7KA="},"indexInfo":{"baseKey":"Bf6lTnVZZPfdV2X9nEh3H/Vg0lFDLcVMTI5selYEAy0V","baseKeyType":1,"closed":-1,"used":1733208108176,"created":1733208108176,"remoteIdentityKey":"BVEYw9e2y6Gr+o04vdVj6zjZyLgm6sxNPhwKU0m7Wm4M"},"_chains":{"BVgCSxTY/RLr6DH0/f8Kyw8n/8T6uBnj7Ex0eEntIkgh":{"chainKey":{"counter":2,"key":"7WHwKuvn1hVkP2DzAtFz8fzEg0gCw2tW6/IPAts8/pI="},"chainType":1,"messageKeys":{}}},"pendingPreKey":{"signedKeyId":1,"baseKey":"Bf6lTnVZZPfdV2X9nEh3H/Vg0lFDLcVMTI5selYEAy0V"}}},"version":"v1"}