{"_sessions":{"BdEahAomPKpro+9VuJ7RpX1UIXyLZXffxAKAguhoVYsm":{"registrationId":1463902961,"currentRatchet":{"ephemeralKeyPair":{"pubKey":"BRBnFTUwXqkTG8P5NAt00xjdzrEK8tMFj04ZyqW8MKRV","privKey":"kMNhbq86cuWrKwcj3HpYZy4UtZIaga6qqzXIMUrYhUE="},"lastRemoteEphemeralKey":"BWS2UOFy9KnqBe7c+J3r4BLlW/7VcGkkKUYlf6z1Ls84","previousCounter":0,"rootKey":"yrz4xAGEn3Q39epRgxlYa/Gm+VOclo2ddt91r6+plKA="},"indexInfo":{"baseKey":"BdEahAomPKpro+9VuJ7RpX1UIXyLZXffxAKAguhoVYsm","baseKeyType":2,"closed":-1,"used":1733207756604,"created":1733207756604,"remoteIdentityKey":"BRv2Xq15hODG5PPcJBVNDf2IV6Tnocl6In57u5frV3cM"},"_chains":{"BWS2UOFy9KnqBe7c+J3r4BLlW/7VcGkkKUYlf6z1Ls84":{"chainKey":{"counter":0,"key":"/MOfPHqUsXBHadGEs9hLzo54+40opxzq19C29xRnGWk="},"chainType":2,"messageKeys":{}},"BRBnFTUwXqkTG8P5NAt00xjdzrEK8tMFj04ZyqW8MKRV":{"chainKey":{"counter":2,"key":"Rv3mpiFnT61K85cCGe3tvXlWafGPG0JcKg18TnugGUA="},"chainType":1,"messageKeys":{}}}}},"version":"v1"}