{"_sessions":{"BYudiRTsgFdmEc0RN+eg7UaVYpfghVuIMslY6t5fuvkT":{"registrationId":1142470176,"currentRatchet":{"ephemeralKeyPair":{"pubKey":"BXueGo0BNXyjjeuSLaTHIPyTH2cMCKrsugAmW4Zhtk8C","privKey":"KKwGwaNxwflgrALNPM+Z+AIobFPu32mte4xcTX1ut0c="},"lastRemoteEphemeralKey":"Bf2Li4t9RVba/RdISpSJTiZkQs5Q9e8Hl7cUuzwPL9kx","previousCounter":0,"rootKey":"i7XGre8/LxMc6aFjsEY6X55u8rl0NEa4rI4P/KZImn0="},"indexInfo":{"baseKey":"BYudiRTsgFdmEc0RN+eg7UaVYpfghVuIMslY6t5fuvkT","baseKeyType":1,"closed":-1,"used":1733208108542,"created":1733208108542,"remoteIdentityKey":"BW8x8MgLn5Ss7wRcOWWCm3wevZ7QaHm4xAhOssZbD31C"},"_chains":{"BXueGo0BNXyjjeuSLaTHIPyTH2cMCKrsugAmW4Zhtk8C":{"chainKey":{"counter":2,"key":"bQh8fD0FpUTrRvEoKc+PzZcyEOPSjE68gONpBT75dpI="},"chainType":1,"messageKeys":{}}},"pendingPreKey":{"signedKeyId":0,"baseKey":"BYudiRTsgFdmEc0RN+eg7UaVYpfghVuIMslY6t5fuvkT","preKeyId":13491038}}},"version":"v1"}