{"_sessions":{"BdS3P0uzl+nqX4UFZn9dhQ5IICfKw/9LVctMWlQIKz8Z":{"registrationId":59479936,"currentRatchet":{"ephemeralKeyPair":{"pubKey":"BdGc7gqpSCCvlEXp8Q4111wcii5ZcomJHAJjc2ZhYoly","privKey":"iK7LnOwx/iXRQXZTUJMTUdgOWfSZYZ0wxNgTRIJWjUs="},"lastRemoteEphemeralKey":"BelI5C/7GHUNEivjdm20gPdFQDGbzEn9t1mlFcQBfAc3","previousCounter":0,"rootKey":"8JFT9lm5kOcxVbe+Nm7jnJJS4ROyFz+cYtJHlu5F4HM="},"indexInfo":{"baseKey":"BdS3P0uzl+nqX4UFZn9dhQ5IICfKw/9LVctMWlQIKz8Z","baseKeyType":1,"closed":-1,"used":1733208108529,"created":1733208108529,"remoteIdentityKey":"Bd2Lh3ury+8imymCETLJa2TkB9LJu53UrEBhwzi2cxYs"},"_chains":{"BdGc7gqpSCCvlEXp8Q4111wcii5ZcomJHAJjc2ZhYoly":{"chainKey":{"counter":2,"key":"mi+8HSUahAMDvs12CKgAm/VzUXdUkT5gXUzK3/2YNCs="},"chainType":1,"messageKeys":{}}},"pendingPreKey":{"signedKeyId":0,"baseKey":"BdS3P0uzl+nqX4UFZn9dhQ5IICfKw/9LVctMWlQIKz8Z","preKeyId":12549911}}},"version":"v1"}