{"_sessions":{"BYux7Qm/xUnmacZveVvtYU1FXdqnjy5PYTfR/MiK+ngl":{"registrationId":1878898592,"currentRatchet":{"ephemeralKeyPair":{"pubKey":"BeYM/cEcM2zAMvhwcaEoPMLv1x9VH5QpcuaXvRuEoEIF","privKey":"4KLaLOY9YAnpOsYtoecLZj/qMcyJaukK4dYFP4rCMEI="},"lastRemoteEphemeralKey":"BR1/H822X1mBCe7yiIzVg9Yiq8M4RmoRvsCXzH5cbmoF","previousCounter":0,"rootKey":"d3Rg0KaLmIgq9VKQK3z/3w4Pv60opiGUePCaj+JgfQk="},"indexInfo":{"baseKey":"BYux7Qm/xUnmacZveVvtYU1FXdqnjy5PYTfR/MiK+ngl","baseKeyType":1,"closed":-1,"used":1733208108344,"created":1733208108344,"remoteIdentityKey":"Bb5Zwc1r+RY1fC4iMCrHnHj0kZ5amvbDgbubjEVNrdBQ"},"_chains":{"BeYM/cEcM2zAMvhwcaEoPMLv1x9VH5QpcuaXvRuEoEIF":{"chainKey":{"counter":2,"key":"pfdKvvDnDM3C/bhOwCbJAKXVUJCtBYrvYKcwvILadiM="},"chainType":1,"messageKeys":{}}},"pendingPreKey":{"signedKeyId":3,"baseKey":"BYux7Qm/xUnmacZveVvtYU1FXdqnjy5PYTfR/MiK+ngl"}}},"version":"v1"}