{"_sessions":{"BfoQQZgzl++k7nWCh9o1sezX2Ol7DH7evhHN9YiLnKdU":{"registrationId":129,"currentRatchet":{"ephemeralKeyPair":{"pubKey":"BQbvb0aXICE70/j/WkyXKk0SaUF5hx88szJjOr6fdRZq","privKey":"EA6zb8mzs5zA1QDu5a/PFbtTXIi3hwUxL2HlLa7yJFw="},"lastRemoteEphemeralKey":"BSoUNZMOsSueh0qxFSOj4f7O8UlwH3jcyHoAA11S8MEq","previousCounter":0,"rootKey":"xSevLGmHLuLwgGq+LCJb3K0waEviLmgFVXQa8GlMzKk="},"indexInfo":{"baseKey":"BfoQQZgzl++k7nWCh9o1sezX2Ol7DH7evhHN9YiLnKdU","baseKeyType":1,"closed":-1,"used":1733208108243,"created":1733208108243,"remoteIdentityKey":"BdUAI7JxOZszTVlLRMY2pIQBo0Z9FvVJ08QDVZbPHpIj"},"_chains":{"BQbvb0aXICE70/j/WkyXKk0SaUF5hx88szJjOr6fdRZq":{"chainKey":{"counter":2,"key":"g5wfkEpm7V/zld+zFjRgkTi/w19Z7D9jNWuxyItl8T4="},"chainType":1,"messageKeys":{}}},"pendingPreKey":{"signedKeyId":1,"baseKey":"BfoQQZgzl++k7nWCh9o1sezX2Ol7DH7evhHN9YiLnKdU"}}},"version":"v1"}