{"_sessions":{"BdBXsN8ktyu9WZw3Pt8cgBqe/d8DHLjrL+Qlfm8K3NNr":{"registrationId":1780180718,"currentRatchet":{"ephemeralKeyPair":{"pubKey":"BfuoJrbF6VOm/s2IQbT8mrrI9OxWBspge7Ja8oPO1q15","privKey":"2HZ+dpSpMSZINb4E+Wx4skzWTrydeBr2IRQsKBQ05U4="},"lastRemoteEphemeralKey":"BWgXAGrnr6ENt/UZNfm7FM1pc9psAuGXT54X78XNmJEL","previousCounter":0,"rootKey":"D3V3Pn2IHNJlbm+r/b+Y3pJN0fv7YPk7eAsjMhFtTOI="},"indexInfo":{"baseKey":"BdBXsN8ktyu9WZw3Pt8cgBqe/d8DHLjrL+Qlfm8K3NNr","baseKeyType":1,"closed":-1,"used":1733208108776,"created":1733208108776,"remoteIdentityKey":"BajNknVv1Adymzc9rtMiGOTaX/lQUAQOp8ZyW+hUblMY"},"_chains":{"BfuoJrbF6VOm/s2IQbT8mrrI9OxWBspge7Ja8oPO1q15":{"chainKey":{"counter":2,"key":"DkQmu3Qnymv1t4NcB1ZRx4K7XBVogz/eulqCb2JA5jo="},"chainType":1,"messageKeys":{}}},"pendingPreKey":{"signedKeyId":3588757,"baseKey":"BdBXsN8ktyu9WZw3Pt8cgBqe/d8DHLjrL+Qlfm8K3NNr","preKeyId":5965}}},"version":"v1"}