{"_sessions":{"BZbsnidN840TgQorZAS0XSq0Uvvua0CGNhcUsYUzND9t":{"registrationId":1572903239,"currentRatchet":{"ephemeralKeyPair":{"pubKey":"BQF1paL5iaf35vJZ5miL1H5fUBQiF5Tzr5jYbTh3i1gl","privKey":"OIfcYoYgbFO+MlSGHsgjQXOPFKnXdcLeie+4+VmlfXo="},"lastRemoteEphemeralKey":"BZPAIujSi3O+oZrnNCqLOLUacqQd9ETStq0auL5BeRoX","previousCounter":0,"rootKey":"zCZWzeOrvw3sP5DSXxVNTLDFjjI3cuI19Y1hX7uUzSE="},"indexInfo":{"baseKey":"BZbsnidN840TgQorZAS0XSq0Uvvua0CGNhcUsYUzND9t","baseKeyType":1,"closed":-1,"used":1733208108401,"created":1733208108401,"remoteIdentityKey":"BecHUJfDiOmoGpnmlNa5yARTdsAv5xQVtYMphwIGKaEU"},"_chains":{"BQF1paL5iaf35vJZ5miL1H5fUBQiF5Tzr5jYbTh3i1gl":{"chainKey":{"counter":2,"key":"sceB7ePYNLJtCB1ekkceME2EZuj7tyd6QST4CtCZ3dc="},"chainType":1,"messageKeys":{}}},"pendingPreKey":{"signedKeyId":1,"baseKey":"BZbsnidN840TgQorZAS0XSq0Uvvua0CGNhcUsYUzND9t","preKeyId":392}}},"version":"v1"}