{"_sessions":{"BVmgKE04wleU6DLsqFOHUkEFK02KDzUziAHCmjbhQAVu":{"registrationId":161,"currentRatchet":{"ephemeralKeyPair":{"pubKey":"Ba6VpHa+MqBg+thfjff8B4lpErP6X27Mi+xtfUgLnr1Y","privKey":"0CQXJitiGoBYOoIHvyyxQTZBEv4VFULgCPNLB2+kTHU="},"lastRemoteEphemeralKey":"BW5E+LITrrEsy5MU8M7B5SFzA4Mtfqxfkh2J7ar+yD0t","previousCounter":0,"rootKey":"qWfs+B1xkqMA8jXFvyo7O14yJ7B6EtjrsCVEAQC/Z2I="},"indexInfo":{"baseKey":"BVmgKE04wleU6DLsqFOHUkEFK02KDzUziAHCmjbhQAVu","baseKeyType":1,"closed":-1,"used":1733208108328,"created":1733208108328,"remoteIdentityKey":"BVvYr5mXXFbiKj1oo6Urz9lf83+EFMPVCSe9RcqjdQsn"},"_chains":{"Ba6VpHa+MqBg+thfjff8B4lpErP6X27Mi+xtfUgLnr1Y":{"chainKey":{"counter":2,"key":"Od2Y+CPOIRnejJT62O+akWL+38q3q6tZujNIjMUjoTg="},"chainType":1,"messageKeys":{}}},"pendingPreKey":{"signedKeyId":1,"baseKey":"BVmgKE04wleU6DLsqFOHUkEFK02KDzUziAHCmjbhQAVu"}}},"version":"v1"}