{"_sessions":{"BWFxcz5GPbGXdLt5t3U2oaFOU/Lws09jk8oOp7sHykd5":{"registrationId":1023285284,"currentRatchet":{"ephemeralKeyPair":{"pubKey":"BQ6HFYiRkEPYPr9d/MvHsm4jE6EoaksapNDH0j+dM1ph","privKey":"sPK9ApAPwqt97DHU/38m3lnrKuz0rHDYd4DBySEp81w="},"lastRemoteEphemeralKey":"BZ7tnGdA4MtxavAq2zrmGlVi+T+0KEZ20r4alKACPO0l","previousCounter":0,"rootKey":"yyNv2YeOCl86ckIKEtzefLXHyw2CCSuRAFxm1kCGcgY="},"indexInfo":{"baseKey":"BWFxcz5GPbGXdLt5t3U2oaFOU/Lws09jk8oOp7sHykd5","baseKeyType":1,"closed":-1,"used":1733208108783,"created":1733208108783,"remoteIdentityKey":"BToDKB31AZtT2q6biKuHrcfAMGh3NPiSjb7HwoSlhch5"},"_chains":{"BQ6HFYiRkEPYPr9d/MvHsm4jE6EoaksapNDH0j+dM1ph":{"chainKey":{"counter":2,"key":"Gv7iWrcOXcvRZaHsAzWop8tyx0hFCsXEk2iT/bXcbww="},"chainType":1,"messageKeys":{}}},"pendingPreKey":{"signedKeyId":0,"baseKey":"BWFxcz5GPbGXdLt5t3U2oaFOU/Lws09jk8oOp7sHykd5"}}},"version":"v1"}