{"_sessions":{"BXK+scYIZGr3UCx9ds6nvaq9OWgmp/W5vGlNgpN6SA8W":{"registrationId":1812670304,"currentRatchet":{"ephemeralKeyPair":{"pubKey":"BVa0+KusqRAErsIsc4l07jAFuWU3cGYgOd+qQz/iLbJr","privKey":"QMEVUw3MOJTPG5Z5amBAL36UR5KVlPiDTVeqCozX+Hg="},"lastRemoteEphemeralKey":"BSSmO8bWxfG1iUf6M2YXV1uWuRHUsdkmC6muNL8ShtpR","previousCounter":0,"rootKey":"vu0j3rV2/DKZpAUV67TR4KdWrxpFS6dqIZqiWzMTKsM="},"indexInfo":{"baseKey":"BXK+scYIZGr3UCx9ds6nvaq9OWgmp/W5vGlNgpN6SA8W","baseKeyType":1,"closed":-1,"used":1733208108755,"created":1733208108755,"remoteIdentityKey":"BVmfnxIJpx7e6ICUc0xjCz3depY2aPd8psBpKgSwouUv"},"_chains":{"BVa0+KusqRAErsIsc4l07jAFuWU3cGYgOd+qQz/iLbJr":{"chainKey":{"counter":2,"key":"3KMdPR5eTmybrr613FvLuN0feotglSlQJOrL+0kDnmw="},"chainType":1,"messageKeys":{}}},"pendingPreKey":{"signedKeyId":6,"baseKey":"BXK+scYIZGr3UCx9ds6nvaq9OWgmp/W5vGlNgpN6SA8W"}}},"version":"v1"}