{"_sessions":{"BZpqywlaPgLq6ZcT/XLtoRJVNF9oR1Px9keRmp7rp7h5":{"registrationId":889489595,"currentRatchet":{"ephemeralKeyPair":{"pubKey":"BRGeDohKLwTGLakBL7SNiVCy3ZH3Rtn8SR5IEQXUQmQj","privKey":"ON+qOYwYL8KEdU5U9MbNCO1CVIo7ShcvSKO/WBSZ+Hk="},"lastRemoteEphemeralKey":"BYnhvjKKn8DZXr0vB34A+wQBfR7zRWLR/BOVK6KPb8oQ","previousCounter":0,"rootKey":"+kjF0zNqRSlNivryWyH0/NZcb2IXCKg7tdILSoI+xJ4="},"indexInfo":{"baseKey":"BZpqywlaPgLq6ZcT/XLtoRJVNF9oR1Px9keRmp7rp7h5","baseKeyType":1,"closed":-1,"used":1733208108662,"created":1733208108662,"remoteIdentityKey":"BXjTdguaRJZBVMijzONCKTwxph96oPXgp1bNFjwaL2BO"},"_chains":{"BRGeDohKLwTGLakBL7SNiVCy3ZH3Rtn8SR5IEQXUQmQj":{"chainKey":{"counter":2,"key":"6x1fIMjrl1b+Rn+rwXHEwZP20WauinQm6vRvSJOrHws="},"chainType":1,"messageKeys":{}}},"pendingPreKey":{"signedKeyId":2,"baseKey":"BZpqywlaPgLq6ZcT/XLtoRJVNF9oR1Px9keRmp7rp7h5","preKeyId":2132738}}},"version":"v1"}