{"_sessions":{"Bap10OBrnpymoD3LgIAYHaDBVXvvMdUnlSb14CgyVXdb":{"registrationId":1075599661,"currentRatchet":{"ephemeralKeyPair":{"pubKey":"BbF1IAH9FZXPCTGA2O0MPFqd14Mko1tsnr3g5uxruodI","privKey":"UAXWqjaCrC5jrKQd5VC92zcl6In1z0sopZ0AD+9GVXo="},"lastRemoteEphemeralKey":"BRMY5dKyVvSE16PxPvG1Gs2b4yTqOspGVOCdMuPlselW","previousCounter":0,"rootKey":"OJP8qOee4zfm6Nfm0JVudKyWjXoHwXpLm+xJ7emaU0M="},"indexInfo":{"baseKey":"Bap10OBrnpymoD3LgIAYHaDBVXvvMdUnlSb14CgyVXdb","baseKeyType":2,"closed":-1,"used":1733207754488,"created":1733207754488,"remoteIdentityKey":"BYIVtpgIUqxW2mPjTS8/iTSTodcNKgE37/KqBd7kDFlj"},"_chains":{"BRMY5dKyVvSE16PxPvG1Gs2b4yTqOspGVOCdMuPlselW":{"chainKey":{"counter":0,"key":"7/1qps6Cd5ocrxv+gokBt71M/Ohu88+nrMzGuTG9/2s="},"chainType":2,"messageKeys":{}},"BbF1IAH9FZXPCTGA2O0MPFqd14Mko1tsnr3g5uxruodI":{"chainKey":{"counter":2,"key":"EpDy9Pwjxyzr1mBjIb5WdsLwswjXkgIwZewm13ei0P0="},"chainType":1,"messageKeys":{}}}}},"version":"v1"}