{"_sessions":{"BQlX1vvEMTjkU8jszhf4OrudPO1JtAhyf5iMRk9VdJM7":{"registrationId":85,"currentRatchet":{"ephemeralKeyPair":{"pubKey":"BUWP11QqSn4uydM7i82ulaas3VoQ6yGpORQv23q2egIq","privKey":"gMBiUzDBVnUcVGAyVz8In+ZJJ0o7Lk+UIu2KCOT/DWQ="},"lastRemoteEphemeralKey":"BfYBhJknCrhwozhDdG/1Q4kdFb+C10Ev4QgsdlUjZ+dx","previousCounter":0,"rootKey":"M6maIs5HQoGCXvA9v82oGlb4L2i1If7TJ2wVNhWllsQ="},"indexInfo":{"baseKey":"BQlX1vvEMTjkU8jszhf4OrudPO1JtAhyf5iMRk9VdJM7","baseKeyType":2,"closed":-1,"used":1733207767060,"created":1733207767060,"remoteIdentityKey":"BfKiPF0lB9wmc9q3U8mI2ex1hnWeDbl5L3T/+MU14u9J"},"_chains":{"BfYBhJknCrhwozhDdG/1Q4kdFb+C10Ev4QgsdlUjZ+dx":{"chainKey":{"counter":0,"key":"Dx9v3jpRcEXk2zSXON1SMXSgmwcZrmycMMGVIgscV6c="},"chainType":2,"messageKeys":{}},"BUWP11QqSn4uydM7i82ulaas3VoQ6yGpORQv23q2egIq":{"chainKey":{"counter":-1,"key":"JPM9/f9si5v8X+mrrHusNMVroBEBvNix7P6aMXSKTpA="},"chainType":1,"messageKeys":{}}}}},"version":"v1"}