{"_sessions":{"BYDGQ+tfWQGi8V7jV3S6OP3saNMdXvY+th23KEL3JwZx":{"registrationId":2028108492,"currentRatchet":{"ephemeralKeyPair":{"pubKey":"BamIBdT2IlSMZRpr9zfR18auKh/CBzWYwXHIOrEupAAH","privKey":"GDrMqjHwRuRauSSi/ESh54lNt/kLqJf7MMgI6PnSzUI="},"lastRemoteEphemeralKey":"BXwKGugX/A3+bD4PYPWZA/szC2a3ntQAGxaHy+lCXOhR","previousCounter":0,"rootKey":"QTWD01xMcg+19SEhyifpVE1yDbEipAW7e1sLmmpXpsY="},"indexInfo":{"baseKey":"BYDGQ+tfWQGi8V7jV3S6OP3saNMdXvY+th23KEL3JwZx","baseKeyType":1,"closed":-1,"used":1733208108718,"created":1733208108718,"remoteIdentityKey":"BfPRUCAeIsJpAyU5RdG54SYCcZuGWeAdC2tEyj/k1UZ9"},"_chains":{"BamIBdT2IlSMZRpr9zfR18auKh/CBzWYwXHIOrEupAAH":{"chainKey":{"counter":2,"key":"ip24cP5LD+fLliOL8tCJ+UBNa5LiAzM8wP+0ck/T/+o="},"chainType":1,"messageKeys":{}}},"pendingPreKey":{"signedKeyId":6,"baseKey":"BYDGQ+tfWQGi8V7jV3S6OP3saNMdXvY+th23KEL3JwZx","preKeyId":5539725}}},"version":"v1"}