{"_sessions":{"BdEE+HlblURMez6170WPR8O39iSXuF49iEHnQznTrpVI":{"registrationId":1007831489,"currentRatchet":{"ephemeralKeyPair":{"pubKey":"Bb1bcDykIK6e1wWV5yGhDdzS0C7xCBHvQ9yYlA1pdu4Q","privKey":"wJqH1pWgO1iQQbW/6WyxyPHlMTIyKIWBKx2lsU601EQ="},"lastRemoteEphemeralKey":"BQ5Spzz8pn5mR882AH85E51HainvDvPqKXf0SMgtb5Rj","previousCounter":0,"rootKey":"PoT8NV6708u3U+nG0O96Bk17tXmJyMWLYAZahTN0R4Q="},"indexInfo":{"baseKey":"BdEE+HlblURMez6170WPR8O39iSXuF49iEHnQznTrpVI","baseKeyType":1,"closed":-1,"used":1733208108590,"created":1733208108590,"remoteIdentityKey":"BWBdFJLRkgUy3QopiBoLCAdN7ZpLN3QOoZjxDWFiNBBi"},"_chains":{"Bb1bcDykIK6e1wWV5yGhDdzS0C7xCBHvQ9yYlA1pdu4Q":{"chainKey":{"counter":2,"key":"Bi7cXy7hRzMuMioWEJWVqlQVXL7x3KtsSmDXv8RN/yE="},"chainType":1,"messageKeys":{}}},"pendingPreKey":{"signedKeyId":4,"baseKey":"BdEE+HlblURMez6170WPR8O39iSXuF49iEHnQznTrpVI","preKeyId":15485971}}},"version":"v1"}