{"_sessions":{"BarsVOAQtY4+tklLJjWby2dPzMDgYqZ+HuV0JUfsZaxt":{"registrationId":640634694,"currentRatchet":{"ephemeralKeyPair":{"pubKey":"Bb8sOr8Oix//jIDahpkYTKgNGrSFtFNLcCqQmMM30m5n","privKey":"SA4NaFQa+F4UZ9JcPdz9NcdbapUSFlK7M8X1bLXqpGA="},"lastRemoteEphemeralKey":"BWeHPv9ZtnxLpAHirYRvvuZLAxy4iBlZjJIpQFKXmfMJ","previousCounter":0,"rootKey":"i6xRQS1ZpoKblax/l4ceO6R1KVm5kSmtW7oCIPr1IJE="},"indexInfo":{"baseKey":"BarsVOAQtY4+tklLJjWby2dPzMDgYqZ+HuV0JUfsZaxt","baseKeyType":2,"closed":-1,"used":1733207761308,"created":1733207761308,"remoteIdentityKey":"Bc+aOri2lZwYQ8X8pKoQo9zwPfcD8/kWTyQml13qrx1Z"},"_chains":{"BWeHPv9ZtnxLpAHirYRvvuZLAxy4iBlZjJIpQFKXmfMJ":{"chainKey":{"counter":0,"key":"jcgJYlzgcrGHoBTUr4BjWOvXSIEAZ1XPPjX99KipKGE="},"chainType":2,"messageKeys":{}},"Bb8sOr8Oix//jIDahpkYTKgNGrSFtFNLcCqQmMM30m5n":{"chainKey":{"counter":2,"key":"kSXEjHt6pyfsTk5q60O2Wy7xtb0zUo/EM0webLYyuHY="},"chainType":1,"messageKeys":{}}}}},"version":"v1"}