{"_sessions":{"BQ/OqpCQmve2XUOhqDLgDKLYgmZRaIHCTiiaqvEa0/p9":{"registrationId":491282226,"currentRatchet":{"ephemeralKeyPair":{"pubKey":"BTFWnAdsmVWiiVE7V2I25ARLli2/jaMP3UcfMEZ75RRh","privKey":"KMi7TQH7ECjBXIRycjEiQhJ5SexcueLVg5iUBGMKkGU="},"lastRemoteEphemeralKey":"BehOliR6QwhhRkkZZT9HGDgnUa1rZXCQTAn4QsVShkMb","previousCounter":0,"rootKey":"ZHl5VJcRLqNVPScsxQ5Rf+KOJFsl5osUgnHqxgFNKd8="},"indexInfo":{"baseKey":"BQ/OqpCQmve2XUOhqDLgDKLYgmZRaIHCTiiaqvEa0/p9","baseKeyType":1,"closed":-1,"used":1733208108588,"created":1733208108588,"remoteIdentityKey":"BXBw90uN9zUkANloLgGB85jUsgG1QC0Yrwzi1gFWlXhu"},"_chains":{"BTFWnAdsmVWiiVE7V2I25ARLli2/jaMP3UcfMEZ75RRh":{"chainKey":{"counter":2,"key":"wliMsDR0goHQjoeoVepjuWotDYDlc4LkVdOhVS3A0JE="},"chainType":1,"messageKeys":{}}},"pendingPreKey":{"signedKeyId":1,"baseKey":"BQ/OqpCQmve2XUOhqDLgDKLYgmZRaIHCTiiaqvEa0/p9","preKeyId":696048}}},"version":"v1"}