{"_sessions":{"BT9TvxqHxUgAmO+r+SsdSByMPH90Hq0OznCYYbDd7JgF":{"registrationId":1416299744,"currentRatchet":{"ephemeralKeyPair":{"pubKey":"BQPQmXQu3cdhFZT/ATqhm+d8cRLRLG8FkQkMBpRkDAIj","privKey":"+E3D4vGW33kd/ZPKHOEds/d8WAg665GECbwYAuvxXHg="},"lastRemoteEphemeralKey":"BVNNN29GsNLkbdr6v33J0xh+BIkFpdKp0/NPyGe++6dP","previousCounter":0,"rootKey":"fWMnRBaZ0bLOJOeQGjXR3pfDliZirVplgk3TC7VX/fY="},"indexInfo":{"baseKey":"BT9TvxqHxUgAmO+r+SsdSByMPH90Hq0OznCYYbDd7JgF","baseKeyType":1,"closed":-1,"used":1733208108818,"created":1733208108818,"remoteIdentityKey":"BeBN4dFyXGk02J4ZwEFvT46dU0dYCr+wP9nk0RB+Gt1e"},"_chains":{"BQPQmXQu3cdhFZT/ATqhm+d8cRLRLG8FkQkMBpRkDAIj":{"chainKey":{"counter":2,"key":"mSDofgllXZjM1CmdjtDQdzfsfhljs/32w5HkWhMf5SU="},"chainType":1,"messageKeys":{}}},"pendingPreKey":{"signedKeyId":0,"baseKey":"BT9TvxqHxUgAmO+r+SsdSByMPH90Hq0OznCYYbDd7JgF"}}},"version":"v1"}