{"_sessions":{"BW36b0TXOt3y4Ed/dA4fm59KUVBmhOYBqflBzMPGNhth":{"registrationId":520833108,"currentRatchet":{"ephemeralKeyPair":{"pubKey":"BWEmHaVwFbCxa6JqSLDlThkI4C6GYwdlbx3zlp1Bb4cl","privKey":"+EL7Mj9HXGVpfhrQZBP6y+VH4GzoDv3lO+KghI9z73s="},"lastRemoteEphemeralKey":"BfKRj3jNnX4p7cJNt6NlWSCtSD+p21sQXfDDkvuTYyIo","previousCounter":0,"rootKey":"qpL08fiSRmWzlNle/k2oxWUAFE238V7pebFCS+jkWR8="},"indexInfo":{"baseKey":"BW36b0TXOt3y4Ed/dA4fm59KUVBmhOYBqflBzMPGNhth","baseKeyType":1,"closed":-1,"used":1733208108667,"created":1733208108667,"remoteIdentityKey":"BedjA/UvSs4k++6mZsHWoaLlJ2j1z0EC5ujZ3kN+nbsv"},"_chains":{"BWEmHaVwFbCxa6JqSLDlThkI4C6GYwdlbx3zlp1Bb4cl":{"chainKey":{"counter":2,"key":"Fj+/NEAxOxgVLmH8Fc5LbdADkclAUwBdkm/7f/Bd34A="},"chainType":1,"messageKeys":{}}},"pendingPreKey":{"signedKeyId":1,"baseKey":"BW36b0TXOt3y4Ed/dA4fm59KUVBmhOYBqflBzMPGNhth","preKeyId":1168014}}},"version":"v1"}