{"_sessions":{"BUXLgLEKn3wy8lOgsu/lZ35qxNwZOImVbGMOfaZKyTdb":{"registrationId":20,"currentRatchet":{"ephemeralKeyPair":{"pubKey":"BdBW83IQFTsVbhgTS3sCTKoZD7G1smnQrbEa98BaQ2AH","privKey":"4P6Y8srIRKBBKKcv41dE8mz0+eXL8+qKZuD4KawyuGc="},"lastRemoteEphemeralKey":"BeItIZYV/OWRHk2e6Eh670JXRyjInV8mAmbfH1NgtJ4t","previousCounter":0,"rootKey":"phavg8HCjaSwRQE1XDChROYQyj6MdF0OT2TyxfjoYg4="},"indexInfo":{"baseKey":"BUXLgLEKn3wy8lOgsu/lZ35qxNwZOImVbGMOfaZKyTdb","baseKeyType":1,"closed":-1,"used":1733208108241,"created":1733208108241,"remoteIdentityKey":"BRXU2iNo8ojpqB7hUZeVtv7FqS8g27/V8tae+Z6TWphI"},"_chains":{"BdBW83IQFTsVbhgTS3sCTKoZD7G1smnQrbEa98BaQ2AH":{"chainKey":{"counter":2,"key":"kjzeu4t6grH9sPa+Ijy/nTAh1wC9Zp0ypBut2TlvWXY="},"chainType":1,"messageKeys":{}}},"pendingPreKey":{"signedKeyId":1,"baseKey":"BUXLgLEKn3wy8lOgsu/lZ35qxNwZOImVbGMOfaZKyTdb"}}},"version":"v1"}