{"_sessions":{"BbfTsfns57nuy94FBPkaP4cL4PoExCevsJnUARjnAC0R":{"registrationId":1134481177,"currentRatchet":{"ephemeralKeyPair":{"pubKey":"BTR8AWrzXTE5ntKGeDZLYhw1+onQT6a+5A6Clr8tfqAG","privKey":"eECNIe1zH0K254aj0HUtzWrjw33COhsEx044+Db7jkg="},"lastRemoteEphemeralKey":"BVoc6nHDDgNJZFt52YspXoMi8Jipge20vi+iH1UGdzc6","previousCounter":0,"rootKey":"05YoSKJEpnsx4EF+rsOQpTF3D/WWCn6BKROPBywlAKs="},"indexInfo":{"baseKey":"BbfTsfns57nuy94FBPkaP4cL4PoExCevsJnUARjnAC0R","baseKeyType":2,"closed":-1,"used":1733207756270,"created":1733207756270,"remoteIdentityKey":"BSqc/+ZW8IE5dudKeLJE8Z8HJc3xhE66mF4aGss2jZsn"},"_chains":{"BVoc6nHDDgNJZFt52YspXoMi8Jipge20vi+iH1UGdzc6":{"chainKey":{"counter":0,"key":"KdelJZrAPMHEBsKV9O0Jvhzy3qFumfEtRLcsaQFoMf8="},"chainType":2,"messageKeys":{}},"BTR8AWrzXTE5ntKGeDZLYhw1+onQT6a+5A6Clr8tfqAG":{"chainKey":{"counter":2,"key":"kNbVchs+Xo+cV3OmI/MT2QHbU0K/vsRA8f9fP0ZiYoQ="},"chainType":1,"messageKeys":{}}}}},"version":"v1"}