{"_sessions":{"BXr6fPwcBWPwyKv7eU/D19/OJBTTtap1bGaF045F6fdP":{"registrationId":1180378031,"currentRatchet":{"ephemeralKeyPair":{"pubKey":"BQIzDLCwlBwWDeW9glXndTCi8dz/YXBR02vR+qcwSfNZ","privKey":"yI+5gg7XqvI4jlrOxPhvUzU23uxiRUxe01FMRQMLZm0="},"lastRemoteEphemeralKey":"BVVLKFp8ABp/wX63i8pFl8oGJlsqDRYAIbLpGHmbf3J7","previousCounter":0,"rootKey":"v+BKcYDOf25C2VAr4MT+/sVKH8s7M6k4Tq8oKGWPuVk="},"indexInfo":{"baseKey":"BXr6fPwcBWPwyKv7eU/D19/OJBTTtap1bGaF045F6fdP","baseKeyType":1,"closed":-1,"used":1733208108736,"created":1733208108736,"remoteIdentityKey":"BQphnKm/BD4KNA/Z9xcxuScGonUfQxif9GXrxAu8ZYhw"},"_chains":{"BQIzDLCwlBwWDeW9glXndTCi8dz/YXBR02vR+qcwSfNZ":{"chainKey":{"counter":2,"key":"sfuDfvjgsuBIlbGNn5WIr0Dza1DC7i1wOagKp/K1mQk="},"chainType":1,"messageKeys":{}}},"pendingPreKey":{"signedKeyId":8,"baseKey":"BXr6fPwcBWPwyKv7eU/D19/OJBTTtap1bGaF045F6fdP","preKeyId":3302255}}},"version":"v1"}