{"_sessions":{"BYHqJVmkTQ4GED7yFb+rM+vQjhhgw6KoDHvYw670l4sQ":{"registrationId":1728278062,"currentRatchet":{"ephemeralKeyPair":{"pubKey":"BYVJGS3tsBpSuQLPBtY953k7BsNH8SemQSu5LHrGBUhW","privKey":"iPhKm1/Nu8mFM8/Wddys6KicZViMAjjotZTJ4Qn0I3A="},"lastRemoteEphemeralKey":"BU+LLwVkFRMd60vRwk9UbfDC1MxZ9A6gGfhAt81FhcUn","previousCounter":0,"rootKey":"DgHayoSIIhrT1wCUyd16DuwJHZtWdtB+HHaa9RZ4LUg="},"indexInfo":{"baseKey":"BYHqJVmkTQ4GED7yFb+rM+vQjhhgw6KoDHvYw670l4sQ","baseKeyType":1,"closed":-1,"used":1733208108675,"created":1733208108675,"remoteIdentityKey":"BSWsiaQ2s+PU6HJt3x9PeO2U/MgMEGbr9378UzGYLWkj"},"_chains":{"BYVJGS3tsBpSuQLPBtY953k7BsNH8SemQSu5LHrGBUhW":{"chainKey":{"counter":2,"key":"ZO/addi5Lz4Qv2CVCzFxu53T4FwTMwP3rEsFHdcrfwk="},"chainType":1,"messageKeys":{}}},"pendingPreKey":{"signedKeyId":1,"baseKey":"BYHqJVmkTQ4GED7yFb+rM+vQjhhgw6KoDHvYw670l4sQ","preKeyId":3951534}}},"version":"v1"}