{"_sessions":{"BXS3eDgpzKs4YfJJt3Q0mYJyxRD6+cac+aiGLfj2+I0A":{"registrationId":2062875397,"currentRatchet":{"ephemeralKeyPair":{"pubKey":"BbiYVkIZRBGItPwGHtDSy5esSyDNsA/Dvpxb7Z26hocW","privKey":"MEtkD6Pk8wEZP2bs93pNQgGguJ6+EDS14MtD6pxulk8="},"lastRemoteEphemeralKey":"BWjsAVZnyCC3YD2A8+J+AbbLEYV/BojkJrhacHpS6qA6","previousCounter":0,"rootKey":"UsN4oV44QI1rllS43uWcP4pIgsxgwo0J4UkoYo0glc8="},"indexInfo":{"baseKey":"BXS3eDgpzKs4YfJJt3Q0mYJyxRD6+cac+aiGLfj2+I0A","baseKeyType":1,"closed":-1,"used":1733208108567,"created":1733208108567,"remoteIdentityKey":"BTX05Hb5MV32s4O2Xi+HVFjLatTx8gKq2wVpCPVfNbln"},"_chains":{"BbiYVkIZRBGItPwGHtDSy5esSyDNsA/Dvpxb7Z26hocW":{"chainKey":{"counter":2,"key":"7xsnmRjwev5Uiw4+nTF60aMEYF8Y7Qlulx3hHW2lEjA="},"chainType":1,"messageKeys":{}}},"pendingPreKey":{"signedKeyId":0,"baseKey":"BXS3eDgpzKs4YfJJt3Q0mYJyxRD6+cac+aiGLfj2+I0A","preKeyId":15659167}}},"version":"v1"}