{"_sessions":{"Bf93Pf8DPvVekeHfss7sGkRn/dKniG6PxUmgCWb70OR+":{"registrationId":989412107,"currentRatchet":{"ephemeralKeyPair":{"pubKey":"BQPxjob9LHGJf45v1cNJUd2qcFIUiH2RtpXY/Q7caNQK","privKey":"MDbI9RdvDMBmWBEwWxzbJWGm4q8xgnX1jaRb+3MeOlE="},"lastRemoteEphemeralKey":"BYadt3SvL7mrOJjBgq2lJvrbnVNGfs3YdhSIOc4+lAZQ","previousCounter":0,"rootKey":"ve01xvhd7r4GMlRR+bS8tepGY+ix0PEvpnivihK4r7E="},"indexInfo":{"baseKey":"Bf93Pf8DPvVekeHfss7sGkRn/dKniG6PxUmgCWb70OR+","baseKeyType":2,"closed":-1,"used":1733207764460,"created":1733207764460,"remoteIdentityKey":"BbJqUfeW5m6Fw6xidXSh7k3IoT/1Rud4wPJypwjG/R8e"},"_chains":{"BYadt3SvL7mrOJjBgq2lJvrbnVNGfs3YdhSIOc4+lAZQ":{"chainKey":{"counter":0,"key":"wj87tgYYwOLXgjYtdK+OxA9GyTnZd7SdKYn+yy7PuNc="},"chainType":2,"messageKeys":{}},"BQPxjob9LHGJf45v1cNJUd2qcFIUiH2RtpXY/Q7caNQK":{"chainKey":{"counter":2,"key":"BEnuptuYKnMUTx3VUevLJflteQThdhgo1NtBiG/fcmA="},"chainType":1,"messageKeys":{}}}}},"version":"v1"}