{"_sessions":{"BSw5fRKknuOMUceNx5jFAbb5cOeZsl+8St5ARyG8zRdw":{"registrationId":97,"currentRatchet":{"ephemeralKeyPair":{"pubKey":"BbB+28Y+6jSJ34tOaZyMK3UkWD+Q17E271Z8q932WRgp","privKey":"eGxusX8gJmpXmDWNP3wC7gBJnFksQpWF4zWKi3XtlEY="},"lastRemoteEphemeralKey":"BXKSLhgvVKCXz73+vHYyMLRkE/rR98UPZb0N/ZKYHb4X","previousCounter":0,"rootKey":"ANAEyyC46xLGLyzsenNJ+DcRd3AaBwTE5MKSHfSCbuI="},"indexInfo":{"baseKey":"BSw5fRKknuOMUceNx5jFAbb5cOeZsl+8St5ARyG8zRdw","baseKeyType":2,"closed":-1,"used":1733207767324,"created":1733207767324,"remoteIdentityKey":"Bdm4py98bDsQiLe/yqezHb9/d6OyaW5r3cRMtDq78uQC"},"_chains":{"BXKSLhgvVKCXz73+vHYyMLRkE/rR98UPZb0N/ZKYHb4X":{"chainKey":{"counter":0,"key":"wcbPUR9H5Ud7Jh+y3tGxpRHI1G0SPSXb5rJxDfceCJE="},"chainType":2,"messageKeys":{}},"BbB+28Y+6jSJ34tOaZyMK3UkWD+Q17E271Z8q932WRgp":{"chainKey":{"counter":-1,"key":"xZ502VjNZ5DqhkeCIzOvxdUulIrOaFDTAFe3/0ii6J0="},"chainType":1,"messageKeys":{}}}}},"version":"v1"}