{"_sessions":{"BckitKqLS0OLRCmggupP5/lxn8YwAev22QBRexBEsnEJ":{"registrationId":2029501510,"currentRatchet":{"ephemeralKeyPair":{"pubKey":"BcM2KEJ3XVLvbTO2PUs+3L9BiZqZ5VttVyQiQ34oROYB","privKey":"uIUfEIn173zufUfMi6qZNyjg4EJYzE0UeitEOMw5130="},"lastRemoteEphemeralKey":"BbaCAM94rDHC5hWbn/Umk9B0XP7cwl+doAQGQHJOX7M6","previousCounter":0,"rootKey":"5Wz6gbKBfuLiiSFmfVLNnOX0gZLESPc99YBuJxvGeGw="},"indexInfo":{"baseKey":"BckitKqLS0OLRCmggupP5/lxn8YwAev22QBRexBEsnEJ","baseKeyType":1,"closed":-1,"used":1733208108557,"created":1733208108557,"remoteIdentityKey":"BUzqUj7Ck/i2LqTq99e+PRmRvMbWb1fQEM2I71ZR5kpM"},"_chains":{"BcM2KEJ3XVLvbTO2PUs+3L9BiZqZ5VttVyQiQ34oROYB":{"chainKey":{"counter":2,"key":"O5n0NKyKnk8+88i5pCLbGSmcTxYE0OZmRG5TQTk7h3U="},"chainType":1,"messageKeys":{}}},"pendingPreKey":{"signedKeyId":3,"baseKey":"BckitKqLS0OLRCmggupP5/lxn8YwAev22QBRexBEsnEJ","preKeyId":4058982}}},"version":"v1"}