{"_sessions":{"BSlD/rBHBZ814eAscJa02WSOjaLO4VGJqqkv0aQyl29Z":{"registrationId":58103217,"currentRatchet":{"ephemeralKeyPair":{"pubKey":"BWjm1Y3cDxam2AoZAAMN9x6GA3fwWdLKB9/Q+Cbf7m0G","privKey":"CF1fmnkuRSPYwXTPS/rYIxBG/2uKp8JV6PVVqUjvRW8="},"lastRemoteEphemeralKey":"BRseC/iA1HgXoIZvSJu8mVw+F5d92ganbgg7dtsd+Vwl","previousCounter":0,"rootKey":"h2eI+9Ygb4uGl6zkuQvwRSEbWJDWIGIxPH1tQZXSBAY="},"indexInfo":{"baseKey":"BSlD/rBHBZ814eAscJa02WSOjaLO4VGJqqkv0aQyl29Z","baseKeyType":1,"closed":-1,"used":1733208108710,"created":1733208108710,"remoteIdentityKey":"BV2F8TYKkXu+BNDHG8Of0qCkkr2BqgIfGpgzawn31kYY"},"_chains":{"BWjm1Y3cDxam2AoZAAMN9x6GA3fwWdLKB9/Q+Cbf7m0G":{"chainKey":{"counter":2,"key":"qj/9a+zpH3E9hFlMCtjCyGtK4USYWvskpH51zOnv4MA="},"chainType":1,"messageKeys":{}}},"pendingPreKey":{"signedKeyId":0,"baseKey":"BSlD/rBHBZ814eAscJa02WSOjaLO4VGJqqkv0aQyl29Z"}}},"version":"v1"}