{"_sessions":{"BUPtXyGe98F/8XKRX2tNLH0w33RCfuj4eUDYp2HpuxFn":{"registrationId":515471429,"currentRatchet":{"ephemeralKeyPair":{"pubKey":"BX4sPWZ3DCbEOm/+QtZs4LxRt/H83WQyGMwXUPAOu+pV","privKey":"EHhN64JanSFcGGphdaPMLKmEcx/4poa+j9Q791Res3c="},"lastRemoteEphemeralKey":"BdamjRmkIP3UoibtIEysDbtlcI6p6xhsjYEOTpZ4pGNf","previousCounter":0,"rootKey":"vtEP/DbsIaizkfVH3rYdc8VlkSWmG0wv9b3WvL1qlb0="},"indexInfo":{"baseKey":"BUPtXyGe98F/8XKRX2tNLH0w33RCfuj4eUDYp2HpuxFn","baseKeyType":1,"closed":-1,"used":1733208108126,"created":1733208108126,"remoteIdentityKey":"BZpVGRenO9P2c0XUmiYtqgSXiL6+KeejuGJ/FF48SeU6"},"_chains":{"BX4sPWZ3DCbEOm/+QtZs4LxRt/H83WQyGMwXUPAOu+pV":{"chainKey":{"counter":2,"key":"5T3CQKBwOKFR3poVuELU3ZoHgRLjUsE1k5FRN0Kxy7k="},"chainType":1,"messageKeys":{}}},"pendingPreKey":{"signedKeyId":3,"baseKey":"BUPtXyGe98F/8XKRX2tNLH0w33RCfuj4eUDYp2HpuxFn","preKeyId":10372}}},"version":"v1"}