{"_sessions":{"BZ8Vtt2ogv5Cs94aC8K49CG6vmTvuuLLcbMg5FwwxYZy":{"registrationId":592663606,"currentRatchet":{"ephemeralKeyPair":{"pubKey":"Bdlmahckz6odGnuAZ54eF2LtqraTYnkBs0s4AqWMMhIV","privKey":"yKxPmCcjElUeFUsamqvd4Fzr8j+znLIXUpunG3+McGM="},"lastRemoteEphemeralKey":"Bf/zGhX7Uky8JdkpfGDLczFWoAQyU7A9nJmsNhK60z4s","previousCounter":0,"rootKey":"CA7SWyiqeN4a8v3//w95HS13PtSY1Y5XmruUuJB0Pno="},"indexInfo":{"baseKey":"BZ8Vtt2ogv5Cs94aC8K49CG6vmTvuuLLcbMg5FwwxYZy","baseKeyType":1,"closed":-1,"used":1733208108811,"created":1733208108811,"remoteIdentityKey":"BX8ZjoKk21X7Io2cHusT+9YGVgmCPSg3g0S6h9nVGdJM"},"_chains":{"Bdlmahckz6odGnuAZ54eF2LtqraTYnkBs0s4AqWMMhIV":{"chainKey":{"counter":2,"key":"kdG4qV2ZTm+yZ084iRMbCmNgaPe4WOCA41bZqTTgifM="},"chainType":1,"messageKeys":{}}},"pendingPreKey":{"signedKeyId":6,"baseKey":"BZ8Vtt2ogv5Cs94aC8K49CG6vmTvuuLLcbMg5FwwxYZy"}}},"version":"v1"}