{"_sessions":{"BaZMbb8zI1oux3UD+W1H7a3Cx+PTLMjb00ebE42ApOQu":{"registrationId":1720854340,"currentRatchet":{"ephemeralKeyPair":{"pubKey":"BVVlhSBhZIqvcD8HVs4D1yqILSPO/l9go2DAz7JbpPNN","privKey":"QBQ2oEg+h8kbSX6Vx1hZ9oqQ1fu7VQ26gMlR1rtLK2U="},"lastRemoteEphemeralKey":"Bbf3eIZIqF317HKp1ZJrwyK3PGSLdno+NwN06ShH8BEc","previousCounter":0,"rootKey":"MoviXABvsBzVfkTSeNKHMYE+5tKh7ay3g5EEnxwOUAs="},"indexInfo":{"baseKey":"BaZMbb8zI1oux3UD+W1H7a3Cx+PTLMjb00ebE42ApOQu","baseKeyType":2,"closed":-1,"used":1733207764068,"created":1733207764068,"remoteIdentityKey":"BUoQp1v7WdELq7xFp6GBhkJZCS7piPccVy9VZODjNLMK"},"_chains":{"Bbf3eIZIqF317HKp1ZJrwyK3PGSLdno+NwN06ShH8BEc":{"chainKey":{"counter":0,"key":"QmSdwlvHS94hKnvv7UHviixQHtk+x4TRjVbWMpKhsKc="},"chainType":2,"messageKeys":{}},"BVVlhSBhZIqvcD8HVs4D1yqILSPO/l9go2DAz7JbpPNN":{"chainKey":{"counter":2,"key":"iRtBBBAw+5qKsL/9r1dmYL2E8Ds4i+4OP34OAaJzcmo="},"chainType":1,"messageKeys":{}}}}},"version":"v1"}