{"_sessions":{"BQr/Tw86GaFRWPUTBF/6c3TZGbZgn4zrybTJT7DHdkM6":{"registrationId":1855355899,"currentRatchet":{"ephemeralKeyPair":{"pubKey":"BZMtb1ciePLLiqA89tWfHc5Nli/6hvhqrocKRhv5HDtf","privKey":"KJRvx94aiUyV8FWlsLOhxUMYe+3mwwybQsi/etzyBXU="},"lastRemoteEphemeralKey":"BUg0I35+oH24Uq1sNFtCeUckPFh/aaC+pFQc7CPE+eQP","previousCounter":0,"rootKey":"2LtZPDnvtgxmx9+X1hlXuvaR7aYyqID/AYdkwS4T2jo="},"indexInfo":{"baseKey":"BQr/Tw86GaFRWPUTBF/6c3TZGbZgn4zrybTJT7DHdkM6","baseKeyType":1,"closed":-1,"used":1733208108700,"created":1733208108700,"remoteIdentityKey":"Bd+SgECUTEr3fZaSoZBPISZHESVryqd4eQPRgjd8LsQz"},"_chains":{"BZMtb1ciePLLiqA89tWfHc5Nli/6hvhqrocKRhv5HDtf":{"chainKey":{"counter":2,"key":"I6zuoCsXlsnGuAjY0BFFBzqUJvWEpWj0966aKQhI5fY="},"chainType":1,"messageKeys":{}}},"pendingPreKey":{"signedKeyId":20,"baseKey":"BQr/Tw86GaFRWPUTBF/6c3TZGbZgn4zrybTJT7DHdkM6","preKeyId":7821048}}},"version":"v1"}