{"_sessions":{"BXGhldYd4iwZPdP30/Rz+TcH7W8W+TdPJcyk++63SVtk":{"registrationId":138558407,"currentRatchet":{"ephemeralKeyPair":{"pubKey":"BbNpNU3e0+fNC+QG8eZz1bzXItzBfsxV0HE/dhcoG7lS","privKey":"oORgYX9wPrFa0ywmupY1Kd2M5w758Avd3Ab6/VzeJGk="},"lastRemoteEphemeralKey":"BdPV1b/0j1zyajRGzg5OhyyToVBV0x4OpMUQLyAvNIRH","previousCounter":0,"rootKey":"d6qcWYkSoltuokvQLqn7D4Ps1ZNOUt+z1wj9kzREQl4="},"indexInfo":{"baseKey":"BXGhldYd4iwZPdP30/Rz+TcH7W8W+TdPJcyk++63SVtk","baseKeyType":2,"closed":-1,"used":1733207758805,"created":1733207758805,"remoteIdentityKey":"BTJ/N5DHKlONO+S9qZUvTlZYOicvtI5nSIvbZxsyU5U2"},"_chains":{"BdPV1b/0j1zyajRGzg5OhyyToVBV0x4OpMUQLyAvNIRH":{"chainKey":{"counter":0,"key":"7dsZBiuz5xeoTNZqXBxGUE0esh9hzHoHxr5JR23X10Q="},"chainType":2,"messageKeys":{}},"BbNpNU3e0+fNC+QG8eZz1bzXItzBfsxV0HE/dhcoG7lS":{"chainKey":{"counter":2,"key":"JISNQYWu8Er5Dd1TLCbL2j+lddYRzKGwtSMB7IuiNZU="},"chainType":1,"messageKeys":{}}}}},"version":"v1"}