{"_sessions":{"BW/wAWoS9ihPx0UwQYLHQmVeOVv2rukXZ+smOr1BjedE":{"registrationId":1533040413,"currentRatchet":{"ephemeralKeyPair":{"pubKey":"BS0ktGr1Jsn+uJvFBI27eD6HpwHIrt2IeKWhxRcmFNJg","privKey":"MEKDMXxzVipmRlWgxl9e4I2/bIs/OUuqKoJVG6/5vX8="},"lastRemoteEphemeralKey":"BQW9DCdtgw9WGkuBaitOLV0PdHOgOGLTTNd5trUiTa51","previousCounter":0,"rootKey":"48SIlD5icOhq/x8E7tfkbYKrqGbiYuWQ7mbhrh53XAE="},"indexInfo":{"baseKey":"BW/wAWoS9ihPx0UwQYLHQmVeOVv2rukXZ+smOr1BjedE","baseKeyType":1,"closed":-1,"used":1733208108757,"created":1733208108757,"remoteIdentityKey":"BVLku0xjlqiT8TzbLVP1ElTNInFw459iJiF22rGeT1gH"},"_chains":{"BS0ktGr1Jsn+uJvFBI27eD6HpwHIrt2IeKWhxRcmFNJg":{"chainKey":{"counter":2,"key":"HR4yzcrJVokuORZ6QBqXU0B8LQ0WtCQJzZ3FpP0oAaA="},"chainType":1,"messageKeys":{}}},"pendingPreKey":{"signedKeyId":5,"baseKey":"BW/wAWoS9ihPx0UwQYLHQmVeOVv2rukXZ+smOr1BjedE"}}},"version":"v1"}