{"_sessions":{"BVRIX2JA4m/qq/yeiV2nYtNEJMC8CIF2IXE9vui492JU":{"registrationId":201,"currentRatchet":{"ephemeralKeyPair":{"pubKey":"BQFMgKZvl3kJgB05IcbTHByG9uEacUcZG/awqFUlWb4U","privKey":"IATl3GPeiF4tgxxNVK+wjhfZ7DK4SBiTrHt6XrjgM0A="},"lastRemoteEphemeralKey":"BeZxfIuVilc5WOShlQIpc5sj4zcv7NNaDK8I+Gq6KZwF","previousCounter":0,"rootKey":"mH3rU9ErvvrGvHYv+qaNlCh9xodMIk64GaL84mZ3eAY="},"indexInfo":{"baseKey":"BVRIX2JA4m/qq/yeiV2nYtNEJMC8CIF2IXE9vui492JU","baseKeyType":1,"closed":-1,"used":1733208108223,"created":1733208108223,"remoteIdentityKey":"BcO01ZwY+zToCIaALK0wjEDavNjERcP7jnP1JgFlM7By"},"_chains":{"BQFMgKZvl3kJgB05IcbTHByG9uEacUcZG/awqFUlWb4U":{"chainKey":{"counter":2,"key":"CT+OW82qYrf+uublQuQRMBreKBPr+wwkb2uUcXfQad4="},"chainType":1,"messageKeys":{}}},"pendingPreKey":{"signedKeyId":1,"baseKey":"BVRIX2JA4m/qq/yeiV2nYtNEJMC8CIF2IXE9vui492JU","preKeyId":53}}},"version":"v1"}