{"_sessions":{"BYE1wzrkmABJBPXmZAZBRStiSD6aqifLyB1SrCMEIqg9":{"registrationId":1278470620,"currentRatchet":{"ephemeralKeyPair":{"pubKey":"Be9icrsTtiU5P40Mm5+i9N3aozbvNBXXHplGog+znvJN","privKey":"QH3GCahPPETKq989XcTgdROs2eGpqAQG6prxIZS2E2k="},"lastRemoteEphemeralKey":"BS0I/GFZZm/QieTSUH5hqDj0KuQhnbHJCM0bfy3HvkNe","previousCounter":0,"rootKey":"p0jhR2ZO6k8ehKX6/OjZzw95Y3G6ZwazxEOFmwHukqk="},"indexInfo":{"baseKey":"BYE1wzrkmABJBPXmZAZBRStiSD6aqifLyB1SrCMEIqg9","baseKeyType":1,"closed":-1,"used":1733208108721,"created":1733208108721,"remoteIdentityKey":"BUxeW3IX9+oxHSWVMbqHjdeIT4hP50sTSLIe0vwEe6tm"},"_chains":{"Be9icrsTtiU5P40Mm5+i9N3aozbvNBXXHplGog+znvJN":{"chainKey":{"counter":2,"key":"x21enssmPhbFxZaQJcjHSMYo33vExZqm/UYCqxG6Zsc="},"chainType":1,"messageKeys":{}}},"pendingPreKey":{"signedKeyId":0,"baseKey":"BYE1wzrkmABJBPXmZAZBRStiSD6aqifLyB1SrCMEIqg9","preKeyId":8775904}}},"version":"v1"}