{"_sessions":{"BWItwNaFjAW3wGGSJuHhUCoS/xAJlp0B3Y/LA6wAq4s0":{"registrationId":93,"currentRatchet":{"ephemeralKeyPair":{"pubKey":"Babq5NKgVwr3xXkidmma12Iuto6nQxp2yaeZMxxDNjlR","privKey":"YImnin732/yhAbFsBOy8QN+js2Baiybey2LjqNT8jWg="},"lastRemoteEphemeralKey":"BXYbC+eMeo0LrYvSsVatotEN19Fwuo2jqqSAgqdJVSRI","previousCounter":0,"rootKey":"AFEDtvQBJqiQ4eb3aPmLYClTrTLIMuQHKX1h7RdJnlM="},"indexInfo":{"baseKey":"BWItwNaFjAW3wGGSJuHhUCoS/xAJlp0B3Y/LA6wAq4s0","baseKeyType":1,"closed":-1,"used":1733208108069,"created":1733208108069,"remoteIdentityKey":"BeJ+vpTPL9fR/xgoZnXK3igwFAnpDc8mgruUSUhWmpJT"},"_chains":{"Babq5NKgVwr3xXkidmma12Iuto6nQxp2yaeZMxxDNjlR":{"chainKey":{"counter":2,"key":"DfS6BhZlcaTcg5qceUCh4WoBu9EeJo3Yc8VlXwMz61s="},"chainType":1,"messageKeys":{}}},"pendingPreKey":{"signedKeyId":1,"baseKey":"BWItwNaFjAW3wGGSJuHhUCoS/xAJlp0B3Y/LA6wAq4s0"}}},"version":"v1"}