{"_sessions":{"BaUsbrnIvIqUuhJ4YNNADEPDDzJ0zIWb7LfqSb41p8km":{"registrationId":307695217,"currentRatchet":{"ephemeralKeyPair":{"pubKey":"BdQsYIGuzze8NEaFZsB4YBF/sTbWw5DHHKLhfFZnzXRn","privKey":"iJkeebQeN5tbUpH9gxrMMFHXp9O9+RNjby4V4bpSEVg="},"lastRemoteEphemeralKey":"BQedKv82nNlvRA7aliSPl1yFnXYzo5pt/pt+zmQi/OJQ","previousCounter":0,"rootKey":"x7IDssjkIGyTYMbTOjrS57pQfFgQOJsBjxHbGUYBTLs="},"indexInfo":{"baseKey":"BaUsbrnIvIqUuhJ4YNNADEPDDzJ0zIWb7LfqSb41p8km","baseKeyType":2,"closed":-1,"used":1733207770821,"created":1733207770821,"remoteIdentityKey":"BS4hPiRZj2PZj6fbVrWCkKejvXQWOs9Kvpn+Kmgtxmoy"},"_chains":{"BQedKv82nNlvRA7aliSPl1yFnXYzo5pt/pt+zmQi/OJQ":{"chainKey":{"counter":0,"key":"Jsv7JpDZ4F2VlrAOevC4YTvvqTqUZMSv/XYH5HfaREM="},"chainType":2,"messageKeys":{}},"BdQsYIGuzze8NEaFZsB4YBF/sTbWw5DHHKLhfFZnzXRn":{"chainKey":{"counter":2,"key":"DVs1dQuYIJjBJ7NBfK+mPkJnAvdq8FvslgbROK30BUs="},"chainType":1,"messageKeys":{}}}}},"version":"v1"}