{"_sessions":{"BcOk2xlsc8gSuq7CNcXEuKxOiqdrqV215OjO+SZhkmwA":{"registrationId":220,"currentRatchet":{"ephemeralKeyPair":{"pubKey":"BeeQIINhqUz8cacpPmh2jbnwv1BPqhhLh+J/dJzh68Bx","privKey":"SBt8JAlwfjN7p8D/p0QPLZlHwogUH5+IBpDos+VjXl0="},"lastRemoteEphemeralKey":"BVvYx/2WjnPMj0tr4n9YDAD+xyMVOjGek/gPnO7P2EkM","previousCounter":0,"rootKey":"mcxZkP/ycfNRz5GEYtcl+5Qg8CzPIcn+0RgtVoz/gGk="},"indexInfo":{"baseKey":"BcOk2xlsc8gSuq7CNcXEuKxOiqdrqV215OjO+SZhkmwA","baseKeyType":1,"closed":-1,"used":1733208108326,"created":1733208108326,"remoteIdentityKey":"BSlRtcUcqUIN6WJbLKIf/eg91/6gHQ5SUg+U6daKr7pq"},"_chains":{"BeeQIINhqUz8cacpPmh2jbnwv1BPqhhLh+J/dJzh68Bx":{"chainKey":{"counter":2,"key":"O6cJWGHi88bikUipZ+324LpzjVgU9EoqNC7o3bPUl8w="},"chainType":1,"messageKeys":{}}},"pendingPreKey":{"signedKeyId":1,"baseKey":"BcOk2xlsc8gSuq7CNcXEuKxOiqdrqV215OjO+SZhkmwA"}}},"version":"v1"}