{"_sessions":{"BTnn/OmEgr3GVa+jCZPuqbspvbHbl2amj9UeF/Gesdgh":{"registrationId":15935,"currentRatchet":{"ephemeralKeyPair":{"pubKey":"BVInc3tH9d2QjCbYNRKqbLETj9x9V1hpnWDTWIWmlDAv","privKey":"AMVUQuj61pLdk99GpixaM94u1/tdlep7PMITFj81l2w="},"lastRemoteEphemeralKey":"BQQFWY3pyEWXqUH/KMVk5Ctu4bvAsolU0A4NJjVM5/k9","previousCounter":0,"rootKey":"MByCJlSfLBxIYeOmNw83l1ZtLNLGWxcuECooPjiyzSw="},"indexInfo":{"baseKey":"BTnn/OmEgr3GVa+jCZPuqbspvbHbl2amj9UeF/Gesdgh","baseKeyType":1,"closed":-1,"used":1733208108296,"created":1733208108296,"remoteIdentityKey":"Bb4T+1hnQZh5kcORhKmqJL10aR6Y8So7ZyZMiWW1PEor"},"_chains":{"BVInc3tH9d2QjCbYNRKqbLETj9x9V1hpnWDTWIWmlDAv":{"chainKey":{"counter":2,"key":"gbMVxaSz1CpBnClfE+4EEpUPIW9z0Ac1VVdC65LSGcM="},"chainType":1,"messageKeys":{}}},"pendingPreKey":{"signedKeyId":1,"baseKey":"BTnn/OmEgr3GVa+jCZPuqbspvbHbl2amj9UeF/Gesdgh","preKeyId":12016}}},"version":"v1"}