{"_sessions":{"Bbk8bjeeiqa91Z/0KWWuKTuTY3PWkmhTF40t/whTpwBQ":{"registrationId":562330833,"currentRatchet":{"ephemeralKeyPair":{"pubKey":"BRx4GOXcHtbnNxBSrZmN8csnikFEKSvvWnpP0NatAfRn","privKey":"wOxi0O1HLMLjZgblLAkebFl9i1E0i8jfrHpBzZOcZVw="},"lastRemoteEphemeralKey":"Ba0B249MlOMfpR418tjZiAddcLJ22Y5Iag4DO0Tl//gE","previousCounter":0,"rootKey":"l6HN8G4CK3URKqLcLZVjibry37LY1Mg/8IfnjUkqpv8="},"indexInfo":{"baseKey":"Bbk8bjeeiqa91Z/0KWWuKTuTY3PWkmhTF40t/whTpwBQ","baseKeyType":1,"closed":-1,"used":1733208108577,"created":1733208108577,"remoteIdentityKey":"BftFbo2YpPzjCzT1zHVMWronwdi2kmEPWaMlW/iWMTpb"},"_chains":{"BRx4GOXcHtbnNxBSrZmN8csnikFEKSvvWnpP0NatAfRn":{"chainKey":{"counter":2,"key":"uu56xw+J7JV5KZSkQ04F5p+DdE69d+Uav/yx0qzekmY="},"chainType":1,"messageKeys":{}}},"pendingPreKey":{"signedKeyId":0,"baseKey":"Bbk8bjeeiqa91Z/0KWWuKTuTY3PWkmhTF40t/whTpwBQ","preKeyId":1131342}}},"version":"v1"}