{"_sessions":{"BYM95UwQRam1XLOyFMe/DRdDImAAIbHw6VC89qL8ivpR":{"registrationId":1933130857,"currentRatchet":{"ephemeralKeyPair":{"pubKey":"BXbLvrEiRV5n0umqZwrtZhwQdfslMqhd5ZrnF/lZ4Hoe","privKey":"kK432LGq20f5gUqWWvqKFTOWZFZDDTGWMOR6gDZAJEg="},"lastRemoteEphemeralKey":"BcN6AOAQQPaZQc5TDQKkAsAu5hWH5qa6xmV0IDDcEUcT","previousCounter":0,"rootKey":"7R9Qgi4G+TRuVxgZ7NvOACD6OhJASfS2LD86YNzrJ9k="},"indexInfo":{"baseKey":"BYM95UwQRam1XLOyFMe/DRdDImAAIbHw6VC89qL8ivpR","baseKeyType":1,"closed":-1,"used":1733208108863,"created":1733208108863,"remoteIdentityKey":"BUiEzVx57EwmeGhTOJZN7lsHIbkoqolxPAvC6PyLV9Ne"},"_chains":{"BXbLvrEiRV5n0umqZwrtZhwQdfslMqhd5ZrnF/lZ4Hoe":{"chainKey":{"counter":2,"key":"cIBpQmuWQO0r6E2XoREBhViLSXMyS7Ba7Nj5RK1Q1Qo="},"chainType":1,"messageKeys":{}}},"pendingPreKey":{"signedKeyId":1,"baseKey":"BYM95UwQRam1XLOyFMe/DRdDImAAIbHw6VC89qL8ivpR"}}},"version":"v1"}