{"_sessions":{"BV+R+C+QSsvMNut9Pu/AjiHREkiy4UHsUruU2MqJmCYd":{"registrationId":338683707,"currentRatchet":{"ephemeralKeyPair":{"pubKey":"BXeSQyCvMpvuHc62gNncF4y8+TDvVm4kfBFxOhZNmY8Z","privKey":"QMHdbs1U9n/2sMveQWctom8qfQwflhAzVCQtF/90KUc="},"lastRemoteEphemeralKey":"BW8HloDCLwlRrcz/RAIUQS7j7jNK6vcNkZ+KZrU4OYZp","previousCounter":0,"rootKey":"X/EQW6e2nfIEJe1/iYQVM3LHKWJRwGRTR54deLAFL1U="},"indexInfo":{"baseKey":"BV+R+C+QSsvMNut9Pu/AjiHREkiy4UHsUruU2MqJmCYd","baseKeyType":1,"closed":-1,"used":1733208108483,"created":1733208108483,"remoteIdentityKey":"BbJZMDDDlZhAUDZm+ZYW2FNlTNprbMzA5a23YzHjHLId"},"_chains":{"BXeSQyCvMpvuHc62gNncF4y8+TDvVm4kfBFxOhZNmY8Z":{"chainKey":{"counter":2,"key":"6gvSVzFVgSP40KE0Y1KfHTYsHslmRyG5jLOlvYqpOpM="},"chainType":1,"messageKeys":{}}},"pendingPreKey":{"signedKeyId":0,"baseKey":"BV+R+C+QSsvMNut9Pu/AjiHREkiy4UHsUruU2MqJmCYd"}}},"version":"v1"}