{"_sessions":{"BasWkf5cCkxwfFxxz8OKeeTxzD1zNDwF0asqLnt0KUBR":{"registrationId":1592895084,"currentRatchet":{"ephemeralKeyPair":{"pubKey":"BRh9R7KoPEeGXfy9azYt6dqHe+fOGTAvPdniQd1mszML","privKey":"4GpInQGt3bjNAjmDQbDL2lUI8IqjYhcB2st+Ff3Qr08="},"lastRemoteEphemeralKey":"Ba+jHi0GD96lZxpwopIFLUbumk43w4MygmiGm41JJ4MM","previousCounter":0,"rootKey":"MsFYfn6XwEny+RyGW2ljCvUqabEKPBL1G23sArL4C70="},"indexInfo":{"baseKey":"BasWkf5cCkxwfFxxz8OKeeTxzD1zNDwF0asqLnt0KUBR","baseKeyType":1,"closed":-1,"used":1733208108833,"created":1733208108833,"remoteIdentityKey":"BXXPn18YvjgG4xeiC2adIQGU9SAIdJ193Xn9xFLyZRFS"},"_chains":{"BRh9R7KoPEeGXfy9azYt6dqHe+fOGTAvPdniQd1mszML":{"chainKey":{"counter":2,"key":"kTvANYW9ZcnUMLuKxtNbd0gJhg3HnEQ6RcB82r/yLZQ="},"chainType":1,"messageKeys":{}}},"pendingPreKey":{"signedKeyId":1,"baseKey":"BasWkf5cCkxwfFxxz8OKeeTxzD1zNDwF0asqLnt0KUBR"}}},"version":"v1"}