{"_sessions":{"BbvqqyM2U193B9Ti9+84NaWZBgmYJaHMiR5DPbkTR3Zu":{"registrationId":276400251,"currentRatchet":{"ephemeralKeyPair":{"pubKey":"BTMkKDAm0KiOQUrNz+oxUk0HcWZV/UTSY1CD878lrX9P","privKey":"EBPSX2NxBlxTpnY0K/bp6FTTxHTNyJG250z/GD77FW4="},"lastRemoteEphemeralKey":"BYtC65ZGJyXN2W+9HZBN5+cTg3NBriwx37wP/stBjdpd","previousCounter":0,"rootKey":"iFqwbcFEdNMs1jl/16OgF2UdK3JVejNqvt322OrGO/Q="},"indexInfo":{"baseKey":"BbvqqyM2U193B9Ti9+84NaWZBgmYJaHMiR5DPbkTR3Zu","baseKeyType":1,"closed":-1,"used":1733208108823,"created":1733208108823,"remoteIdentityKey":"BZeXFc9wT2UCTOINuxyj9DRnXHe68e7By/jv3iODrGNe"},"_chains":{"BTMkKDAm0KiOQUrNz+oxUk0HcWZV/UTSY1CD878lrX9P":{"chainKey":{"counter":2,"key":"yH3Md+miS+OwiYwvaFVxLoggYTuuyA3KonKuBx59jq4="},"chainType":1,"messageKeys":{}}},"pendingPreKey":{"signedKeyId":8,"baseKey":"BbvqqyM2U193B9Ti9+84NaWZBgmYJaHMiR5DPbkTR3Zu","preKeyId":9894544}}},"version":"v1"}