{"_sessions":{"Bd22KV/FvWbcf/4e7Z8FKsl+OMGpxD4eTl/8kxL2C/tI":{"registrationId":171,"currentRatchet":{"ephemeralKeyPair":{"pubKey":"BZdwqH6CjBAxm1dk0sksufrDCnfRkVkoWBwo08DqxbMf","privKey":"6F7eQLt4NKqljzzMGExqgWcULQnQ8qK24cm5DZJgiEw="},"lastRemoteEphemeralKey":"BWnLP+RJ6CCQB7oqDbQNH/mGonMqiVqZhkKbH/Dr6EpF","previousCounter":0,"rootKey":"pvAFYPNv8Cz5V18rlBSMLGnEPainvYUrnBRabD/EKok="},"indexInfo":{"baseKey":"Bd22KV/FvWbcf/4e7Z8FKsl+OMGpxD4eTl/8kxL2C/tI","baseKeyType":1,"closed":-1,"used":1733208108029,"created":1733208108029,"remoteIdentityKey":"BZrJL9WAGtXGFOeSF+tbvBfNlmgWWJj37hwKNsVsjo1D"},"_chains":{"BZdwqH6CjBAxm1dk0sksufrDCnfRkVkoWBwo08DqxbMf":{"chainKey":{"counter":2,"key":"XmXIT7sh4C8FiA/8NchweVzcVcqYapt+CInoCZsGFHU="},"chainType":1,"messageKeys":{}}},"pendingPreKey":{"signedKeyId":1,"baseKey":"Bd22KV/FvWbcf/4e7Z8FKsl+OMGpxD4eTl/8kxL2C/tI"}}},"version":"v1"}