{"_sessions":{"BSh/CBAZIGLgY+PxP5Uh3AdqQTOhf4hsUSg4kefM7rpY":{"registrationId":796898312,"currentRatchet":{"ephemeralKeyPair":{"pubKey":"BT5UY1lsj4n2W2nPXZWSJOvQu/UzCuVg2mK1kdWXBcxk","privKey":"GCIXb40co5+iOBJjdeMxaM/9ZUk8dOu8dgLoGkh1YF8="},"lastRemoteEphemeralKey":"BaIsWC6xP1dCbf3Qndey8uBn+3mHScjitsHL/6wKSVs0","previousCounter":0,"rootKey":"8Rs0hkBhdvMW3V4aeRJDAjGN/OlLMstyEnL/j0ljnXE="},"indexInfo":{"baseKey":"BSh/CBAZIGLgY+PxP5Uh3AdqQTOhf4hsUSg4kefM7rpY","baseKeyType":1,"closed":-1,"used":1733208108487,"created":1733208108487,"remoteIdentityKey":"BRVZjlXsdQdGcwSX3LLB5/XEtwp3R+S7wzleCTKXrWQZ"},"_chains":{"BT5UY1lsj4n2W2nPXZWSJOvQu/UzCuVg2mK1kdWXBcxk":{"chainKey":{"counter":2,"key":"ZcT52fsaPAbVWO5op6ztRSYThVzDkMGgaR/csqw/1vc="},"chainType":1,"messageKeys":{}}},"pendingPreKey":{"signedKeyId":6,"baseKey":"BSh/CBAZIGLgY+PxP5Uh3AdqQTOhf4hsUSg4kefM7rpY"}}},"version":"v1"}