{"_sessions":{"BQHPqzkbKVsDHQzVUfJ7OMOik998zUwXolO6kAD7199s":{"registrationId":1779408413,"currentRatchet":{"ephemeralKeyPair":{"pubKey":"BTqq4PFzJnPCYoQjKpychweWG0gfn/+3jdPPc7bsZ99B","privKey":"4AcLGLxy01Whkz2ULd7QC8B6Mu8d4f9rvrvzjgDKe3U="},"lastRemoteEphemeralKey":"BYcI3ylFe7Egt/32Q/qo4c/sVeb+JsYFItq9PE8EVikM","previousCounter":0,"rootKey":"WbiGtoj28PJ9/YFotfd9VIyta1YYQATXJQWWVaIkHnw="},"indexInfo":{"baseKey":"BQHPqzkbKVsDHQzVUfJ7OMOik998zUwXolO6kAD7199s","baseKeyType":1,"closed":-1,"used":1733208108877,"created":1733208108877,"remoteIdentityKey":"BeqeMScBePm9ch7gA3a0U/VF9/OzCLFUVK5b06bFAwlU"},"_chains":{"BTqq4PFzJnPCYoQjKpychweWG0gfn/+3jdPPc7bsZ99B":{"chainKey":{"counter":2,"key":"pf/f8AJkFL2rxMCJAzhOjJpoULRLdEnXU+yOkg83yg8="},"chainType":1,"messageKeys":{}}},"pendingPreKey":{"signedKeyId":0,"baseKey":"BQHPqzkbKVsDHQzVUfJ7OMOik998zUwXolO6kAD7199s"}}},"version":"v1"}