{"_sessions":{"BYVj0aKQx1ZdF11Ur2FSfUadb3i7gcsAL5FruJP09Tk3":{"registrationId":1523688454,"currentRatchet":{"ephemeralKeyPair":{"pubKey":"BUwknoDsUVOT4jTM70QlSKvwjheIl/9OP2cYPaBbIMte","privKey":"2DfnO+cb1+FFyQg6fBYUWh1DjSTkr4yC/k+lBTtWZVk="},"lastRemoteEphemeralKey":"BXtbPC2+bsiSIceIUqQwm2ywb5bRHk8H+5JStvG4zuho","previousCounter":0,"rootKey":"aZIpiAdrmu4VXEwlrp1c6OMviKhQAMcqyIY3dL2zfkM="},"indexInfo":{"baseKey":"BYVj0aKQx1ZdF11Ur2FSfUadb3i7gcsAL5FruJP09Tk3","baseKeyType":1,"closed":-1,"used":1733208108843,"created":1733208108843,"remoteIdentityKey":"BTv6oz+ApOG58VZjUIQWX4JAbiDTgUo42I6z2j6yloA/"},"_chains":{"BUwknoDsUVOT4jTM70QlSKvwjheIl/9OP2cYPaBbIMte":{"chainKey":{"counter":2,"key":"R5RZBVDmvfCBp5H5Yu+M52318NVhlduIAIs/XB44mtc="},"chainType":1,"messageKeys":{}}},"pendingPreKey":{"signedKeyId":3,"baseKey":"BYVj0aKQx1ZdF11Ur2FSfUadb3i7gcsAL5FruJP09Tk3","preKeyId":7839647}}},"version":"v1"}