{"_sessions":{"BflGQgzzQbe2W37OFlRkLZTqgi5z9B+b8J43gVRX+yUs":{"registrationId":1848792668,"currentRatchet":{"ephemeralKeyPair":{"pubKey":"BXnnLT4QQ0lKYc2qKCY+cYPGehqbDf+AWPBIffrMwiZG","privKey":"+LbpWQMjM/SdCxPWzuueCg3Zh8RL0PzLypgwk52vH1Y="},"lastRemoteEphemeralKey":"BVq2+COnVPUwDuoa2TOocOOjA1r3MHqAdrOp4O4a7MEi","previousCounter":0,"rootKey":"gdVvgUtgQwcTefeiKFSDXugB3j0yZzV9d0w5IQuGc+w="},"indexInfo":{"baseKey":"BflGQgzzQbe2W37OFlRkLZTqgi5z9B+b8J43gVRX+yUs","baseKeyType":1,"closed":-1,"used":1733208108807,"created":1733208108807,"remoteIdentityKey":"BegPYw4yAf8Ru3kV1NY+N0WMFZIB+8uTC1k6phfale86"},"_chains":{"BXnnLT4QQ0lKYc2qKCY+cYPGehqbDf+AWPBIffrMwiZG":{"chainKey":{"counter":2,"key":"XNbzwQYByoBz1h7YKgIpRoEhUN6w6DjFyHFHVlcOAcY="},"chainType":1,"messageKeys":{}}},"pendingPreKey":{"signedKeyId":1,"baseKey":"BflGQgzzQbe2W37OFlRkLZTqgi5z9B+b8J43gVRX+yUs","preKeyId":9754903}}},"version":"v1"}