{"_sessions":{"BVQlMgu0HOVFLZZ3i3TI1x73m20GcxQSamlZ2hGh8J5r":{"registrationId":1803476748,"currentRatchet":{"ephemeralKeyPair":{"pubKey":"BWXEr/zxLCGWItoQdbcwl7WVZyMA5FPD7kNrGCiw8aBX","privKey":"SCPn/oAOgJLUS2iM6HDNUB1izfZd4WinYFUvRvk16k0="},"lastRemoteEphemeralKey":"Ba5EcCQdPMzDSh50YJHyKek2dqb/disdd1x0yobnmnda","previousCounter":0,"rootKey":"DqlQgrrw29Et99PbcENaDl6RxHcbHxHRomI+wkhRU3o="},"indexInfo":{"baseKey":"BVQlMgu0HOVFLZZ3i3TI1x73m20GcxQSamlZ2hGh8J5r","baseKeyType":2,"closed":-1,"used":1733207755205,"created":1733207755205,"remoteIdentityKey":"BYGsieKa2IdOJEP5VwjHJenrlzdwBvvgxhrPXnws9hIq"},"_chains":{"Ba5EcCQdPMzDSh50YJHyKek2dqb/disdd1x0yobnmnda":{"chainKey":{"counter":0,"key":"pqvyMTsx7LtSiPzObPHEa4CLtsKX/2XuBGJYSVIDxII="},"chainType":2,"messageKeys":{}},"BWXEr/zxLCGWItoQdbcwl7WVZyMA5FPD7kNrGCiw8aBX":{"chainKey":{"counter":-1,"key":"rjdcZzipJ/SJ6Q3WOsEb4d4DniGWvY8KbUTy6SzZUBg="},"chainType":1,"messageKeys":{}}}}},"version":"v1"}