{"_sessions":{"BQUnvER3oTEVOrNAStn7/zBcuQ4M1VX0SBQGE5iYqQMe":{"registrationId":246,"currentRatchet":{"ephemeralKeyPair":{"pubKey":"BdjsnS7OzziwHwXYU26tS2xOYbgXwVDkLLidsi4QFz5w","privKey":"oL0KcM6ePbyOImPDJYnRNLgiDJ2iiByniXC2I4EELGo="},"lastRemoteEphemeralKey":"BZbDAlFX7xGGPHreJIVBciEYURUiB37ci0xxV46pzhgq","previousCounter":0,"rootKey":"u6bnUXHe/KFY8MftmVSQudoKGprJK/IxWwQBUYN/H5Y="},"indexInfo":{"baseKey":"BQUnvER3oTEVOrNAStn7/zBcuQ4M1VX0SBQGE5iYqQMe","baseKeyType":1,"closed":-1,"used":1733208108010,"created":1733208108010,"remoteIdentityKey":"Bd1bY9Fa8AlzuKlbGKsO8IHGsvtUztLMwAdaeH2sWEwB"},"_chains":{"BdjsnS7OzziwHwXYU26tS2xOYbgXwVDkLLidsi4QFz5w":{"chainKey":{"counter":2,"key":"x/ZPudxKg/CQEz5ibQ8TH32/OMY7S7lWzMElMo282zs="},"chainType":1,"messageKeys":{}}},"pendingPreKey":{"signedKeyId":1,"baseKey":"BQUnvER3oTEVOrNAStn7/zBcuQ4M1VX0SBQGE5iYqQMe"}}},"version":"v1"}