{"_sessions":{"BeknwoLHeRazf2kBTAdI/3J3/4EnYLy+hA24Vk5mjEUC":{"registrationId":363564873,"currentRatchet":{"ephemeralKeyPair":{"pubKey":"BSRvhFX4tuNEShH87e6kM2XUxy1Kibxp7wVA9yElCHcB","privKey":"EDZxPFJ67MyngBter8pTBvNhN7bG/YiYFculKCUV62g="},"lastRemoteEphemeralKey":"BcXs8/0+7hzvKznqhHBNasvZECaTm7J18mD/9HnLz15U","previousCounter":0,"rootKey":"XmaJEmoFV8ZK8lniMngr3wcdRwyGMdTCzAl4ZNETp/0="},"indexInfo":{"baseKey":"BeknwoLHeRazf2kBTAdI/3J3/4EnYLy+hA24Vk5mjEUC","baseKeyType":1,"closed":-1,"used":1733208108816,"created":1733208108816,"remoteIdentityKey":"BTXDPbLcKb8wQ1bxu94kLccRMoUlAsG1E82St4FUxVQX"},"_chains":{"BSRvhFX4tuNEShH87e6kM2XUxy1Kibxp7wVA9yElCHcB":{"chainKey":{"counter":2,"key":"Q4en7vK8HiwEhr94LwMlrxMIXImwjBCOZMdVUCshh2g="},"chainType":1,"messageKeys":{}}},"pendingPreKey":{"signedKeyId":0,"baseKey":"BeknwoLHeRazf2kBTAdI/3J3/4EnYLy+hA24Vk5mjEUC","preKeyId":11135906}}},"version":"v1"}