{"_sessions":{"BULsI5XbvbLygOFf640baBJmPhEk/tJmkjwKYRtApuxR":{"registrationId":2021816979,"currentRatchet":{"ephemeralKeyPair":{"pubKey":"BU9ZAJWeSQxg34k6UuVGv1/BkWzK4lrTDoakPrODprYh","privKey":"SKpgphkFdSrd6KuXo3GbWLrw07Us1brDyZgvBuhMM0g="},"lastRemoteEphemeralKey":"BaWwHZoCXHO8qojaATBxBBMLNkE0YRXmwDB8ps9JBI0g","previousCounter":0,"rootKey":"rzP29Z33a3TgvlwPAm8qPdo1IrVTh0qtuTWDc/RpSCI="},"indexInfo":{"baseKey":"BULsI5XbvbLygOFf640baBJmPhEk/tJmkjwKYRtApuxR","baseKeyType":1,"closed":-1,"used":1733208108074,"created":1733208108074,"remoteIdentityKey":"BRalZrbppkYd9jMjEVs7UHMu1vEhN/F9Mb5ncY0QdcZW"},"_chains":{"BU9ZAJWeSQxg34k6UuVGv1/BkWzK4lrTDoakPrODprYh":{"chainKey":{"counter":2,"key":"Zm13d5Tn4ZNlc+LikBroYEP9g8WIi6cxsj7EzFFZsKI="},"chainType":1,"messageKeys":{}}},"pendingPreKey":{"signedKeyId":3,"baseKey":"BULsI5XbvbLygOFf640baBJmPhEk/tJmkjwKYRtApuxR","preKeyId":8782}}},"version":"v1"}