{"_sessions":{"BScPAZkpQitFL3qlsl/UfMpt8PU+3jyJi84E+Nzm0YFv":{"registrationId":702884941,"currentRatchet":{"ephemeralKeyPair":{"pubKey":"BWw7OvGkXrpwds1sZj9dm74o2ZkkcqX7Y9zZvxidRqkE","privKey":"yFFfOGAuGh7loS14pR+0gpMNIqBVnVQa3vxSPPt8IGk="},"lastRemoteEphemeralKey":"BfM62cJABkZiLm/fhLpqPEQ6uq5iqVHUE3x74CmgGjhv","previousCounter":0,"rootKey":"g34htOoxAj/Dvx1G+oY3usdLxExj1RJrDSokZ/aYcEM="},"indexInfo":{"baseKey":"BScPAZkpQitFL3qlsl/UfMpt8PU+3jyJi84E+Nzm0YFv","baseKeyType":1,"closed":-1,"used":1733208108785,"created":1733208108785,"remoteIdentityKey":"BeCsOmcp4wdikkTk9gA67MXtK88k7XH0NdNN3Midx2Mq"},"_chains":{"BWw7OvGkXrpwds1sZj9dm74o2ZkkcqX7Y9zZvxidRqkE":{"chainKey":{"counter":2,"key":"xpp3wo664JQfB8f0sktpm06BcIpLmlRvLDCDhUNAOxw="},"chainType":1,"messageKeys":{}}},"pendingPreKey":{"signedKeyId":1,"baseKey":"BScPAZkpQitFL3qlsl/UfMpt8PU+3jyJi84E+Nzm0YFv"}}},"version":"v1"}