{"_sessions":{"BbqctFwc2G47Jk3oi10/3/w1zRlBlxvhp7BsgDRQnMsy":{"registrationId":1466787137,"currentRatchet":{"ephemeralKeyPair":{"pubKey":"Bczn2yq0XE4kGYjJoFN6xUybmBD2UVxI5M7p8C54YGhs","privKey":"SB2+g4yDsQBXgvBhXyZTmKbraWzgTxcJWB8hYTYYI0o="},"lastRemoteEphemeralKey":"BfLQv4Nos9e8tn25zLoBALjUUfYBV/0iZRBMKMgl07om","previousCounter":0,"rootKey":"BuxSmbxx87c+aqhIhJqqELK5/ly5xyvQYEeXCcEOMSw="},"indexInfo":{"baseKey":"BbqctFwc2G47Jk3oi10/3/w1zRlBlxvhp7BsgDRQnMsy","baseKeyType":1,"closed":-1,"used":1733208108865,"created":1733208108865,"remoteIdentityKey":"Bb8OV4sNGCv/Ggt/Pt9GN5r4XDqknt2yT1bbhOnT0P5h"},"_chains":{"Bczn2yq0XE4kGYjJoFN6xUybmBD2UVxI5M7p8C54YGhs":{"chainKey":{"counter":2,"key":"8XjZJ5V4e3/azGhpKg9hUApBho3DL3Ydxwfx3zWDOfs="},"chainType":1,"messageKeys":{}}},"pendingPreKey":{"signedKeyId":0,"baseKey":"BbqctFwc2G47Jk3oi10/3/w1zRlBlxvhp7BsgDRQnMsy"}}},"version":"v1"}