{"_sessions":{"BX4rwdz5Az1bIxAlBxDxAhTWeUOos0BLmqV5BnsFp2Nx":{"registrationId":522049397,"currentRatchet":{"ephemeralKeyPair":{"pubKey":"BcmTZkk+AeZwo1ZAPgBPr8zX3BQkZqpeG3uoJPrvtLlg","privKey":"8BnAmtO/ZYrPPzSGwFV2uehbvtHWqLv/lncEitl75UA="},"lastRemoteEphemeralKey":"BecXT7f6Pm3ufbp+dLJmtMwQrn9Crfa73ixQni2Cr0I8","previousCounter":0,"rootKey":"g5M1HfQybNkpjwNAY6zkWcmHuxqaIVlFz5u82lYxYPo="},"indexInfo":{"baseKey":"BX4rwdz5Az1bIxAlBxDxAhTWeUOos0BLmqV5BnsFp2Nx","baseKeyType":1,"closed":-1,"used":1733208108618,"created":1733208108618,"remoteIdentityKey":"BU18C/PAqkwMzdLXxRwuZt7TptsMmn/u78PT/8/3ZqYL"},"_chains":{"BcmTZkk+AeZwo1ZAPgBPr8zX3BQkZqpeG3uoJPrvtLlg":{"chainKey":{"counter":2,"key":"U/5ubxhiWNZJv8RysKj18t4dd15sfhMdHr7CHPdh1bk="},"chainType":1,"messageKeys":{}}},"pendingPreKey":{"signedKeyId":1,"baseKey":"BX4rwdz5Az1bIxAlBxDxAhTWeUOos0BLmqV5BnsFp2Nx","preKeyId":15682000}}},"version":"v1"}