{"_sessions":{"BSDRKVJemrmp/tnxis3uBaE2jhKmqcw69tQU+X2ZvVQg":{"registrationId":1686338847,"currentRatchet":{"ephemeralKeyPair":{"pubKey":"BRzOlCjRzdX6Hw0I+3hvxT7P8nXEcCha8awMyKI9l3Ev","privKey":"+P5lY1o6gPu2vWWr1N5LS4qcnwSM/DUV4slZ7vYDKFE="},"lastRemoteEphemeralKey":"BRVoJURm+NzBYO5cBHT+O0k34wKOJW3u4Px54fZv3RkP","previousCounter":0,"rootKey":"RNkMksdR+JHlNsL5mwk7ERxqM1RHSUNf2crDIEzTPBs="},"indexInfo":{"baseKey":"BSDRKVJemrmp/tnxis3uBaE2jhKmqcw69tQU+X2ZvVQg","baseKeyType":1,"closed":-1,"used":1733208108580,"created":1733208108580,"remoteIdentityKey":"BTi3iD3EisnQAcPiv0wGsiEdUT1/gUkeSNsNOGv2PBg2"},"_chains":{"BRzOlCjRzdX6Hw0I+3hvxT7P8nXEcCha8awMyKI9l3Ev":{"chainKey":{"counter":2,"key":"lsqQYEY6x9/uHoaGn/1kXkAbYjMwHqiDHPYg6rcNz50="},"chainType":1,"messageKeys":{}}},"pendingPreKey":{"signedKeyId":1,"baseKey":"BSDRKVJemrmp/tnxis3uBaE2jhKmqcw69tQU+X2ZvVQg","preKeyId":4296535}}},"version":"v1"}