{"_sessions":{"BePuHKfKmn72nTJUqWgET/gC/3K30lrnq74F7caoiY4x":{"registrationId":2116363353,"currentRatchet":{"ephemeralKeyPair":{"pubKey":"BadOy17Dj3lI1+LJjvJGlXsSIv49WCc6oeC2wCxYwz8F","privKey":"KLZeLCuiui8eYHOz2i5VthOH2jTu399VlPx6qHtVglc="},"lastRemoteEphemeralKey":"Bdr6RP4KfArYXf6dRI6v+KeISYfqHtgZNbflr4yGy0AZ","previousCounter":0,"rootKey":"CSle9TYTGp+dA+saB4+Fou4BGOPVmeH4EVDrslEuOZo="},"indexInfo":{"baseKey":"BePuHKfKmn72nTJUqWgET/gC/3K30lrnq74F7caoiY4x","baseKeyType":1,"closed":-1,"used":1733208108797,"created":1733208108797,"remoteIdentityKey":"Bd4v1YvnWq0nMZknQQuiSsDK1v3Z+eARGnC9xNVMWYo/"},"_chains":{"BadOy17Dj3lI1+LJjvJGlXsSIv49WCc6oeC2wCxYwz8F":{"chainKey":{"counter":2,"key":"UwxHbeiIOA4UvUrm5k+PoxEAOAQBhtNT2zdLitJspUg="},"chainType":1,"messageKeys":{}}},"pendingPreKey":{"signedKeyId":4,"baseKey":"BePuHKfKmn72nTJUqWgET/gC/3K30lrnq74F7caoiY4x"}}},"version":"v1"}