{"_sessions":{"BRS6bIsKNiCWsbyCNglcnaoohh5pfah1THIgWN6tA0kO":{"registrationId":519517259,"currentRatchet":{"ephemeralKeyPair":{"pubKey":"BdAj99uFSb13qNDH7Jrl3/cTaqFYJ1yBG1KHFRtY40Aw","privKey":"SMPFyKapLCi9ldEgrbQo36XeCDt3QL06KjQGlAVFaUA="},"lastRemoteEphemeralKey":"BUTWkHNcM4DsLe0gYLiCDevuQ+MgZXLw4MBeYJle28VB","previousCounter":0,"rootKey":"CRgouXoi4Zhu57fB0K6rK/5UWk7ai+tVHiBtTwumazc="},"indexInfo":{"baseKey":"BRS6bIsKNiCWsbyCNglcnaoohh5pfah1THIgWN6tA0kO","baseKeyType":2,"closed":-1,"used":1733207924946,"created":1733207924946,"remoteIdentityKey":"BZgn9SctJVR87gf0YnJrTslUsK/jt/r76W6RHeU2N/9v"},"_chains":{"BUTWkHNcM4DsLe0gYLiCDevuQ+MgZXLw4MBeYJle28VB":{"chainKey":{"counter":1,"key":"gm0zZFAYKJCmlgyu4G9QiTVCUvEcG5jEw7+E95Q9H80="},"chainType":2,"messageKeys":{}},"BdAj99uFSb13qNDH7Jrl3/cTaqFYJ1yBG1KHFRtY40Aw":{"chainKey":{"counter":2,"key":"GLZBWxqZOy7KG9a4F2O2CxVg6dehETuJbePmO8qHuBM="},"chainType":1,"messageKeys":{}}}}},"version":"v1"}