{"_sessions":{"BfUvCnoxTAt8A5W1vyARCTjhWfYxFrTwibx1Pwq74G9x":{"registrationId":1646426984,"currentRatchet":{"ephemeralKeyPair":{"pubKey":"BSCZsBorHg6/MugR9C6Iox+52ohwyBCG7Nh94/trO4Ic","privKey":"qH9/TgS+owk9tcgf5jIhtupwO+r5cMmVcmMc+ygXpW0="},"lastRemoteEphemeralKey":"BcKf7uWXz95HycHwm6ozwOWh68CX3DhBmu5tFKiTEOEx","previousCounter":0,"rootKey":"UAys5kXnDP85RUtzwXHE/xTIuSyVhHAHdWA4uGrQ6sM="},"indexInfo":{"baseKey":"BfUvCnoxTAt8A5W1vyARCTjhWfYxFrTwibx1Pwq74G9x","baseKeyType":1,"closed":-1,"used":1733208108799,"created":1733208108799,"remoteIdentityKey":"BQ3Ko8dEz3glXvMXLcCcIQhzBfuumUrk0Na9/nJfAl1+"},"_chains":{"BSCZsBorHg6/MugR9C6Iox+52ohwyBCG7Nh94/trO4Ic":{"chainKey":{"counter":2,"key":"Vt0bYVmCDztEUO+w+8SIp8r2xokWcpFjzSOvtFFgyfE="},"chainType":1,"messageKeys":{}}},"pendingPreKey":{"signedKeyId":1,"baseKey":"BfUvCnoxTAt8A5W1vyARCTjhWfYxFrTwibx1Pwq74G9x"}}},"version":"v1"}