{"_sessions":{"BUqlkhY3wO8UFNI62+2QlepCX96zC5wyM71wTcAjfuJQ":{"registrationId":225,"currentRatchet":{"ephemeralKeyPair":{"pubKey":"BaYXyjOUASPGZuHx9TqdfLoQ1g+fMXyIPqZji/QL3URv","privKey":"8Fx3Fkob3EgZIRI9pHWTfzsorig1S5o78LWyeDUPuno="},"lastRemoteEphemeralKey":"BTKQQuaDCjgwah/WUYv8QztkAMAKkGJaNsvUC/HVM38z","previousCounter":0,"rootKey":"GE3e35UZaSmXVRd7JExQ2h6pkhILy5UIZywU60oqGBk="},"indexInfo":{"baseKey":"BUqlkhY3wO8UFNI62+2QlepCX96zC5wyM71wTcAjfuJQ","baseKeyType":1,"closed":-1,"used":1733208108333,"created":1733208108333,"remoteIdentityKey":"BQN3CwizDjGjGX7eXY4JPafc72xYRWA9l+WmkKR/aZIi"},"_chains":{"BaYXyjOUASPGZuHx9TqdfLoQ1g+fMXyIPqZji/QL3URv":{"chainKey":{"counter":2,"key":"L+VH8wwsYoajh+aUb7kfBNsXVtZCiHYbU1weC1w45xg="},"chainType":1,"messageKeys":{}}},"pendingPreKey":{"signedKeyId":1,"baseKey":"BUqlkhY3wO8UFNI62+2QlepCX96zC5wyM71wTcAjfuJQ"}}},"version":"v1"}