{"_sessions":{"Bcj9N9des+5gnVYLSjEuQw/HnAfkydjMdCEFnuuijepI":{"registrationId":1816337063,"currentRatchet":{"ephemeralKeyPair":{"pubKey":"Bf/fap1ckGT4Y85wuCQRR2ivUuhhY/C0B1PhvFE23VQb","privKey":"GFNqM0pw4v7DzIWqwjcM0f0kTVC5IOKuiFTcP4y2nnM="},"lastRemoteEphemeralKey":"BbpVyP3q0txW1TJC1WI4z5Qz556d0pR1ZfDqbT+1PEZ5","previousCounter":0,"rootKey":"9pQL/OGSOBg2Efl/HgdMoFly8HBiyZLB6hvvjaXXgZo="},"indexInfo":{"baseKey":"Bcj9N9des+5gnVYLSjEuQw/HnAfkydjMdCEFnuuijepI","baseKeyType":1,"closed":-1,"used":1733208108858,"created":1733208108858,"remoteIdentityKey":"BVQ9RO4G+PZ/qHIFTk1rV7Y1csM2iHCnRQDyKiPj3yUJ"},"_chains":{"Bf/fap1ckGT4Y85wuCQRR2ivUuhhY/C0B1PhvFE23VQb":{"chainKey":{"counter":2,"key":"9CpE0VMApoMPlAr27nFWFsygAUF+Z66cb+wOjUpZ+NY="},"chainType":1,"messageKeys":{}}},"pendingPreKey":{"signedKeyId":3,"baseKey":"Bcj9N9des+5gnVYLSjEuQw/HnAfkydjMdCEFnuuijepI","preKeyId":10546270}}},"version":"v1"}