{"_sessions":{"BZAmsjUz9VywCInEf82zEunmLf5Vhnt3YT7+ANOHehtn":{"registrationId":1181667711,"currentRatchet":{"ephemeralKeyPair":{"pubKey":"BWsDKPmf4MYY+xxpR2EkJgzn73gBdgooCOuJJARAuMkN","privKey":"4C+iljabLDkqQ/fKMq1rXY/krFI2XSF3jLU1VqhnG1Q="},"lastRemoteEphemeralKey":"BQjSX0tIJ0YbUceTmlsjsZh5RrA9DQf94ltDCzJKdVpB","previousCounter":0,"rootKey":"aKgjts5JH8FyPAHF4sZjI3kTkhaNcR97/5qiwzn94u0="},"indexInfo":{"baseKey":"BZAmsjUz9VywCInEf82zEunmLf5Vhnt3YT7+ANOHehtn","baseKeyType":1,"closed":-1,"used":1733208108853,"created":1733208108853,"remoteIdentityKey":"BSZjYNNNmXnBPSmTKVQW0qxQvjb8gFN9BufEVtgmK7gH"},"_chains":{"BWsDKPmf4MYY+xxpR2EkJgzn73gBdgooCOuJJARAuMkN":{"chainKey":{"counter":2,"key":"LJggiJhdMTPiagdZ/NdREqH9oJUp07FQ7d9Q5P4hUkA="},"chainType":1,"messageKeys":{}}},"pendingPreKey":{"signedKeyId":1,"baseKey":"BZAmsjUz9VywCInEf82zEunmLf5Vhnt3YT7+ANOHehtn"}}},"version":"v1"}