{"_sessions":{"BeXkBMngIPu4jOU0quBGnit1HxTiiEyLHE4nQLzFI+9z":{"registrationId":1475954044,"currentRatchet":{"ephemeralKeyPair":{"pubKey":"BVTeil3XPGl+Ww+27p1pxu2/Hijthu7XR1SdX0s/K3FS","privKey":"ON8whChQqUo7yV1uGgZLGKlOkWSjJYWYWUfwoNqSvF8="},"lastRemoteEphemeralKey":"BQDaSb4bo95NY2MuEUDAYIrulTzpH1Us5obaoYGe+aJ8","previousCounter":0,"rootKey":"NJf5RH9FPWsQMn47ZhGHGvT4Er8ZObJ+mHof7zwMnXg="},"indexInfo":{"baseKey":"BeXkBMngIPu4jOU0quBGnit1HxTiiEyLHE4nQLzFI+9z","baseKeyType":1,"closed":-1,"used":1733208108670,"created":1733208108670,"remoteIdentityKey":"BYLOlC0AuzHshVx2xPPkNa6zPp1PBUadDN3NsQCgpmNv"},"_chains":{"BVTeil3XPGl+Ww+27p1pxu2/Hijthu7XR1SdX0s/K3FS":{"chainKey":{"counter":2,"key":"/3xvbYuT3lv4NMiOmiuY3tW5Ip0CEDsjn5S7mpyH9aQ="},"chainType":1,"messageKeys":{}}},"pendingPreKey":{"signedKeyId":6,"baseKey":"BeXkBMngIPu4jOU0quBGnit1HxTiiEyLHE4nQLzFI+9z","preKeyId":15747651}}},"version":"v1"}