{"_sessions":{"Bf9WuiRKfPpvLYiCkHXt9E8sGzCt2lKkxusE4y4jzfJD":{"registrationId":927899143,"currentRatchet":{"ephemeralKeyPair":{"pubKey":"BXI9H2sXWNrU676LX3+nRBZgoivKZDcYVP+3U6dsEdQ9","privKey":"oLI3edFcuvaKn0/Pee+iwLDl0h0wSvkheD7W6fsTAF0="},"lastRemoteEphemeralKey":"BTNIDN/A7/qtDpQtMxAY5NtF/gLy+/Nve+jB8i+GrKkw","previousCounter":0,"rootKey":"8aLvkTl5hu/k/NP0mrq5ZubMQErcb+7jzreKjRobf6I="},"indexInfo":{"baseKey":"Bf9WuiRKfPpvLYiCkHXt9E8sGzCt2lKkxusE4y4jzfJD","baseKeyType":1,"closed":-1,"used":1733208108760,"created":1733208108760,"remoteIdentityKey":"BZJ0AV+gycbwWR5HtlB/1OP9hR6wtVFsg2sW2bObTqsX"},"_chains":{"BXI9H2sXWNrU676LX3+nRBZgoivKZDcYVP+3U6dsEdQ9":{"chainKey":{"counter":2,"key":"xdmo8zpFAEfN5ytgAaSjGY1nU0VREdHMDMB6B0IypzA="},"chainType":1,"messageKeys":{}}},"pendingPreKey":{"signedKeyId":6,"baseKey":"Bf9WuiRKfPpvLYiCkHXt9E8sGzCt2lKkxusE4y4jzfJD"}}},"version":"v1"}