{"_sessions":{"BUJnlmaAqmJq1FFpS2HIA7lIJdUBdlv7CNa7bIqZPBlB":{"registrationId":99,"currentRatchet":{"ephemeralKeyPair":{"pubKey":"BSlppK9YIBneKQT1V3mu5KYyHAcuG3uLSmnk8MIzz0Im","privKey":"+Cnw1n/NQ1IdG5ZNsN0r5HtaeRa3fvvUdHzgDBV4qU4="},"lastRemoteEphemeralKey":"BZfggnADFTxlHorBPUR8WS/9X6jBJndBGdgchld89RZp","previousCounter":0,"rootKey":"SKEis4ejVhxBJwB9L/Syl7XMlML5QqwhQfuasFMhB38="},"indexInfo":{"baseKey":"BUJnlmaAqmJq1FFpS2HIA7lIJdUBdlv7CNa7bIqZPBlB","baseKeyType":1,"closed":1733208482828,"used":1733208108429,"created":1733208108429,"remoteIdentityKey":"BZQ9nAjCO71gp/R7qtZ3/XgcpZJ5melqgMANYQDr+xpa"},"_chains":{"BSlppK9YIBneKQT1V3mu5KYyHAcuG3uLSmnk8MIzz0Im":{"chainKey":{"counter":1,"key":"GPKA9zyUQRtdb68Dn8/UEdcgVZsHQyQ8/zz6YW8VPdg="},"chainType":1,"messageKeys":{}}},"pendingPreKey":{"signedKeyId":1,"baseKey":"BUJnlmaAqmJq1FFpS2HIA7lIJdUBdlv7CNa7bIqZPBlB","preKeyId":50}},"BW+gbwuV2B2/yV7qYEW2/z75sfi0eLCbDsn/QP0bNAwi":{"registrationId":99,"currentRatchet":{"ephemeralKeyPair":{"pubKey":"BXBMg8oXMg4YgySRs3/dBN+RbOzf2Gz3mFBGWg6DJxdT","privKey":"OI8a4jcnyeo5Erw2TrgbzCYChjb9NU/FhiArqjLprlI="},"lastRemoteEphemeralKey":"BZfggnADFTxlHorBPUR8WS/9X6jBJndBGdgchld89RZp","previousCounter":0,"rootKey":"JByVUZMZyolWg6XFWJ480ZUluOnAgVGfSl84lgEfUsU="},"indexInfo":{"baseKey":"BW+gbwuV2B2/yV7qYEW2/z75sfi0eLCbDsn/QP0bNAwi","baseKeyType":1,"closed":1733208486358,"used":1733208482827,"created":1733208482827,"remoteIdentityKey":"BZQ9nAjCO71gp/R7qtZ3/XgcpZJ5melqgMANYQDr+xpa"},"_chains":{"BXBMg8oXMg4YgySRs3/dBN+RbOzf2Gz3mFBGWg6DJxdT":{"chainKey":{"counter":0,"key":"0tS36qf3RrCtvEZA8EYbHy+A3u7preCyL1IodyPWAmo="},"chainType":1,"messageKeys":{}}},"pendingPreKey":{"signedKeyId":1,"baseKey":"BW+gbwuV2B2/yV7qYEW2/z75sfi0eLCbDsn/QP0bNAwi","preKeyId":35}},"BX2rq8/t0ie+fuNR9w8CswFA2oUJZH+L/qRLCtOP8hFW":{"registrationId":99,"currentRatchet":{"ephemeralKeyPair":{"pubKey":"BbGGMCBuq414CVBlXOBGqPbbmst9JXS/h1euwMLnKY1K","privKey":"sMeTiJohAnGgMxTAs6vb51JjCY7q0DKNrgSSth8dr04="},"lastRemoteEphemeralKey":"BZfggnADFTxlHorBPUR8WS/9X6jBJndBGdgchld89RZp","previousCounter":0,"rootKey":"094Tqrl6+scxXTZeVcMhviTNz7ShmP3MUM2CCeoFkmA="},"indexInfo":{"baseKey":"BX2rq8/t0ie+fuNR9w8CswFA2oUJZH+L/qRLCtOP8hFW","baseKeyType":1,"closed":-1,"used":1733208486356,"created":1733208486356,"remoteIdentityKey":"BZQ9nAjCO71gp/R7qtZ3/XgcpZJ5melqgMANYQDr+xpa"},"_chains":{"BbGGMCBuq414CVBlXOBGqPbbmst9JXS/h1euwMLnKY1K":{"chainKey":{"counter":0,"key":"3MRC+M11ksHgBch9+AxrNBve626LtAim9UvLDnDMkjw="},"chainType":1,"messageKeys":{}}},"pendingPreKey":{"signedKeyId":1,"baseKey":"BX2rq8/t0ie+fuNR9w8CswFA2oUJZH+L/qRLCtOP8hFW","preKeyId":32}}},"version":"v1"}