{"_sessions":{"BXDJpS2Gr7nxpYoseQEN7VlrcW/iht9dIwrEUggspjkv":{"registrationId":1938768591,"currentRatchet":{"ephemeralKeyPair":{"pubKey":"BfsF8lhhLVPcphBGdN4hxmOqjf/VKLRo9Y317uOBvntm","privKey":"sDEWzWCRVUoozQy9JP0kKHR0lm8rilMsFW9U6go2m0o="},"lastRemoteEphemeralKey":"BeZRmmCHU6jOb5qgO/DC2c5aNGDMoeJEZGXMqGmYCjQN","previousCounter":0,"rootKey":"LsgYSQ/0FuvCVMtHPPeWXX3plmi7LjNRahTIFm1MzFU="},"indexInfo":{"baseKey":"BXDJpS2Gr7nxpYoseQEN7VlrcW/iht9dIwrEUggspjkv","baseKeyType":1,"closed":-1,"used":1733208108841,"created":1733208108841,"remoteIdentityKey":"BfsSm+BGCVcLhra9Av3p8AegIOab0OF+8YannXVqpyNt"},"_chains":{"BfsF8lhhLVPcphBGdN4hxmOqjf/VKLRo9Y317uOBvntm":{"chainKey":{"counter":2,"key":"r9g11gLh7u+hcYrLwcDc4q7ZCrZUIxr/osYDXFLLocY="},"chainType":1,"messageKeys":{}}},"pendingPreKey":{"signedKeyId":3,"baseKey":"BXDJpS2Gr7nxpYoseQEN7VlrcW/iht9dIwrEUggspjkv","preKeyId":11787832}}},"version":"v1"}