{"_sessions":{"BbCMxb2wr1K2U6qH/aOS1VCK+IqMGmEpHGQvsg10Mqts":{"registrationId":33,"currentRatchet":{"ephemeralKeyPair":{"pubKey":"BbHsQThGOUkDWLnGL+X9YsE5YiD/c8yRkU/dcQeKxAcK","privKey":"MK+fPe6WYSojDFpYnouLhFOkoBXG8aTMcygWAil4V1Q="},"lastRemoteEphemeralKey":"BX5DMfkaIhvAyPfnTnus5QUZB+UH6qAdwi0fuMgFmoIW","previousCounter":0,"rootKey":"bElMo1MVQ32oeOTh3xpGogi/a14rQqcfLJ0SXam/T94="},"indexInfo":{"baseKey":"BbCMxb2wr1K2U6qH/aOS1VCK+IqMGmEpHGQvsg10Mqts","baseKeyType":1,"closed":-1,"used":1733208108239,"created":1733208108239,"remoteIdentityKey":"BY+lIVFeLm17hsSmPKfkw04d09bboT3JdTT7m61VmNlo"},"_chains":{"BbHsQThGOUkDWLnGL+X9YsE5YiD/c8yRkU/dcQeKxAcK":{"chainKey":{"counter":2,"key":"wVBV65IDbb1P+e+UfxE+5vnO8W7KCxcNrKPNoZJAtpo="},"chainType":1,"messageKeys":{}}},"pendingPreKey":{"signedKeyId":1,"baseKey":"BbCMxb2wr1K2U6qH/aOS1VCK+IqMGmEpHGQvsg10Mqts"}}},"version":"v1"}