{"_sessions":{"Bcvt6+5bw80HGDSt+hGCtQN3eBZjnPYQ/A2l1Q3YAydW":{"registrationId":163374672,"currentRatchet":{"ephemeralKeyPair":{"pubKey":"BRvJMkS6tYxvAabeHfrQpfHSMvbRKGi9dmEr5CPTT6Jq","privKey":"MLw5sCjNIRENBOhYLHZOTOQ+/hVmFB5CHkfcspl/jlg="},"lastRemoteEphemeralKey":"BZzWlxFoh7Wy8qMPnKnApyzCPJn+X5eC+I0jr6Odob9R","previousCounter":0,"rootKey":"u8nKkqC9uQ6bj2fsjiqDEfDk37EdXBd10ufgrbmOmBI="},"indexInfo":{"baseKey":"Bcvt6+5bw80HGDSt+hGCtQN3eBZjnPYQ/A2l1Q3YAydW","baseKeyType":1,"closed":-1,"used":1733208108683,"created":1733208108683,"remoteIdentityKey":"BbSnL8rDbgJ5WB+ZILSaVTjjCTP5goVo7m+b9ItxGrU6"},"_chains":{"BRvJMkS6tYxvAabeHfrQpfHSMvbRKGi9dmEr5CPTT6Jq":{"chainKey":{"counter":2,"key":"ye1iwX7MLriB46OF+xBmnPUPEKl9Fku05zFeSiuOp7s="},"chainType":1,"messageKeys":{}}},"pendingPreKey":{"signedKeyId":5,"baseKey":"Bcvt6+5bw80HGDSt+hGCtQN3eBZjnPYQ/A2l1Q3YAydW"}}},"version":"v1"}