{"_sessions":{"BVh/9NIhCseNFQ++WM9G37XKMfqF7dHc/dps2GHhjYAE":{"registrationId":1108286864,"currentRatchet":{"ephemeralKeyPair":{"pubKey":"BSvLQ5sF4QN7L4Variji9kLj8b3gq7gS8cZfc4Zi5roD","privKey":"WKuGei7Vz1a0H7MTu0Sc/j+zZP+64o0Bqon15npzB28="},"lastRemoteEphemeralKey":"BT7ibTrnoGYNBBhaDiOjc6050rmr8J3WFnxlt5ChE80p","previousCounter":0,"rootKey":"bY0gtwXtTCeilkgVm7JFiUeGyceZiZY2xbQfWIHICJc="},"indexInfo":{"baseKey":"BVh/9NIhCseNFQ++WM9G37XKMfqF7dHc/dps2GHhjYAE","baseKeyType":1,"closed":-1,"used":1733208108734,"created":1733208108734,"remoteIdentityKey":"BU71pjmCjEktEXHMa+rnTjTb8SHBnWccNR6tdcKMMjNr"},"_chains":{"BSvLQ5sF4QN7L4Variji9kLj8b3gq7gS8cZfc4Zi5roD":{"chainKey":{"counter":2,"key":"7eyP1xukqnOs4RlkkGTjii9rqMN93Rkgs+nt/7+fitw="},"chainType":1,"messageKeys":{}}},"pendingPreKey":{"signedKeyId":5,"baseKey":"BVh/9NIhCseNFQ++WM9G37XKMfqF7dHc/dps2GHhjYAE","preKeyId":7606387}}},"version":"v1"}