{"_sessions":{"Bcx6QhEFjUPt7Iki22TsQHQQQP5/gxs5U3d2R1XUgB1p":{"registrationId":318416324,"currentRatchet":{"ephemeralKeyPair":{"pubKey":"BZe6p6K8n+17q3q/9YqwFUbX0XQHr2YS7QIgHEvnOQk0","privKey":"mDmqpCfbqBGKfo9rpFtIEUCUCa2IjE/7Ob87oxpRJk0="},"lastRemoteEphemeralKey":"BSeIZkcYbUM5f1A78lmyBvU9vNIv3T/RkFJS/92bDaA9","previousCounter":0,"rootKey":"3m4FjcAJDV9cXILlxq9DRrHeblwq5It6hRKPkF+sMqA="},"indexInfo":{"baseKey":"Bcx6QhEFjUPt7Iki22TsQHQQQP5/gxs5U3d2R1XUgB1p","baseKeyType":1,"closed":-1,"used":1733208108804,"created":1733208108804,"remoteIdentityKey":"BdQg1tzCfV5ePj1cCi5F5C1GZekO87SyuOiLKWECath+"},"_chains":{"BZe6p6K8n+17q3q/9YqwFUbX0XQHr2YS7QIgHEvnOQk0":{"chainKey":{"counter":2,"key":"q7O6YD3jjY468aQwZIOMDnAZO50/tLP2a8iuafiy5gg="},"chainType":1,"messageKeys":{}}},"pendingPreKey":{"signedKeyId":1,"baseKey":"Bcx6QhEFjUPt7Iki22TsQHQQQP5/gxs5U3d2R1XUgB1p"}}},"version":"v1"}