{"_sessions":{"BQpWRD5kiU4WgbGVKCZD5UKPYPFbGK+c6KX5YBhNd7xY":{"registrationId":526940113,"currentRatchet":{"ephemeralKeyPair":{"pubKey":"BcPVT/4NpVIhwLGsx9MQ0HARR9MGLxtZGFHVqAqsg2An","privKey":"aHMcz2m2klJGjswd98tHlO1horqGpE8IzmT4ZKq5T0g="},"lastRemoteEphemeralKey":"BVEVo571YS7rg8l9Wwihh4U67tduR9VDD2wpPKKzaec7","previousCounter":0,"rootKey":"AVDt8cK02fLoEBZKLWZVFoSTAsChTiwJLbviroyX1pw="},"indexInfo":{"baseKey":"BQpWRD5kiU4WgbGVKCZD5UKPYPFbGK+c6KX5YBhNd7xY","baseKeyType":1,"closed":-1,"used":1733208108698,"created":1733208108698,"remoteIdentityKey":"BcS8CbKiZWT+O+zpcsMGxUKPapK0mtw3+imq/qdWYBIv"},"_chains":{"BcPVT/4NpVIhwLGsx9MQ0HARR9MGLxtZGFHVqAqsg2An":{"chainKey":{"counter":2,"key":"lzHPBrVOnnHKw+5ny5bN69E+20y3gnrxTBNMH2pISAc="},"chainType":1,"messageKeys":{}}},"pendingPreKey":{"signedKeyId":0,"baseKey":"BQpWRD5kiU4WgbGVKCZD5UKPYPFbGK+c6KX5YBhNd7xY"}}},"version":"v1"}