{"_sessions":{"BZdgvwmUVnT4Qc1XJ93yIzye3aFVXBSm/uqCzcxrhnx3":{"registrationId":1925862086,"currentRatchet":{"ephemeralKeyPair":{"pubKey":"BRHyTXsyLBdee6zRGO95LcR7T12gNEkak6VWTlsxyE1X","privKey":"UHZ3cvYt4bChmhT8jOwdq1zVGmzlGwnerh3wZyt/Wlo="},"lastRemoteEphemeralKey":"BQdcTjMTYY7LgdP1X+macaphWaT+ePG1FYI8GHrR751F","previousCounter":0,"rootKey":"VeQDuSMzqRUPSfz3TwlU/cUm61+XYEeyAFKaSzwHLYc="},"indexInfo":{"baseKey":"BZdgvwmUVnT4Qc1XJ93yIzye3aFVXBSm/uqCzcxrhnx3","baseKeyType":1,"closed":-1,"used":1733208108705,"created":1733208108705,"remoteIdentityKey":"BRD/2WdDGo5YJbSzUIu0uEnWetr4sy6RiWooXwjNsLp5"},"_chains":{"BRHyTXsyLBdee6zRGO95LcR7T12gNEkak6VWTlsxyE1X":{"chainKey":{"counter":2,"key":"t41SSLKI/tOvQanprRpkwmsguwqIYkneYfZo93m1GrA="},"chainType":1,"messageKeys":{}}},"pendingPreKey":{"signedKeyId":1,"baseKey":"BZdgvwmUVnT4Qc1XJ93yIzye3aFVXBSm/uqCzcxrhnx3","preKeyId":4729914}}},"version":"v1"}