{"_sessions":{"BYpCmI3wsHkI9XnKms8wv6v6F5XnuV76n2D9Avvx1/1H":{"registrationId":295407197,"currentRatchet":{"ephemeralKeyPair":{"pubKey":"BZtNBFyD2r9eQ/AQuV8R7uLF2YbVhT0FKQ9NrpLFvul+","privKey":"kMDIQXyOsMfF7IzxX6YYSJpzN+NFa1C1INHRXVQ+mk0="},"lastRemoteEphemeralKey":"BYFj0Sv4fFuK7hbXKsxm6U0rIQ2zhI2/vQFVrfqDUZ5I","previousCounter":0,"rootKey":"/7b6JVwX1GZUIKJfOdWeSusX8C/3GY+/K3d5mojQKT0="},"indexInfo":{"baseKey":"BYpCmI3wsHkI9XnKms8wv6v6F5XnuV76n2D9Avvx1/1H","baseKeyType":1,"closed":-1,"used":1733208108680,"created":1733208108680,"remoteIdentityKey":"BTOr1I987gfd5fsNQxZofaTa+ha4Lr27aon1gTSp3mgb"},"_chains":{"BZtNBFyD2r9eQ/AQuV8R7uLF2YbVhT0FKQ9NrpLFvul+":{"chainKey":{"counter":2,"key":"Lc8f02yBfHJ5I1CXqe1Krjv0QmP95tuvaHiuAsPZ+ts="},"chainType":1,"messageKeys":{}}},"pendingPreKey":{"signedKeyId":10,"baseKey":"BYpCmI3wsHkI9XnKms8wv6v6F5XnuV76n2D9Avvx1/1H","preKeyId":13414137}}},"version":"v1"}