{"_sessions":{"BXBmBroH8guWLi8x6Pup44Ms45cJxlVthgJ7z0PmJatG":{"registrationId":1951022623,"currentRatchet":{"ephemeralKeyPair":{"pubKey":"BTW1tCIZvPc/XSppFboHjRtfVw4bh15kzptzTSHw+whw","privKey":"2OVBWyk3jiy3YCWHj7vjLge/c+L+F3CrGCpXMBwjcHY="},"lastRemoteEphemeralKey":"BYmMWnoLAnvhmaMmQN+FjXd5ASyoZgCtIyQmnoRNnPIn","previousCounter":0,"rootKey":"WTgMFPeg0pN5mjh+6YdK1kx+L8XPAFUVxhaWEKqYjWE="},"indexInfo":{"baseKey":"BXBmBroH8guWLi8x6Pup44Ms45cJxlVthgJ7z0PmJatG","baseKeyType":1,"closed":-1,"used":1733208108795,"created":1733208108795,"remoteIdentityKey":"BZZaLoc752slUSVrIOFnm6iM5dKzcqvlVJjP5FR+EUkZ"},"_chains":{"BTW1tCIZvPc/XSppFboHjRtfVw4bh15kzptzTSHw+whw":{"chainKey":{"counter":2,"key":"wyUaqQxF3uE6ZYy0py63Q91DMiDTEJ4DlXEkwr/24Bc="},"chainType":1,"messageKeys":{}}},"pendingPreKey":{"signedKeyId":0,"baseKey":"BXBmBroH8guWLi8x6Pup44Ms45cJxlVthgJ7z0PmJatG","preKeyId":1881714}}},"version":"v1"}