{"_sessions":{"BTDdUbeHfN/ib+tMZwvreafBIXuZc9ixWQwxwSBRgTwC":{"registrationId":1363844799,"currentRatchet":{"ephemeralKeyPair":{"pubKey":"Bf+A3R0Q2PQy9Nk8+J94eo/I+FrN+8VXmgpqp5hlWYQQ","privKey":"qD/hzJQFh4/K7DqAJnpNNU9d0SOJwQqXCMhK7xPOBUw="},"lastRemoteEphemeralKey":"BaOG6kbY6wntTa7E73oXw2I2Q/+huG+KhZucp+bBRoNc","previousCounter":0,"rootKey":"Z4o/yBiYPtWhUieeB1nRMGuZVaxsub82QjcnZiV1r20="},"indexInfo":{"baseKey":"BTDdUbeHfN/ib+tMZwvreafBIXuZc9ixWQwxwSBRgTwC","baseKeyType":2,"closed":-1,"used":1733207800462,"created":1733207800462,"remoteIdentityKey":"BQ1Q6Q6QuYd0hp9yxJMnn68EjFQspCz8uXvlspBV90RE"},"_chains":{"BaOG6kbY6wntTa7E73oXw2I2Q/+huG+KhZucp+bBRoNc":{"chainKey":{"counter":0,"key":"NbCFvHw/p95rreQYiyLqcAjsSGReINFqJ69wSOrQjx4="},"chainType":2,"messageKeys":{}},"Bf+A3R0Q2PQy9Nk8+J94eo/I+FrN+8VXmgpqp5hlWYQQ":{"chainKey":{"counter":2,"key":"X6ZT/HgZO0Dkel4bn3D6oLeKMk9HJ/nTZkdctTosDoo="},"chainType":1,"messageKeys":{}}}}},"version":"v1"}