{"_sessions":{"BWtumyB7JqlMXK8DwdY8Nkx6N+e+RRQ11JbGzfX3l7Jb":{"registrationId":2004895452,"currentRatchet":{"ephemeralKeyPair":{"pubKey":"BeCWrdqXZfXv8o+fghQrDQ+JyvcMXiCUdfIG9P/edI10","privKey":"QO+dgxp7G4UK+frTsN7+gjHqNfEHubUEauwqvPYnM0I="},"lastRemoteEphemeralKey":"BZ3QTx4Glu33PQ4iTZtzhxcNtKPjMz1fAralYGD6/S5o","previousCounter":106,"rootKey":"NHbVMmAilLSV5kxqaNDdbMxKDB5cwfYGWk8pP04suHs="},"indexInfo":{"baseKey":"BWtumyB7JqlMXK8DwdY8Nkx6N+e+RRQ11JbGzfX3l7Jb","baseKeyType":1,"closed":-1,"used":1733148181283,"created":1733137940223,"remoteIdentityKey":"Bdo3Hi1UJBxKpC093ZiJ9mcr0NWk0OPbYOVoSslz2ZMK"},"_chains":{"BZ3QTx4Glu33PQ4iTZtzhxcNtKPjMz1fAralYGD6/S5o":{"chainKey":{"counter":0,"key":"d9ezrYgz/68svOcjCmnQBcY1Aw+i4Ddtc+bN0tKn5Mk="},"chainType":2,"messageKeys":{}},"BeCWrdqXZfXv8o+fghQrDQ+JyvcMXiCUdfIG9P/edI10":{"chainKey":{"counter":174,"key":"WLvLJWdpyVgJ9QcvfhxI+UhvSWMm3XQgZQgDLFFq1Ko="},"chainType":1,"messageKeys":{}}}}},"version":"v1"}