{"_sessions":{"BVzyriZcva266cv6SMN7l2lg3TlOQf6gO1uETc92quEC":{"registrationId":12,"currentRatchet":{"ephemeralKeyPair":{"pubKey":"BcwQEwfEhOFNIckAFW4Fc7FmD8yEUezqK9o3o+D9EBxT","privKey":"WC0lDU3fY80mU1cbzq2aHUsZdR4pBPt5ehanqqT/DX0="},"lastRemoteEphemeralKey":"BQfvxiUMr26QB6r5hZ2tynLucHHNMClSgi+z4g+UzFA4","previousCounter":0,"rootKey":"F7B4KOizLMe8CYKjgaGy6latawyLftQFsE5GikQrZZg="},"indexInfo":{"baseKey":"BVzyriZcva266cv6SMN7l2lg3TlOQf6gO1uETc92quEC","baseKeyType":1,"closed":-1,"used":1733208108197,"created":1733208108197,"remoteIdentityKey":"BVYEi3gsOMWDdVPo015ghhWiWeqXfcnQLyIWutV1gmZ3"},"_chains":{"BcwQEwfEhOFNIckAFW4Fc7FmD8yEUezqK9o3o+D9EBxT":{"chainKey":{"counter":2,"key":"xvv7G7YiVc4LwRVvbH/PIdguPTmzVx0sOk37Iuz1f0M="},"chainType":1,"messageKeys":{}}},"pendingPreKey":{"signedKeyId":1,"baseKey":"BVzyriZcva266cv6SMN7l2lg3TlOQf6gO1uETc92quEC"}}},"version":"v1"}