{"_sessions":{"BUtwoVnI2QDL26ddioC/KdrKmFLZd+U9koc+MjAUe65l":{"registrationId":845209416,"currentRatchet":{"ephemeralKeyPair":{"pubKey":"BWiDVMPnZGI1KB0ZXPP0FGowJ/fBjTDDDGQkOC4eU5lq","privKey":"4FvAkTzRIKATJoystyN3h/ttZW4NbhK1l8SLDONK6nY="},"lastRemoteEphemeralKey":"BZJUPD7M2UvATg798GW7Piw3E534xQ4+epYmUJUTtrkb","previousCounter":0,"rootKey":"VOmqimnO0sR2McGJ3hmQH525cDmv/NUxk/HCGuJzVwk="},"indexInfo":{"baseKey":"BUtwoVnI2QDL26ddioC/KdrKmFLZd+U9koc+MjAUe65l","baseKeyType":1,"closed":-1,"used":1733208108644,"created":1733208108644,"remoteIdentityKey":"BfJZxHnyGy9mPdp1Hdy/sB4dNwA5Jso3Ow96CY+Qtu1C"},"_chains":{"BWiDVMPnZGI1KB0ZXPP0FGowJ/fBjTDDDGQkOC4eU5lq":{"chainKey":{"counter":2,"key":"o+XJgaFT2T8tzqpNb+ciZWaKOOtUq+YXsbfJOAQ1Le0="},"chainType":1,"messageKeys":{}}},"pendingPreKey":{"signedKeyId":4,"baseKey":"BUtwoVnI2QDL26ddioC/KdrKmFLZd+U9koc+MjAUe65l","preKeyId":9253824}}},"version":"v1"}