{"_sessions":{"BQzffEUhtW2oE4InLoAq0QHk3lXzKZYWaY+AopZ39fA+":{"registrationId":1183161249,"currentRatchet":{"ephemeralKeyPair":{"pubKey":"BSdmdDFzmbZjkOGXvWetFhUmk7s8YN2Jh/XBGLGW6iQG","privKey":"4HAupW1Nhr8YqA+/gVnrRrsH0MThgPIveP7i/kP1SnE="},"lastRemoteEphemeralKey":"BWX2mS+EBbYGIcCm8BPcznPmOXhAvvJG+116jNaW/fYy","previousCounter":0,"rootKey":"rjPlic7ahgvoqV/O8lexDQ6J81OqS2cK24isc9kYASc="},"indexInfo":{"baseKey":"BQzffEUhtW2oE4InLoAq0QHk3lXzKZYWaY+AopZ39fA+","baseKeyType":1,"closed":-1,"used":1733208108764,"created":1733208108764,"remoteIdentityKey":"BX96YCPXPdXgU9YRzp7rKF9iPXworh1UdPz2KacndLxQ"},"_chains":{"BSdmdDFzmbZjkOGXvWetFhUmk7s8YN2Jh/XBGLGW6iQG":{"chainKey":{"counter":2,"key":"/bCpYWtRAemiLRMQxjKpq0sGBQjdV+SXTAXCfC3xp+Q="},"chainType":1,"messageKeys":{}}},"pendingPreKey":{"signedKeyId":2,"baseKey":"BQzffEUhtW2oE4InLoAq0QHk3lXzKZYWaY+AopZ39fA+","preKeyId":1476728}}},"version":"v1"}