{"_sessions":{"BShbN26HT9Q+JD2mxglSO+7Y2Ue9go3EJFjZMseiVgoW":{"registrationId":316961479,"currentRatchet":{"ephemeralKeyPair":{"pubKey":"BT3Aii8c+ODEQZhmTDNFUYkpvWC86v2dJnsCTF6twRYQ","privKey":"MKIKB8c+zmKech2SN3eD/ywetSqhAcv0ViZyEdFoSE4="},"lastRemoteEphemeralKey":"BaQA4m8fg2N7zd81NboynNEAdsWs6rDCFJtDZnLCxUhm","previousCounter":0,"rootKey":"hbPvIdaisScuCVAeN89wywBej54lF/doH8ozkStP/Og="},"indexInfo":{"baseKey":"BShbN26HT9Q+JD2mxglSO+7Y2Ue9go3EJFjZMseiVgoW","baseKeyType":2,"closed":-1,"used":1733207757734,"created":1733207757734,"remoteIdentityKey":"BQcjT2IdEIyS71yvbrImS4NKXENp8LsIN3Lee6h7uPoc"},"_chains":{"BaQA4m8fg2N7zd81NboynNEAdsWs6rDCFJtDZnLCxUhm":{"chainKey":{"counter":0,"key":"QTB8R1m5OPj/sVg9TjCAYPQh2ztpx5s+RcqaxjizSMI="},"chainType":2,"messageKeys":{}},"BT3Aii8c+ODEQZhmTDNFUYkpvWC86v2dJnsCTF6twRYQ":{"chainKey":{"counter":2,"key":"A65/WPM5vV18Zh+SdDU9kIJ3jP+yRCNVKyTml2yDIv0="},"chainType":1,"messageKeys":{}}}}},"version":"v1"}