{"_sessions":{"BRFh+tUBuevN5mcSVKUGw7GSkcX2FwP3Xr/ukYO4n9Ei":{"registrationId":2060546821,"currentRatchet":{"ephemeralKeyPair":{"pubKey":"BZTRX9ODT6UeaJIBRe2w2OBA+5o/Ls+HGaBzIY9BUMtb","privKey":"MLf1N1QNtfFN1/Ecpmbbt5jhQs8WWG6QCOQmaGpTAEY="},"lastRemoteEphemeralKey":"BSvWtwIURnzWZTm9xGNxI0N79B9kQKPS/oCn9NoRBewq","previousCounter":0,"rootKey":"I+3e1LCcZLhDauHPGvuTDEwfimEZsvamMg/4WqReesQ="},"indexInfo":{"baseKey":"BRFh+tUBuevN5mcSVKUGw7GSkcX2FwP3Xr/ukYO4n9Ei","baseKeyType":1,"closed":-1,"used":1733208108672,"created":1733208108672,"remoteIdentityKey":"BVRbHW5+Osb6G1XOZo9iKWFDZLkyye94ufD3oQPJUt9K"},"_chains":{"BZTRX9ODT6UeaJIBRe2w2OBA+5o/Ls+HGaBzIY9BUMtb":{"chainKey":{"counter":2,"key":"tmB5qs1Thc9abktOqHEO3/8HDq1GU3DSE235tP20l08="},"chainType":1,"messageKeys":{}}},"pendingPreKey":{"signedKeyId":1,"baseKey":"BRFh+tUBuevN5mcSVKUGw7GSkcX2FwP3Xr/ukYO4n9Ei"}}},"version":"v1"}