{"_sessions":{"BZG4t7JPlXg7nqUNXO+lIrPVVfCRc5dOV/liugk3fb40":{"registrationId":193,"currentRatchet":{"ephemeralKeyPair":{"pubKey":"BQgdcBu392gWQ3KjNAAGNMqGRHb9a43tbKNZJ0rosqYU","privKey":"GELJYtu8Xj87Hdnb/aCW0N7axttZuB9xL89naTnyOnM="},"lastRemoteEphemeralKey":"BblgsL9jcRSWorsf+NEBuyCjqp20JerX7LulNA4cFOsO","previousCounter":0,"rootKey":"evu5UK6Dsn3/65GGQ5+tkMjiuKkfHh+vHy5RL4wDRAg="},"indexInfo":{"baseKey":"BZG4t7JPlXg7nqUNXO+lIrPVVfCRc5dOV/liugk3fb40","baseKeyType":1,"closed":-1,"used":1733208108180,"created":1733208108180,"remoteIdentityKey":"BYRddmUrFjWEi9aHWPxad3rsfVwR/NJESHD5feap8mQn"},"_chains":{"BQgdcBu392gWQ3KjNAAGNMqGRHb9a43tbKNZJ0rosqYU":{"chainKey":{"counter":2,"key":"e0oW6lN2uvgBk3C7CAVzVuog4fg18u/TwnAGYJrkp0c="},"chainType":1,"messageKeys":{}}},"pendingPreKey":{"signedKeyId":1,"baseKey":"BZG4t7JPlXg7nqUNXO+lIrPVVfCRc5dOV/liugk3fb40"}}},"version":"v1"}