{"_sessions":{"BZ5Qxw+zWLMjMSptihoxqb7PGaCdSuTwfeiY264SYAl2":{"registrationId":10440,"currentRatchet":{"ephemeralKeyPair":{"pubKey":"BcNDUPqSuCxA5I2mztbO6Hweb7wx4NNqkb2QN58QpO8i","privKey":"ENiOgm6nysOV+UaGjjiZl0mGCisDARjmunWWFyGHVUU="},"lastRemoteEphemeralKey":"BRxTYHFa7tdV8jRZnX4qfu889FVUjZzDKY7ipt5LYuY8","previousCounter":0,"rootKey":"IwbU8F8W2V/Uj1rur1ZvtXaMFS0T0O2LoBJFcqvEEO0="},"indexInfo":{"baseKey":"BZ5Qxw+zWLMjMSptihoxqb7PGaCdSuTwfeiY264SYAl2","baseKeyType":1,"closed":-1,"used":1733208108160,"created":1733208108160,"remoteIdentityKey":"BYAFRyCiqRuKTCoTu8g5HjKvoTCflaH/O2XF40FmYOtS"},"_chains":{"BcNDUPqSuCxA5I2mztbO6Hweb7wx4NNqkb2QN58QpO8i":{"chainKey":{"counter":2,"key":"4RNH6barEm3iTufCXe3WXPoD6Lr0lRTdxHznofIOcdI="},"chainType":1,"messageKeys":{}}},"pendingPreKey":{"signedKeyId":2,"baseKey":"BZ5Qxw+zWLMjMSptihoxqb7PGaCdSuTwfeiY264SYAl2"}}},"version":"v1"}