{"_sessions":{"BeC7n0n1AEUrj40V7w8BNtP6eF9OGSfYtN4ygrtmK4sU":{"registrationId":1283947337,"currentRatchet":{"ephemeralKeyPair":{"pubKey":"BR4A0F8CPhzyHP6b4VNP+tupbef5gbvllT/HTd5MWdQj","privKey":"iNLBlindMjO8a+8rDqjbj87MdFcj7gvHrsIdyqCz/lc="},"lastRemoteEphemeralKey":"BTNTzqiin35y8Vk+slfQ82XTpzD9SZ/xzZ+5oBVz34AP","previousCounter":0,"rootKey":"q1S9BMAK8Hbx+oUebIoPIFswG7kEvkgEjJZHdHDKCE8="},"indexInfo":{"baseKey":"BeC7n0n1AEUrj40V7w8BNtP6eF9OGSfYtN4ygrtmK4sU","baseKeyType":1,"closed":-1,"used":1733208108831,"created":1733208108831,"remoteIdentityKey":"BRrS3gblz1/CRXWemn0Nujyc0TAotXa4P5dBmUdjWGhZ"},"_chains":{"BR4A0F8CPhzyHP6b4VNP+tupbef5gbvllT/HTd5MWdQj":{"chainKey":{"counter":2,"key":"4Kz5TLMRcQsiRZK8MoVAZqcvYyHUCfC3g0FEC+Mx+JI="},"chainType":1,"messageKeys":{}}},"pendingPreKey":{"signedKeyId":2,"baseKey":"BeC7n0n1AEUrj40V7w8BNtP6eF9OGSfYtN4ygrtmK4sU","preKeyId":7472719}}},"version":"v1"}