{"_sessions":{"BR0vBGtjc+kx1aKQybcoAJEGDGY2avkTzfTS/hBocfdV":{"registrationId":101,"currentRatchet":{"ephemeralKeyPair":{"pubKey":"BfRIizqbQMTYMUpWlHydJctA76IFQSEI5/ajJRI2TIUW","privKey":"AISYQe32WYvPAHxcx4XMS6pHbJiALOw6uWNRrjRvnnc="},"lastRemoteEphemeralKey":"Bd8EKwZhahskRTokNwvsZhLGzb98eoNQWslkEG1nsUoV","previousCounter":0,"rootKey":"D5M4wfN8wi1g3m2KtqDmEDAyTuneYx9W/7rFQPkPbwA="},"indexInfo":{"baseKey":"BR0vBGtjc+kx1aKQybcoAJEGDGY2avkTzfTS/hBocfdV","baseKeyType":1,"closed":-1,"used":1733208108457,"created":1733208108457,"remoteIdentityKey":"BaIuBVjeJf0jPy+OTj9YRBXLtEG3M0F0/g20Ppykhz0/"},"_chains":{"BfRIizqbQMTYMUpWlHydJctA76IFQSEI5/ajJRI2TIUW":{"chainKey":{"counter":2,"key":"VpDZ6/0kArFj3Nnuqx5e2wJSbxKuL7FlxxZ48/mWvFw="},"chainType":1,"messageKeys":{}}},"pendingPreKey":{"signedKeyId":1,"baseKey":"BR0vBGtjc+kx1aKQybcoAJEGDGY2avkTzfTS/hBocfdV"}}},"version":"v1"}