{"_sessions":{"BVtXK1HDXGddDLaktdGL0lIrcOV+U7YuRYm7UAacFBw0":{"registrationId":180,"currentRatchet":{"ephemeralKeyPair":{"pubKey":"BVMGwZV4EOh1qd8XEPZix+YoXSteAPDqp4KSq8Vr5yBT","privKey":"ACxvCavGctA+BBF3XufFYrcpaCfLhrfAScCIovgkhlA="},"lastRemoteEphemeralKey":"BV7Pzv8U3FiRNWpCDFuqo4UPf4DgE2i0cauZak1sQa4R","previousCounter":0,"rootKey":"wKKHwvdUeHPzxzcJE61/DdR9z1N5UjGqpYD8Mics51Y="},"indexInfo":{"baseKey":"BVtXK1HDXGddDLaktdGL0lIrcOV+U7YuRYm7UAacFBw0","baseKeyType":1,"closed":-1,"used":1733208108331,"created":1733208108331,"remoteIdentityKey":"BUYF8YUTFGa8pitnk134BgR5fdM7TPvZR5NJ/zRvsmkX"},"_chains":{"BVMGwZV4EOh1qd8XEPZix+YoXSteAPDqp4KSq8Vr5yBT":{"chainKey":{"counter":2,"key":"Cc5k2lvMrxv+/G5wEJqNtjZoF2nxRDYiVEvYnhG8XIA="},"chainType":1,"messageKeys":{}}},"pendingPreKey":{"signedKeyId":1,"baseKey":"BVtXK1HDXGddDLaktdGL0lIrcOV+U7YuRYm7UAacFBw0"}}},"version":"v1"}