{"_sessions":{"BQt8C4Oor78SLLEghfIddy8vhH8crkiDSEoAVa6VWLsH":{"registrationId":246,"currentRatchet":{"ephemeralKeyPair":{"pubKey":"BZgUm5qZxI8CpVo6HwkmbOcb/HTOTg79t8/Z5uqNBE9T","privKey":"CJwWc5S9KCggsOvD4Rt35ZJnfwJqUi4YBv67YW9kumk="},"lastRemoteEphemeralKey":"BTXw1idr6G9Xr6MX91XZuBTReJVlWUqYtkBBwqMiRvhG","previousCounter":2,"rootKey":"yW2ClSCW/7pXwA4FwEuZZaTqLaq6IVXfOMvXtKXXs/Y="},"indexInfo":{"baseKey":"BQt8C4Oor78SLLEghfIddy8vhH8crkiDSEoAVa6VWLsH","baseKeyType":2,"closed":-1,"used":1733149106693,"created":1733148709396,"remoteIdentityKey":"BfHGuwfvBS0w2ZDPu7MdSlNXMADZpJQu6twl7Qq40Rs1"},"_chains":{"Be2XWwGfEITNr/oZ+046yHGlXV705e/Q04vgsTWYjjd6":{"chainKey":{"counter":2},"chainType":2,"messageKeys":{"1":"QagKK68arKTA4oinz5baQyxjOIwsDB5BV0qs0iAfMz8="}},"BYOEaCCtpuKm3eE99kxViv+2ocsNAjUk8klDIHzyBr1G":{"chainKey":{"counter":6},"chainType":2,"messageKeys":{"0":"9sU/bQHxnQ1MglUflu8TC2BuN1Xv/zux7yy1FmCR3Lk=","3":"cvTtLrw9mmYy5g0apQBxjyMd9/h3pisJwa9VJ/CeJJI=","5":"w0hzmuwK0afjFh3BxU+9YJsWz3VtQJ/fnD6srWdc+8E="}},"BTZmw39re5U1vGTecXaO4HMudMppUyvsaVGucFOPZAYb":{"chainKey":{"counter":3},"chainType":2,"messageKeys":{"0":"n3VKwqEHV7B7CwyJmmigprts99zHJE4fgkCZpW06A7M=","2":"WhrEu+PDgPQTPKMpHJ0wjh+v5B8N9lfGlSU6GYs1GWM="}},"BaFV47A6F4u0V3RvTxNyFZMHi4zy5edbrTdWYzLTwRFs":{"chainKey":{"counter":4},"chainType":2,"messageKeys":{"1":"cV9+KQm0epbSt3OP+89JnPWLinJqYuoJxIE28ZIILUQ=","3":"HGFIdD8CFpHr2tB2mUUm85JVg0Sz7ZWuRlVdMD2/c5A="}},"BTXw1idr6G9Xr6MX91XZuBTReJVlWUqYtkBBwqMiRvhG":{"chainKey":{"counter":1,"key":"V4aF/GhGjZUxjPYEYFs8bWm+Xaxrj2ayllkRmE9Wiqw="},"chainType":2,"messageKeys":{"0":"Rz9ojQrWTXDWpcHLb1wlsaiAsOlFiXPijufrn1whcpc="}},"BZgUm5qZxI8CpVo6HwkmbOcb/HTOTg79t8/Z5uqNBE9T":{"chainKey":{"counter":46,"key":"mfqZRlob385+mYEoTMdH3vApRutBA6R2jZL9Kw5zzaw="},"chainType":1,"messageKeys":{}}}}},"version":"v1"}