{"_sessions":{"BYjy7Mr92ifMRYGkw7B18DQbxQYQHxG1ydg1ppmARjd3":{"registrationId":2056858652,"currentRatchet":{"ephemeralKeyPair":{"pubKey":"BVgzUIAHUbPg+/0bBxay+0dHvwEM7Qzhc7trKtiTTo5y","privKey":"0L+FrdiUZnabrFWrzkemhUdTn2/FjmmIwt/nUMFrvkw="},"lastRemoteEphemeralKey":"BaUth4CAEK3WqhAyMNhRP2lIWkhUi2uHIhOJIRu3WPJq","previousCounter":0,"rootKey":"+r2e/g35/+z6Q4Kb5qhA9jTIIYBnE1I6egtXe1nKurQ="},"indexInfo":{"baseKey":"BYjy7Mr92ifMRYGkw7B18DQbxQYQHxG1ydg1ppmARjd3","baseKeyType":2,"closed":-1,"used":1733207760841,"created":1733207760841,"remoteIdentityKey":"BSFFHvvmGpGqqpXjY3CPZY8Q4p6M42VXAaxhHWKu39xx"},"_chains":{"BaUth4CAEK3WqhAyMNhRP2lIWkhUi2uHIhOJIRu3WPJq":{"chainKey":{"counter":0,"key":"PfTb0l5Xj67a9cuPK6sqiS9oKf+wvMpkZw6hKihWKrc="},"chainType":2,"messageKeys":{}},"BVgzUIAHUbPg+/0bBxay+0dHvwEM7Qzhc7trKtiTTo5y":{"chainKey":{"counter":2,"key":"61dlVlq+J5od9aDAgi4oXYRI3VW1gWziuggZdyuw12c="},"chainType":1,"messageKeys":{}}}}},"version":"v1"}