{"_sessions":{"BeOzYm9mdTyfu5NhTodp2rAUzMlTKSJ2yq4216tmHABP":{"registrationId":7220,"currentRatchet":{"ephemeralKeyPair":{"pubKey":"BXNx0SQd7JCuPt4bqVZ7P4+FxMgN6xkontINqWQwE9Vt","privKey":"ULbTF0thFuBa5SCjaY4MQB++4KsBbkznS5pbHkYRJlE="},"lastRemoteEphemeralKey":"BRTVlsAGAmTmOO3/H1F+ct+iiiufX6t87bYs8YbYq8Jj","previousCounter":0,"rootKey":"8IXTi4bUFRzd07FXcqFAi3V9E6oP2rPjLgDcGQ7EIY8="},"indexInfo":{"baseKey":"BeOzYm9mdTyfu5NhTodp2rAUzMlTKSJ2yq4216tmHABP","baseKeyType":1,"closed":-1,"used":1733208108427,"created":1733208108427,"remoteIdentityKey":"BXAzTuu8jN7ueS3bmm5XAn1iBk1sO7HIbDInFADQ4vwI"},"_chains":{"BXNx0SQd7JCuPt4bqVZ7P4+FxMgN6xkontINqWQwE9Vt":{"chainKey":{"counter":2,"key":"jnOjWll0mNjoOGdw4tkp3RdA66GxH2yOvV/Q62tQW5s="},"chainType":1,"messageKeys":{}}},"pendingPreKey":{"signedKeyId":1,"baseKey":"BeOzYm9mdTyfu5NhTodp2rAUzMlTKSJ2yq4216tmHABP","preKeyId":6331}}},"version":"v1"}