{"_sessions":{"BfLksEmei6P7GfnXmTYk3NqFZetzGww3E/8Mb/e+GIMy":{"registrationId":192,"currentRatchet":{"ephemeralKeyPair":{"pubKey":"BdfyvHVuxgwh6MlAjAYVOiw/Kq6APfGkswZT3PLuC2AL","privKey":"ACpiXbT+qomILh2uPrEO1O2dsJL9aLOfsJI+KnEo60U="},"lastRemoteEphemeralKey":"BfpuVwNAMMPGog66myFMU890ln5oJ9dyatMhd6m5DMFf","previousCounter":0,"rootKey":"svkQcDu2CJY6nGlwAHDnA+Jdb58FfYiTaCOonIqVmL0="},"indexInfo":{"baseKey":"BfLksEmei6P7GfnXmTYk3NqFZetzGww3E/8Mb/e+GIMy","baseKeyType":1,"closed":-1,"used":1733208108254,"created":1733208108254,"remoteIdentityKey":"Ba4ZU/woa3iED868vOSuJc8XEbxQb0eY7Nx6YUQGoPE9"},"_chains":{"BdfyvHVuxgwh6MlAjAYVOiw/Kq6APfGkswZT3PLuC2AL":{"chainKey":{"counter":2,"key":"NFJOuBiF4JDzpVvw0zLAW85iYzRT03/A0WJlrbM3RTI="},"chainType":1,"messageKeys":{}}},"pendingPreKey":{"signedKeyId":1,"baseKey":"BfLksEmei6P7GfnXmTYk3NqFZetzGww3E/8Mb/e+GIMy"}}},"version":"v1"}