{"_sessions":{"BSwcNa/tosYNfh5FPcc76qnBRqjcz4y+7NieWpdeUt97":{"registrationId":15,"currentRatchet":{"ephemeralKeyPair":{"pubKey":"BW7qJqnfF27DHbm5Tkr0ormE6sPziYIfIVx7LQSncURA","privKey":"mEp9WTTdPripfWWd/JI3HVOodyLtndrPTyY45P1wZnE="},"lastRemoteEphemeralKey":"BY1qjJCmwOB5bsfbocvqSAfDtgS/36+Y+BXS+u+SckIx","previousCounter":0,"rootKey":"0Rs8AR4cG+h8pv7vxCDQ7viA1f+EJ1ZVzarHTV44NIM="},"indexInfo":{"baseKey":"BSwcNa/tosYNfh5FPcc76qnBRqjcz4y+7NieWpdeUt97","baseKeyType":2,"closed":-1,"used":1733207827927,"created":1733207827927,"remoteIdentityKey":"BWwViQmRuS9CaWxCMLZH/s6uxSVoOEHasFL6qF2nZkc/"},"_chains":{"BY1qjJCmwOB5bsfbocvqSAfDtgS/36+Y+BXS+u+SckIx":{"chainKey":{"counter":0,"key":"5GfxPT+j8vXVrJCC56Y1k1ttycGeS7Sl0UKwculltI8="},"chainType":2,"messageKeys":{}},"BW7qJqnfF27DHbm5Tkr0ormE6sPziYIfIVx7LQSncURA":{"chainKey":{"counter":-1,"key":"/diUhSHXSPJ+1q68HfVpZd+/wSbQpx4P9Wbs4OMqAqA="},"chainType":1,"messageKeys":{}}}}},"version":"v1"}