{"_sessions":{"Beu+i3tJ2slgSujdp5Ypd7EvKpg0fHBxq0jUWZ07EoxH":{"registrationId":682725249,"currentRatchet":{"ephemeralKeyPair":{"pubKey":"BRpmaf5WFKEe/wJFsF1ZVa28FBxt1VTEaZtLMZz1+4p4","privKey":"CNk2WaX+U4f6OMrw92paXxESHDtFFCf/BJtJ5Ow8CWo="},"lastRemoteEphemeralKey":"Ba8LzppE0t8pu2W6sYfK3OCswdXVoqrlt6FkihaH9gAX","previousCounter":0,"rootKey":"XWUHh24M3gYaZpVGLW37LIQUNKVbYoEC6zh16PDI8jE="},"indexInfo":{"baseKey":"Beu+i3tJ2slgSujdp5Ypd7EvKpg0fHBxq0jUWZ07EoxH","baseKeyType":2,"closed":-1,"used":1733207753473,"created":1733207753473,"remoteIdentityKey":"BY2nI/DQTPyR4P/f5rAxw1xSzzFimTo9RnsGv16r5WAj"},"_chains":{"Ba8LzppE0t8pu2W6sYfK3OCswdXVoqrlt6FkihaH9gAX":{"chainKey":{"counter":0,"key":"tGkvXp3JJNiGMMLwjoKmi5SFhwxQFBmbsaiYsUrBl/Q="},"chainType":2,"messageKeys":{}},"BRpmaf5WFKEe/wJFsF1ZVa28FBxt1VTEaZtLMZz1+4p4":{"chainKey":{"counter":2,"key":"oU6x/gES6b+okP9F8dlE9lIDTduSDyQ1p8334G+W9w8="},"chainType":1,"messageKeys":{}}}}},"version":"v1"}