{"_sessions":{"BbYRRu5mV88N6D69tUJdErXh2TuyX9S2xcJHUDDZRdZP":{"registrationId":59902500,"currentRatchet":{"ephemeralKeyPair":{"pubKey":"BWGJAtaSNqZbcCgExphWDwBdQQw4hki4n40nfGVUXGAw","privKey":"YG41foeeFy4TQhu5oXytQo0hMKacI56iuflPO5WZnVo="},"lastRemoteEphemeralKey":"BUVHqGUK8l5d8Kea8SGyiPgRAqoHwUV7rUiNvAEZI3MZ","previousCounter":0,"rootKey":"7SqmUWONMLpeWEMuoi6pAUbW3b66KLgeARtjl59DKJY="},"indexInfo":{"baseKey":"BbYRRu5mV88N6D69tUJdErXh2TuyX9S2xcJHUDDZRdZP","baseKeyType":2,"closed":-1,"used":1733207788598,"created":1733207788598,"remoteIdentityKey":"BSLWF0knJQafMgpFTfJwYQ2kFRhQNSgP0fjWpXvWP3RC"},"_chains":{"BUVHqGUK8l5d8Kea8SGyiPgRAqoHwUV7rUiNvAEZI3MZ":{"chainKey":{"counter":0,"key":"E+sD2IA8hwk6yzEHXbXQEj/eJxO2AOQiXANPQZ/B61s="},"chainType":2,"messageKeys":{}},"BWGJAtaSNqZbcCgExphWDwBdQQw4hki4n40nfGVUXGAw":{"chainKey":{"counter":2,"key":"TS6yo8KnZijc4zlUUIlavMwMdviBxaSwVR8Er8+iDzM="},"chainType":1,"messageKeys":{}}}}},"version":"v1"}