{"_sessions":{"BSlLsvZCB4TBa4uwXxRQXZK2pbPnW8oZ5rv0RBcVfid9":{"registrationId":1976558492,"currentRatchet":{"ephemeralKeyPair":{"pubKey":"BVQFdDXyDnDhNvTEusk2bUOooEE9NDHlfDU1FN2kX5MW","privKey":"CGsr8rraDtea/AvAGH8UGnncvVh+k6FNzjLNMa/HKHE="},"lastRemoteEphemeralKey":"BfzhSUosiL+gK7E5bOoHxdMU3+BabkXWarn9c5y9aW5i","previousCounter":0,"rootKey":"hMP5y2RSE//6Av7zJRG2AXMjnVAXh4fZr5kximTFCfU="},"indexInfo":{"baseKey":"BSlLsvZCB4TBa4uwXxRQXZK2pbPnW8oZ5rv0RBcVfid9","baseKeyType":2,"closed":-1,"used":1733207761867,"created":1733207761867,"remoteIdentityKey":"BcazUDXVENEb2RyvmZWux0CnylhjDlSLIviaaDRGxtEb"},"_chains":{"BfzhSUosiL+gK7E5bOoHxdMU3+BabkXWarn9c5y9aW5i":{"chainKey":{"counter":0,"key":"qcJm6vnCEX3yrPSybNQt3j2gvHMxmnIYATkMr34aBRw="},"chainType":2,"messageKeys":{}},"BVQFdDXyDnDhNvTEusk2bUOooEE9NDHlfDU1FN2kX5MW":{"chainKey":{"counter":2,"key":"O247+cyoTxKcP6bt7e6HdcLaWHBGNJv9FVnpQbo/Jpo="},"chainType":1,"messageKeys":{}}}}},"version":"v1"}