{"_sessions":{"Bep24kAmdbTYi9Wh9ua9KMknbmBwDGd2QRXkXcruh4Zc":{"registrationId":1494385182,"currentRatchet":{"ephemeralKeyPair":{"pubKey":"BVYXsuojmC0t0jp2/NltubLyKoXCTY9UvdIUPhBPtewK","privKey":"QId6WQ/0gWYhvJ1qqhKlvcSYix+It9quxJabGDhwzms="},"lastRemoteEphemeralKey":"BfZl0jzFv3YjBmj+u+l0aBR7U/VyTygVWVxT4m9DS+wW","previousCounter":0,"rootKey":"TL09NYGAj13Je8pWDUN4UnownTRlPIh0LpEULMtvJ7E="},"indexInfo":{"baseKey":"Bep24kAmdbTYi9Wh9ua9KMknbmBwDGd2QRXkXcruh4Zc","baseKeyType":2,"closed":-1,"used":1733207769024,"created":1733207769024,"remoteIdentityKey":"BbEL6I1OZa2M0M+MDGmSQpAgclNMhfq48z6AFsE+En5e"},"_chains":{"BfZl0jzFv3YjBmj+u+l0aBR7U/VyTygVWVxT4m9DS+wW":{"chainKey":{"counter":1,"key":"F/mleggNsb8Kjy/e7ZziTVVk8dTSs7MGCazEnm6oIRY="},"chainType":2,"messageKeys":{"0":"oJJc5aM/EAvLA6CMoOLAukjxBrDijw5KOnkgapVZjV4="}},"BVYXsuojmC0t0jp2/NltubLyKoXCTY9UvdIUPhBPtewK":{"chainKey":{"counter":2,"key":"XUh/mSGt9A35J3KLQ4ed+H6ihvC4/vTn6TM3hM+vNUI="},"chainType":1,"messageKeys":{}}}}},"version":"v1"}