{"_sessions":{"BTNTMYkfuWCeOwQMlDHFJY1mKHIRTHfW04rxXnwLuS9d":{"registrationId":802593346,"currentRatchet":{"ephemeralKeyPair":{"pubKey":"BQiVsaWx6LgIbWW0hlrJs/M6ndN3HGypvcYvLEq38n5O","privKey":"WO+EofZI+NpklVhXjJD1c7GDAF178BcTrMtpmU3yk2k="},"lastRemoteEphemeralKey":"BcMYT4keFvhR0ztJP5r7vf7bthNTdYfQKXGCOM4kG99N","previousCounter":0,"rootKey":"qkKQRL7aQofvICtq6hxVzAgLC/0wkHz3WTdtOr7Tk1A="},"indexInfo":{"baseKey":"BTNTMYkfuWCeOwQMlDHFJY1mKHIRTHfW04rxXnwLuS9d","baseKeyType":1,"closed":-1,"used":1733208108745,"created":1733208108745,"remoteIdentityKey":"Bd2g+FJUCLhYAqKQJiyvr/2WXCmsBjnDIzGgcFj2Zc98"},"_chains":{"BQiVsaWx6LgIbWW0hlrJs/M6ndN3HGypvcYvLEq38n5O":{"chainKey":{"counter":2,"key":"oV9CDTM4LHQteUgkMieDEh7Fh3ruO+qIEteRnOoplh0="},"chainType":1,"messageKeys":{}}},"pendingPreKey":{"signedKeyId":2,"baseKey":"BTNTMYkfuWCeOwQMlDHFJY1mKHIRTHfW04rxXnwLuS9d"}}},"version":"v1"}