{"_sessions":{"BRnU5pM0pQNkuC8QifaY0mtXStgUFWY31kLbmVQc4uk6":{"registrationId":1160539075,"currentRatchet":{"ephemeralKeyPair":{"pubKey":"BTfzAG0WqzUwCc2uRaw2UKCV1gZv8XcqD5M3Ac/bl2si","privKey":"kNhzST6mcP+3ZZTbw357dY2VM0mKBlSPrECdx60zDX0="},"lastRemoteEphemeralKey":"BZvijhVsLq7Tzpw8EXkVGSYQh7cWEXOMZaB5WQ8xHiMd","previousCounter":0,"rootKey":"2Fok9PzJxsOAue+Ej1XQ6TbEEa4V9/hK9XTeoX4Zacc="},"indexInfo":{"baseKey":"BRnU5pM0pQNkuC8QifaY0mtXStgUFWY31kLbmVQc4uk6","baseKeyType":1,"closed":-1,"used":1733208108562,"created":1733208108562,"remoteIdentityKey":"BaGR9aKiMfkSj9KIcHRZwTnMdMYv60GPpu6XtbCoyv4w"},"_chains":{"BTfzAG0WqzUwCc2uRaw2UKCV1gZv8XcqD5M3Ac/bl2si":{"chainKey":{"counter":2,"key":"+vT9w6oAQz9LT5dvbIYFWVzmJeajW/t15en+F+3G9mE="},"chainType":1,"messageKeys":{}}},"pendingPreKey":{"signedKeyId":0,"baseKey":"BRnU5pM0pQNkuC8QifaY0mtXStgUFWY31kLbmVQc4uk6"}}},"version":"v1"}