{"_sessions":{"BRmXr9mkKqWawQXnRhZN8b07regoTFs7jAN5sHjdOmB2":{"registrationId":1810495635,"currentRatchet":{"ephemeralKeyPair":{"pubKey":"BWRAwDjhcpMzPlj2/Il8BYC/PQuaF87PKps8f7WKgalW","privKey":"QF/5h5+hn/8PznS9BbWxQvle6qA5nDyL/WlYf5AoYHU="},"lastRemoteEphemeralKey":"BQ0Upuyioi44471wlg75n1QWqKq2by8Y9EBQcrLGj4EF","previousCounter":0,"rootKey":"/CENlwi9v7fa49vYcdvgIXk/bPosFOOAadzGQowyFdw="},"indexInfo":{"baseKey":"BRmXr9mkKqWawQXnRhZN8b07regoTFs7jAN5sHjdOmB2","baseKeyType":1,"closed":-1,"used":1733208108696,"created":1733208108696,"remoteIdentityKey":"BTVvP9cz9oX40d2HZjGVCKKLfC2pYUUaYYd161M+1u0e"},"_chains":{"BWRAwDjhcpMzPlj2/Il8BYC/PQuaF87PKps8f7WKgalW":{"chainKey":{"counter":2,"key":"IctoJHRoKrw5YhDc98i8LgO09SWx0y/o4t2/9atXUzQ="},"chainType":1,"messageKeys":{}}},"pendingPreKey":{"signedKeyId":14,"baseKey":"BRmXr9mkKqWawQXnRhZN8b07regoTFs7jAN5sHjdOmB2","preKeyId":15741991}}},"version":"v1"}