{"_sessions":{"Bfz5V6G6Gdv6cYpRX5dY42TjZtrZJpl9g+goGTM7LOtC":{"registrationId":1461776183,"currentRatchet":{"ephemeralKeyPair":{"pubKey":"BVtB2lJUBx/YwPHl+Rx+WhQlCBon0+L5KfkapBXGgqAF","privKey":"CBnps+92v7Q5oBa0S2AMkqE8xdMqNchPSr3TUN4X4mo="},"lastRemoteEphemeralKey":"BXpvy0mp0kW5/XCKWSap8pGHo+da0HSKmIYoLhHp0kwm","previousCounter":0,"rootKey":"LMcqduAkIbHjST8SJvqw2f3ewuTskFmeBHPLRTm4Zzw="},"indexInfo":{"baseKey":"Bfz5V6G6Gdv6cYpRX5dY42TjZtrZJpl9g+goGTM7LOtC","baseKeyType":1,"closed":-1,"used":1733208108628,"created":1733208108628,"remoteIdentityKey":"BZgEL1SLSsAShYpkEvKfGjkwAHBjuY3UBTMHM12eWmEQ"},"_chains":{"BVtB2lJUBx/YwPHl+Rx+WhQlCBon0+L5KfkapBXGgqAF":{"chainKey":{"counter":2,"key":"civD0vZxLPe0W+8IDtYcso3nMx731bxKdtPMP55WUh0="},"chainType":1,"messageKeys":{}}},"pendingPreKey":{"signedKeyId":10,"baseKey":"Bfz5V6G6Gdv6cYpRX5dY42TjZtrZJpl9g+goGTM7LOtC","preKeyId":14957837}}},"version":"v1"}