{"_sessions":{"BTSd4CC1rlbdGq0UId+1P8YH5956RJa8OYZGeQqCrWlx":{"registrationId":2111196875,"currentRatchet":{"ephemeralKeyPair":{"pubKey":"BZQ1XzULKFCkYcxD7YQDM2pTKBlVHwEfUCZ+8ej4U4tj","privKey":"IAGNt/6JWlmA9HuZ4O/g/MzX/F+nNOxtO9pNwINLVG0="},"lastRemoteEphemeralKey":"Bdxy2qcL91BHIaWV6rDjt6Ygn+hG8NV9P2Ifs449nrFI","previousCounter":0,"rootKey":"VQH5CmsMvg/+2ebsUKjt+xwv3Qt4y3JZOXBZtTFLHLY="},"indexInfo":{"baseKey":"BTSd4CC1rlbdGq0UId+1P8YH5956RJa8OYZGeQqCrWlx","baseKeyType":2,"closed":-1,"used":1733207824922,"created":1733207824922,"remoteIdentityKey":"BfFr+n8ps0hV3lZzfDty7TPF6kHBoE9FiWs61xuCaoNd"},"_chains":{"Bdxy2qcL91BHIaWV6rDjt6Ygn+hG8NV9P2Ifs449nrFI":{"chainKey":{"counter":0,"key":"NVDDtMN/us5s0UASqUYD3uAsCDGfS2RNnvQN4pfsZ+U="},"chainType":2,"messageKeys":{}},"BZQ1XzULKFCkYcxD7YQDM2pTKBlVHwEfUCZ+8ej4U4tj":{"chainKey":{"counter":2,"key":"fotNr3jq8eO9lxXZ5KIDpdZrD7aOrzTOZWyuUlE9R1s="},"chainType":1,"messageKeys":{}}}}},"version":"v1"}