{"_sessions":{"BV05PMe/0gOONAEpFj2osWGQBe/a9zYRZMYP0ySNwCQA":{"registrationId":1157065055,"currentRatchet":{"ephemeralKeyPair":{"pubKey":"BZvGl2VeXUDk+Fgp5XK6T5zk/3y6HaaPcuKUQcEykeUF","privKey":"AOdJ7CPyv9mGUHTpHMD/RbdygGT2Es2OPacFeiX6OU4="},"lastRemoteEphemeralKey":"BaU7HwN0EyTVhAgJsVXQx+mM9wXcQfJZbNk4TSwb3QQ/","previousCounter":0,"rootKey":"UmNtls3Qtzkl2JHXellzOGKQqxIr7e9yDsFaIascxmY="},"indexInfo":{"baseKey":"BV05PMe/0gOONAEpFj2osWGQBe/a9zYRZMYP0ySNwCQA","baseKeyType":1,"closed":-1,"used":1733208108626,"created":1733208108626,"remoteIdentityKey":"BXDz3w3z19O0vSz3Eo/ld/F7s/JIj0+1nn316ZOGAr49"},"_chains":{"BZvGl2VeXUDk+Fgp5XK6T5zk/3y6HaaPcuKUQcEykeUF":{"chainKey":{"counter":2,"key":"Y94LoLvFNfQMHk7+1ViedwepapHy4uVnIgSaX7p0Utg="},"chainType":1,"messageKeys":{}}},"pendingPreKey":{"signedKeyId":3,"baseKey":"BV05PMe/0gOONAEpFj2osWGQBe/a9zYRZMYP0ySNwCQA","preKeyId":1431078}}},"version":"v1"}