{"_sessions":{"BdFbeRnY1rKy4H+KmMaXMrpixqY9pBIARmRwd4A5Fklf":{"registrationId":15795,"currentRatchet":{"ephemeralKeyPair":{"pubKey":"BRXiRYujuvzbykoUqfBe2oXmH7Dh24MepNMtgIwV3E1Y","privKey":"AKflNjYR1JpODqkouoehyyaBGPig9iHogD3SLM3ZcH0="},"lastRemoteEphemeralKey":"BXr2yiRlWVbgM6x7Dwf8ZSoS3BkAAcz4P9fKwMBPoikY","previousCounter":0,"rootKey":"QCkeKpVZ5UE4isA4MCiUwOh5PcR/+X+98nwfBG/HWDI="},"indexInfo":{"baseKey":"BdFbeRnY1rKy4H+KmMaXMrpixqY9pBIARmRwd4A5Fklf","baseKeyType":1,"closed":-1,"used":1733208108376,"created":1733208108376,"remoteIdentityKey":"BW4gzG91MupAEXGJcCXi1ldPY8V/gVkw3WnMxt37hcRz"},"_chains":{"BRXiRYujuvzbykoUqfBe2oXmH7Dh24MepNMtgIwV3E1Y":{"chainKey":{"counter":2,"key":"mPhxVSyCUjg1uMQjd6LYjE+sZ1nRjgUfXvSiBUxADro="},"chainType":1,"messageKeys":{}}},"pendingPreKey":{"signedKeyId":1,"baseKey":"BdFbeRnY1rKy4H+KmMaXMrpixqY9pBIARmRwd4A5Fklf"}}},"version":"v1"}