{"_sessions":{"Bcm6DAtoljtv3sDTUBxLul8CyUk0/8l5/yCru4NskwNf":{"registrationId":117,"currentRatchet":{"ephemeralKeyPair":{"pubKey":"BfSxZjRSsGGpks9VhM6OkAyiB9ueKrya+3vFN00N/Ix3","privKey":"cFAh60wVe30Pdd5p0bCho/tY5SGbPDySrhbaix13XXA="},"lastRemoteEphemeralKey":"BT24dcRV4QVtsrHZhbw93UK2StXp9JRBdxCi8+xqna4x","previousCounter":0,"rootKey":"2DFLgrlN042B3wsGU6jeSaT0fFY+2rQBrgwsqEiMtrI="},"indexInfo":{"baseKey":"Bcm6DAtoljtv3sDTUBxLul8CyUk0/8l5/yCru4NskwNf","baseKeyType":1,"closed":-1,"used":1733208108245,"created":1733208108245,"remoteIdentityKey":"BZesGzB8C/RoWsWGXOA2HHrrC6f3P6rG3/ZEg6C9ulIq"},"_chains":{"BfSxZjRSsGGpks9VhM6OkAyiB9ueKrya+3vFN00N/Ix3":{"chainKey":{"counter":2,"key":"tzfbrJiXPlk9x5GcxutOWKSB1/s35PSX7yWDn+qT50I="},"chainType":1,"messageKeys":{}}},"pendingPreKey":{"signedKeyId":1,"baseKey":"Bcm6DAtoljtv3sDTUBxLul8CyUk0/8l5/yCru4NskwNf"}}},"version":"v1"}