{"_sessions":{"BYiKVojrR9uvA4JwxZju4hfQNePndSvApQQb8eEc3I1T":{"registrationId":301020496,"currentRatchet":{"ephemeralKeyPair":{"pubKey":"BaKN3RXDQ8wdtXSiff2ej8/h+e5DhXjLfMS77JwhhnoR","privKey":"sDCmT47bpLIDHqYTzYXZuJKaCQENhmidIRdmqshqgFk="},"lastRemoteEphemeralKey":"BZzYJUYZFG4yXj6MYZHizMhlFXqfKEg8UedA+k3mkkB1","previousCounter":0,"rootKey":"0zh8hAx9jX+RFQ3xWDwREOEQ0HVjGVgGLH8FHS4fPCg="},"indexInfo":{"baseKey":"BYiKVojrR9uvA4JwxZju4hfQNePndSvApQQb8eEc3I1T","baseKeyType":1,"closed":-1,"used":1733208108713,"created":1733208108713,"remoteIdentityKey":"BSp+TgvDtqCsCGVpDb9frAM67oygbVp3gy22xuWEelUU"},"_chains":{"BaKN3RXDQ8wdtXSiff2ej8/h+e5DhXjLfMS77JwhhnoR":{"chainKey":{"counter":2,"key":"QisfFVBY+AvOlKfDOdh89wkAKDc1j83PWtP+lx37L6A="},"chainType":1,"messageKeys":{}}},"pendingPreKey":{"signedKeyId":1,"baseKey":"BYiKVojrR9uvA4JwxZju4hfQNePndSvApQQb8eEc3I1T","preKeyId":13778154}}},"version":"v1"}