{"_sessions":{"BRoI7+H0QqjmziOyIBzwtJe0Ho3tkplquRn262Rh2ici":{"registrationId":1297198583,"currentRatchet":{"ephemeralKeyPair":{"pubKey":"BZ2/R7BszTZ6iO+tOdgtgjscgVzBS2uxzjlwkcKeyKk+","privKey":"0HqRo0lmLTKynEuo9DBD4qgrSXim3dQ52wzg3NOC6mU="},"lastRemoteEphemeralKey":"BaZoUgcSS04KC2QQfXa2H6gbugmy8dP4Og3wP4ivKlUT","previousCounter":0,"rootKey":"+fuOOsmtD5Q5ICSeB28PLrrSXqNlCzGmmQxXGFADDrQ="},"indexInfo":{"baseKey":"BRoI7+H0QqjmziOyIBzwtJe0Ho3tkplquRn262Rh2ici","baseKeyType":1,"closed":-1,"used":1733208108728,"created":1733208108728,"remoteIdentityKey":"Bd6b6fW3cNQgCjQlCzV7Z3fxjyPyJxBYU9KQPJz0LXUq"},"_chains":{"BZ2/R7BszTZ6iO+tOdgtgjscgVzBS2uxzjlwkcKeyKk+":{"chainKey":{"counter":2,"key":"zaCnl/p8rWMxFNCpGiv5tmCv4NjoDwyu7WwtKQmf2ow="},"chainType":1,"messageKeys":{}}},"pendingPreKey":{"signedKeyId":12108740,"baseKey":"BRoI7+H0QqjmziOyIBzwtJe0Ho3tkplquRn262Rh2ici"}}},"version":"v1"}