{"_sessions":{"BbK9VKSLMTbsJdI+Y/ilNGOakmVmwhUn2zc90hPNOq4m":{"registrationId":916100751,"currentRatchet":{"ephemeralKeyPair":{"pubKey":"BTqAXfN3w9L/6uBTtJz++qo3fNepXxoiZpfq5DbmOGUl","privKey":"qDprQ04DMVwTdE1xtEixxCROtKoND+Th5RPYkpz7x24="},"lastRemoteEphemeralKey":"BfxjELK8vM3jCsGOeJcan0h/H/PxYgub0+AddiEs+wt2","previousCounter":0,"rootKey":"PpyVW5oFj0YI9HC/TmEHiVpTZsZrPqRdO2B8qSNx4XM="},"indexInfo":{"baseKey":"BbK9VKSLMTbsJdI+Y/ilNGOakmVmwhUn2zc90hPNOq4m","baseKeyType":1,"closed":-1,"used":1733208108792,"created":1733208108792,"remoteIdentityKey":"BQxqpsiQ9HSDDggWrSIeQk8cQO0J5S+lKWanidl0SdU+"},"_chains":{"BTqAXfN3w9L/6uBTtJz++qo3fNepXxoiZpfq5DbmOGUl":{"chainKey":{"counter":2,"key":"5xt/+gl0U6iqMfcNt78nZC6KhR0Ld400j+Ye57IB43E="},"chainType":1,"messageKeys":{}}},"pendingPreKey":{"signedKeyId":7,"baseKey":"BbK9VKSLMTbsJdI+Y/ilNGOakmVmwhUn2zc90hPNOq4m","preKeyId":5820858}}},"version":"v1"}