{"_sessions":{"BWT1swJHaJ9nAuWXftMY8FkHC0nsgvAJr+tlZaizbzY8":{"registrationId":541374661,"currentRatchet":{"ephemeralKeyPair":{"pubKey":"BXifOU6GJ4EIf8qDEa5vnpxC1nKVwPOWflvMDV31QIcN","privKey":"8CVed/LVsmCOaCCHGpGaOf6yVy0aKXWKZs2LiOhwd2I="},"lastRemoteEphemeralKey":"BbKo9OUdMUtSlj5opRd8rYQe5TVp1YEhPaQgQN+BdY59","previousCounter":0,"rootKey":"qjM4WzpsOZMO8k5+OilJI+phxGLw8hSN/4wbZWZYWrQ="},"indexInfo":{"baseKey":"BWT1swJHaJ9nAuWXftMY8FkHC0nsgvAJr+tlZaizbzY8","baseKeyType":2,"closed":-1,"used":1733207767055,"created":1733207767055,"remoteIdentityKey":"BVX7Jezs6vHDral6lBzLo7Z6aT53/N+9Ag7jy52kNVJB"},"_chains":{"BbKo9OUdMUtSlj5opRd8rYQe5TVp1YEhPaQgQN+BdY59":{"chainKey":{"counter":0,"key":"xqDt68Kdg0wgtdQM7PP3mxtPhliET0+hqavy/ksoLao="},"chainType":2,"messageKeys":{}},"BXifOU6GJ4EIf8qDEa5vnpxC1nKVwPOWflvMDV31QIcN":{"chainKey":{"counter":2,"key":"Lvy/kj7mi6NbKlsKORs5pvGY+Pxg1ojDWsqau15RWvY="},"chainType":1,"messageKeys":{}}}}},"version":"v1"}