{"_sessions":{"BcaKmQgI/RwAnEfYRc3RbWJF0yC8hxVG40u3WNYiWsJY":{"registrationId":682899225,"currentRatchet":{"ephemeralKeyPair":{"pubKey":"BRmq1YBCvdlCC6IfoSMqJnDSylnGnbqKVzuSQvoOKl57","privKey":"QESHokp8KoIsaO8abvzh0fXYxL5495RkGyzAp17jCnU="},"lastRemoteEphemeralKey":"Ba9TZe6QAIRLvoN6vzqjwNXIfLkzFE92UYOmNGL87e5n","previousCounter":0,"rootKey":"/POgWuOzeL6RmXF3VyiwiKnVTemZIZJSrN/M0D/zWW4="},"indexInfo":{"baseKey":"BcaKmQgI/RwAnEfYRc3RbWJF0yC8hxVG40u3WNYiWsJY","baseKeyType":1,"closed":-1,"used":1733208108726,"created":1733208108726,"remoteIdentityKey":"Bb1YNCsiZIfiElCPVmbHjr+18tobeEvPDdMR19ojtI4K"},"_chains":{"BRmq1YBCvdlCC6IfoSMqJnDSylnGnbqKVzuSQvoOKl57":{"chainKey":{"counter":2,"key":"7Alt8BbwMIqxkpjfB56ZTuFvwDbwYNRmI5ofSY0tKMQ="},"chainType":1,"messageKeys":{}}},"pendingPreKey":{"signedKeyId":9,"baseKey":"BcaKmQgI/RwAnEfYRc3RbWJF0yC8hxVG40u3WNYiWsJY"}}},"version":"v1"}