{"_sessions":{"Bcajpx7zVuOVsDA/Dz36W1h+f2lNuiwz0vlHnMzoz5l+":{"registrationId":508990088,"currentRatchet":{"ephemeralKeyPair":{"pubKey":"BVYvpcfBBZ2EkCOGySqgcEFF6uOdajMmXEKb35UFzz1N","privKey":"0Jn6uOMCBUyPvgWw/ktobT5W8mi58bgRjjvYfvRdsXc="},"lastRemoteEphemeralKey":"BWuBKqLq8v0Fb4L70IJyPkJY/SFLCO0U90ii1YcyVHIU","previousCounter":0,"rootKey":"g3wi80BuWQMnXsmW2cPULSyPQHywR3lAUhiwkOLhi7s="},"indexInfo":{"baseKey":"Bcajpx7zVuOVsDA/Dz36W1h+f2lNuiwz0vlHnMzoz5l+","baseKeyType":1,"closed":-1,"used":1733208108466,"created":1733208108466,"remoteIdentityKey":"BSxWmWOXzH5TzaTmdZlJnEQGSiT6FtsJP1aRwK0899BA"},"_chains":{"BVYvpcfBBZ2EkCOGySqgcEFF6uOdajMmXEKb35UFzz1N":{"chainKey":{"counter":2,"key":"6uw9JBtGXqoYmp1iZ/PFUe1R1cbPWv5HloW/M8XU32I="},"chainType":1,"messageKeys":{}}},"pendingPreKey":{"signedKeyId":10026919,"baseKey":"Bcajpx7zVuOVsDA/Dz36W1h+f2lNuiwz0vlHnMzoz5l+"}}},"version":"v1"}