{"_sessions":{"BV5E3cimMwQXMb6qHCJBKrcSZa1wxPd8KgHEcGbiE9Jg":{"registrationId":939646724,"currentRatchet":{"ephemeralKeyPair":{"pubKey":"Bfu3JnS8YYKkBzEVNMJGxgUm3rNWlT4wmpPtzv072KNZ","privKey":"QDOcwu2oBtCj2OdhYgXmgdnoFYZO0cAvsHEko0oWa3U="},"lastRemoteEphemeralKey":"BSljL5Oa6YlR3RZTlJGsp/z1dk/pHLEyUiwLubabbuo9","previousCounter":0,"rootKey":"0+t21nWwT5XdP4J7d97xTqgOMradx1DPNXsdP17a03Q="},"indexInfo":{"baseKey":"BV5E3cimMwQXMb6qHCJBKrcSZa1wxPd8KgHEcGbiE9Jg","baseKeyType":1,"closed":-1,"used":1733208108232,"created":1733208108232,"remoteIdentityKey":"BSAEzt2+5FEeIIj9/zUiM4jSRX1mqHnLus27s0tklaxH"},"_chains":{"Bfu3JnS8YYKkBzEVNMJGxgUm3rNWlT4wmpPtzv072KNZ":{"chainKey":{"counter":2,"key":"7qD92/aFRdbASGeegyn69Kn50pQBoldYQEiyEWaT2k4="},"chainType":1,"messageKeys":{}}},"pendingPreKey":{"signedKeyId":1,"baseKey":"BV5E3cimMwQXMb6qHCJBKrcSZa1wxPd8KgHEcGbiE9Jg","preKeyId":5817}}},"version":"v1"}