{"_sessions":{"BfW0QlTkqSo4f6zaP7dmUn1l8dFGEN8k5amEwFc5peIb":{"registrationId":45,"currentRatchet":{"ephemeralKeyPair":{"pubKey":"BSN7MxDI2zh6jRa31X8QgvUadhcB2UJ2JwsA0tfqM9E5","privKey":"uIQsH/xRNWm5l4aFfjsesCJCb+1V3cLLoIHLq+HJh0A="},"lastRemoteEphemeralKey":"BQ/1L9sf5tkKogR4ZzTkJPQKOjajSsAhokO74DPDaus2","previousCounter":0,"rootKey":"96lFe1yGUz6QdnOcvdIx5mF4QHgmGNQlWk2x/UyzMpA="},"indexInfo":{"baseKey":"BfW0QlTkqSo4f6zaP7dmUn1l8dFGEN8k5amEwFc5peIb","baseKeyType":2,"closed":-1,"used":1733207809574,"created":1733207809574,"remoteIdentityKey":"BXbuEqUHiYQTg8WlLX7tNNXLNhPN7QgPOjvK162ZBZQ/"},"_chains":{"BQ/1L9sf5tkKogR4ZzTkJPQKOjajSsAhokO74DPDaus2":{"chainKey":{"counter":0,"key":"xp/DDZ7bHbyWzDiQMpNYruohnQGq49sm9NoP/6Zvc2o="},"chainType":2,"messageKeys":{}},"BSN7MxDI2zh6jRa31X8QgvUadhcB2UJ2JwsA0tfqM9E5":{"chainKey":{"counter":2,"key":"w2f2egmMr3mfUFXScOpuIceNyAPT3wLQXCPoYj7rjW8="},"chainType":1,"messageKeys":{}}}}},"version":"v1"}