{"_sessions":{"BfqB+CXDezs1eZPsQ+VK7PQaaghcPhv06+wkVeG327R1":{"registrationId":1384931678,"currentRatchet":{"ephemeralKeyPair":{"pubKey":"BbDL//wLQqc4J0EEffjKy8iYqNAGj98hrveSysMJL/Vv","privKey":"EF67M5LqNzHU20NViRpJEF1BpDPwopMxNd+0a8adUWk="},"lastRemoteEphemeralKey":"BRIUPnUIs1zf4H9BV22lE1krKp/adYncjfQLJmRbCFZB","previousCounter":0,"rootKey":"pLUCLWK6m2Glq9p+SX2T51Ac2GUl/oPS5OlsSRlOwlY="},"indexInfo":{"baseKey":"BfqB+CXDezs1eZPsQ+VK7PQaaghcPhv06+wkVeG327R1","baseKeyType":2,"closed":-1,"used":1733207757744,"created":1733207757744,"remoteIdentityKey":"Bdmfh8FOwHYZuNjbBwGFdMad9SAsxjF8VzeI0JeshYUm"},"_chains":{"BRIUPnUIs1zf4H9BV22lE1krKp/adYncjfQLJmRbCFZB":{"chainKey":{"counter":0,"key":"dUiAS/pL/Z3lErrgiixREorNcW79TrJ3KxVKiRHxpUM="},"chainType":2,"messageKeys":{}},"BbDL//wLQqc4J0EEffjKy8iYqNAGj98hrveSysMJL/Vv":{"chainKey":{"counter":2,"key":"l8BngCA0bPn03+QP8a0xLfeQzAptBfFkpNW8I/3PK6g="},"chainType":1,"messageKeys":{}}}}},"version":"v1"}