{"_sessions":{"BdVz1bYysGzjFBNVfuFM/ukhdXgi2d9iZu0/2iUWQLQh":{"registrationId":10927,"currentRatchet":{"ephemeralKeyPair":{"pubKey":"BYUNLLBntFixiplxZv9JTwF7kKqUXOikqUSC//Cj065l","privKey":"uODUublYBXaPfruRs3vN43rRnfNdcHcaZDvfEnBHFlk="},"lastRemoteEphemeralKey":"BYxsMdJRC80H4SJ09pcEcgpqfZWop79QUp9V8pjs3AAM","previousCounter":0,"rootKey":"P5Q31WU5h2SYzadS8qsijA6QgrQkjTiozwFBduncSvA="},"indexInfo":{"baseKey":"BdVz1bYysGzjFBNVfuFM/ukhdXgi2d9iZu0/2iUWQLQh","baseKeyType":1,"closed":-1,"used":1733208108317,"created":1733208108317,"remoteIdentityKey":"Be38HWhWTKKILmP/dx0VvzqOdTNS4txeUWIzjGGEYglv"},"_chains":{"BYUNLLBntFixiplxZv9JTwF7kKqUXOikqUSC//Cj065l":{"chainKey":{"counter":2,"key":"7qCxyFESDb/sRvojNN+QuYUyPbBSw0smPqKUHKSBMlg="},"chainType":1,"messageKeys":{}}},"pendingPreKey":{"signedKeyId":1,"baseKey":"BdVz1bYysGzjFBNVfuFM/ukhdXgi2d9iZu0/2iUWQLQh","preKeyId":3622}}},"version":"v1"}