{"_sessions":{"BbWPrxWDlhhkYuauzvROGOKhsg82wqq5NQVzPR4AW4xH":{"registrationId":511511297,"currentRatchet":{"ephemeralKeyPair":{"pubKey":"BdW37uXWJn2TkEk+wZGR3Us9SgvGwEZzYlWLQSDaH+ou","privKey":"UFeHU5+qUDK4b4FmQ13OB4c0dpSLRXiPQ+PARM98jnU="},"lastRemoteEphemeralKey":"BbQ4xsbFwY4R5rxVOmVdIH+Xp92fzqYFUVLzug/C51lh","previousCounter":0,"rootKey":"vUBCSFv6PnnfQPFfi6DUJfGuLHUmZQIL8DrF5IrCcnI="},"indexInfo":{"baseKey":"BbWPrxWDlhhkYuauzvROGOKhsg82wqq5NQVzPR4AW4xH","baseKeyType":1,"closed":-1,"used":1733208108787,"created":1733208108787,"remoteIdentityKey":"BUSv3RoJTiOSPSuC5H391O3SkxWsPdkPx1mWtGOiyCon"},"_chains":{"BdW37uXWJn2TkEk+wZGR3Us9SgvGwEZzYlWLQSDaH+ou":{"chainKey":{"counter":2,"key":"ELO0o5n5sUfcQ5RcdFRLPe1fd269HDACGn3BWbwTHtY="},"chainType":1,"messageKeys":{}}},"pendingPreKey":{"signedKeyId":2,"baseKey":"BbWPrxWDlhhkYuauzvROGOKhsg82wqq5NQVzPR4AW4xH"}}},"version":"v1"}