{"_sessions":{"BYk0CzxuTES4v+aXGWFGwN8eH+4OqWnUGCWBBZ5rI9FQ":{"registrationId":1973912173,"currentRatchet":{"ephemeralKeyPair":{"pubKey":"BYeHI4ou3KcPcSr3Dy15lP6ji46hLVuM7FLHx2LnnHI7","privKey":"iPRmgRZwYXPsByMuxAHhJR4ISrCg0fQeFJImyrltNVc="},"lastRemoteEphemeralKey":"BVe/FMRA2vXPrALwyuXJPxhqBDmRH+R3p6ax3XdFFrxd","previousCounter":0,"rootKey":"TyedifN7ta1++WDVMz5PEw0UWSi0DzGzI7S79+qD8pc="},"indexInfo":{"baseKey":"BYk0CzxuTES4v+aXGWFGwN8eH+4OqWnUGCWBBZ5rI9FQ","baseKeyType":1,"closed":-1,"used":1733208108870,"created":1733208108870,"remoteIdentityKey":"BXsU5ao/09PE+KwHqDz6VNgcKsiWbK4Z2rtQ+0OUZ8Fb"},"_chains":{"BYeHI4ou3KcPcSr3Dy15lP6ji46hLVuM7FLHx2LnnHI7":{"chainKey":{"counter":2,"key":"Dx23rSURomMz+ztapje7IINmzdS9sP0+sMDkKU2G128="},"chainType":1,"messageKeys":{}}},"pendingPreKey":{"signedKeyId":1,"baseKey":"BYk0CzxuTES4v+aXGWFGwN8eH+4OqWnUGCWBBZ5rI9FQ","preKeyId":3874784}}},"version":"v1"}