{"_sessions":{"Bcuuc7TIg/uiJYRuHz03LNL8/QT/pm8dWP2n3JZq6qUm":{"registrationId":60,"currentRatchet":{"ephemeralKeyPair":{"pubKey":"BWxdPi4MGNidNS0x4prEy9/LgI4x6qpIlFAaHaZ7wp5J","privKey":"UBvDtruVI5KwAssgtSKNgOCXadTWcUiGChWflKzRD34="},"lastRemoteEphemeralKey":"BeLiuaiCvbT0+4PdggftRB6OCrNNfOuYiG6UZFO9JeRL","previousCounter":0,"rootKey":"Zsu0ujV01A9lfybuwg2KD+t1BmmW4kLNee57nfdhCtU="},"indexInfo":{"baseKey":"Bcuuc7TIg/uiJYRuHz03LNL8/QT/pm8dWP2n3JZq6qUm","baseKeyType":1,"closed":-1,"used":1733208108067,"created":1733208108067,"remoteIdentityKey":"BS+0tWjuAY681+N/0FKPO59DyPxcbVOx1x/CLwMWlx9N"},"_chains":{"BWxdPi4MGNidNS0x4prEy9/LgI4x6qpIlFAaHaZ7wp5J":{"chainKey":{"counter":2,"key":"W2gAMqsYyDStVIcv3NLRvuGM52EUA6N9LuwQtar5UDU="},"chainType":1,"messageKeys":{}}},"pendingPreKey":{"signedKeyId":1,"baseKey":"Bcuuc7TIg/uiJYRuHz03LNL8/QT/pm8dWP2n3JZq6qUm"}}},"version":"v1"}