{"_sessions":{"BXV7G8pJlWZJEJKkPAGbTGGy8qUwky2OnwShnSPH//EM":{"registrationId":243,"currentRatchet":{"ephemeralKeyPair":{"pubKey":"BWkYgsLg4rjj6LJsc+xm1hc5LnXt3lJY6ZilM7jr1PUW","privKey":"2PAIR/7tr5jcLUJfwp1NzYnFw4+3NRZoQJfjqZeid0A="},"lastRemoteEphemeralKey":"BXt/mO2STySEFUO//Ism/JwbzA1iNliaz2yil4ys9dl9","previousCounter":0,"rootKey":"07cOC2Ow3WHdqT/itFLEN4JlYwaWmebQEV/+VEqrRz0="},"indexInfo":{"baseKey":"BXV7G8pJlWZJEJKkPAGbTGGy8qUwky2OnwShnSPH//EM","baseKeyType":1,"closed":-1,"used":1733208108258,"created":1733208108258,"remoteIdentityKey":"BX2lXygn+ZijO18JB7mpLIKLaKfAksxieFT+pP7Lvg5Z"},"_chains":{"BWkYgsLg4rjj6LJsc+xm1hc5LnXt3lJY6ZilM7jr1PUW":{"chainKey":{"counter":2,"key":"nIoEeZAuvysGlJdjgUTxQcC4XCSsm+iTvDC2bhfhNiQ="},"chainType":1,"messageKeys":{}}},"pendingPreKey":{"signedKeyId":1,"baseKey":"BXV7G8pJlWZJEJKkPAGbTGGy8qUwky2OnwShnSPH//EM"}}},"version":"v1"}