{"_sessions":{"BUyPU3sSTGDY/Qu7jQiZ+z9LcCcgN3zS+xydJ5CvzI5X":{"registrationId":207,"currentRatchet":{"ephemeralKeyPair":{"pubKey":"BUFk9kgi84mcHodg5epeoptiPK4yYIZPBXsI5HPy/Bo1","privKey":"8NgJegjUKf3ChC/4b6d09fJTIDmD5d9NWk5nrcM+Onw="},"lastRemoteEphemeralKey":"Bep/dat0kogk7ocaPo6s2hlEIXKeLdWIdxe+giwkJQAU","previousCounter":0,"rootKey":"+/1YD1kwnDeC5jZftsaqDcuTDW7DU1Fp/xPPdpd9qvo="},"indexInfo":{"baseKey":"BUyPU3sSTGDY/Qu7jQiZ+z9LcCcgN3zS+xydJ5CvzI5X","baseKeyType":1,"closed":-1,"used":1733208108151,"created":1733208108151,"remoteIdentityKey":"BWZu/DbwNeEBxIB+ki/cCldkR2vA/erehxmH3wnSm0w3"},"_chains":{"BUFk9kgi84mcHodg5epeoptiPK4yYIZPBXsI5HPy/Bo1":{"chainKey":{"counter":2,"key":"PrxbAVB0xQ190evR4bvqaoV994enHlNnLL/RP0A+gwY="},"chainType":1,"messageKeys":{}}},"pendingPreKey":{"signedKeyId":1,"baseKey":"BUyPU3sSTGDY/Qu7jQiZ+z9LcCcgN3zS+xydJ5CvzI5X"}}},"version":"v1"}