{"_sessions":{"Bbkm2EQ0uxiDLAeka0HVfQg9wh+TFKeBD737OB4LBvBI":{"registrationId":1543170951,"currentRatchet":{"ephemeralKeyPair":{"pubKey":"BTf1fSnBmAnPr425zHlt2zqs6sexRcx8HLmiHvO8gcwl","privKey":"WImFwL3b1VUxuC8q9XVoYb/tEpxPrRkY1K0ifY2wwH0="},"lastRemoteEphemeralKey":"BUAPeDEfEPg7bDISlnSEwe7jDH74vlDwy7WJT9RIWrZ9","previousCounter":0,"rootKey":"asp1ROIBJxyKan84qs+d6OOsJNmR3mxo6zzgJPVtgcI="},"indexInfo":{"baseKey":"Bbkm2EQ0uxiDLAeka0HVfQg9wh+TFKeBD737OB4LBvBI","baseKeyType":1,"closed":-1,"used":1733208108597,"created":1733208108597,"remoteIdentityKey":"BVgLwTxhswgT20QGgQECnrv+NxTJcSPGBsPTt7eJ04oR"},"_chains":{"BTf1fSnBmAnPr425zHlt2zqs6sexRcx8HLmiHvO8gcwl":{"chainKey":{"counter":2,"key":"WaNvISHt9WM3/h8dmS8TkRNFpv3c6tJizIyEjfhdl8o="},"chainType":1,"messageKeys":{}}},"pendingPreKey":{"signedKeyId":1,"baseKey":"Bbkm2EQ0uxiDLAeka0HVfQg9wh+TFKeBD737OB4LBvBI","preKeyId":5524679}}},"version":"v1"}