{"_sessions":{"BcYlW+OLceKAEfsumopExQXh7P04tUoXB4EqsfRkjF92":{"registrationId":38,"currentRatchet":{"ephemeralKeyPair":{"pubKey":"BZM3dfDiG9gts79Yv2LYQDLm9+fngD9QjmS5JtOzGN4I","privKey":"uGU+q6vzZ6CrUbjU7+MnF2Jk/W8DHFB7L/DsXfxvvno="},"lastRemoteEphemeralKey":"BQ33ZQBfv2FEmRBr6VS6hkeRUB4RVwcibm7JOAI5ry0J","previousCounter":0,"rootKey":"pTvnxzeAkt3BMdPWorhXixSQV/PYOwiAtqxFQ3qDQJ4="},"indexInfo":{"baseKey":"BcYlW+OLceKAEfsumopExQXh7P04tUoXB4EqsfRkjF92","baseKeyType":1,"closed":-1,"used":1733208108236,"created":1733208108236,"remoteIdentityKey":"BQ33ZQBfv2FEmRBr6VS6hkeRUB4RVwcibm7JOAI5ry0J"},"_chains":{"BZM3dfDiG9gts79Yv2LYQDLm9+fngD9QjmS5JtOzGN4I":{"chainKey":{"counter":2,"key":"7/sctJ1SfU8O/+Zt8X/2C0siBhMqy/6YgoIeIDnvCm0="},"chainType":1,"messageKeys":{}}},"pendingPreKey":{"signedKeyId":1,"baseKey":"BcYlW+OLceKAEfsumopExQXh7P04tUoXB4EqsfRkjF92"}}},"version":"v1"}