{"_sessions":{"BXWbVukmDHCTiiXsjXGJGiw75PK7NEip46d3HwnzS3wQ":{"registrationId":642035369,"currentRatchet":{"ephemeralKeyPair":{"pubKey":"BW+Ymvk8gwwM0G1AEMwoHFwYkVrhglgissx9APeHJDUl","privKey":"qIqFpb1z2gcWUhMoiJRvpbP/k7WQVbthyfh3XLecWXE="},"lastRemoteEphemeralKey":"BfqhAz/Y4u1GgwxK8LuYqWrmc9rafjZzvYDFCmZvulYZ","previousCounter":0,"rootKey":"kK7gU7ig2Ki0tx6z8dtBQPICtXYy281l7Mf3i0mYwFQ="},"indexInfo":{"baseKey":"BXWbVukmDHCTiiXsjXGJGiw75PK7NEip46d3HwnzS3wQ","baseKeyType":1,"closed":-1,"used":1733208108716,"created":1733208108716,"remoteIdentityKey":"BS8E/Lts7TY1ALx0e4OhK5QsUz5Drbc7LZ9DTq3pOQxb"},"_chains":{"BW+Ymvk8gwwM0G1AEMwoHFwYkVrhglgissx9APeHJDUl":{"chainKey":{"counter":2,"key":"J8lIX++5pWup5LXQQsGAh7uMJ67wVvfFsIZL8vwSiqk="},"chainType":1,"messageKeys":{}}},"pendingPreKey":{"signedKeyId":4,"baseKey":"BXWbVukmDHCTiiXsjXGJGiw75PK7NEip46d3HwnzS3wQ","preKeyId":3193432}}},"version":"v1"}