{"_sessions":{"BeRvFzOpCpUZzGQTGQioM1lOVLkgofoh8CLIjtxB/VtJ":{"registrationId":125,"currentRatchet":{"ephemeralKeyPair":{"pubKey":"Be82tzWheZS/a5ifPhAClphnbzsscY/hlSZjQjg8Uy1k","privKey":"oISN3Fx6T06wo/Vl3Ek+lYP3z8mpmZfQjkB7HWTTykE="},"lastRemoteEphemeralKey":"BZ4Os62UTmNwkZAEkz+H/FiMsbAHa0ABGLk/meq9y71x","previousCounter":0,"rootKey":"Ic90tTHpvFk0aayJ/YUOfUBCAxzk4DtYkOvWtmh6kwI="},"indexInfo":{"baseKey":"BeRvFzOpCpUZzGQTGQioM1lOVLkgofoh8CLIjtxB/VtJ","baseKeyType":1,"closed":-1,"used":1733208108410,"created":1733208108410,"remoteIdentityKey":"BTnMJlzKzTupvOMGftljvynArvBXkr7TSYCcZ6twkNZg"},"_chains":{"Be82tzWheZS/a5ifPhAClphnbzsscY/hlSZjQjg8Uy1k":{"chainKey":{"counter":2,"key":"fpcvy3APQQ3ifnAt7qjgUSioFqH4VxsvxvU7KvPcuB0="},"chainType":1,"messageKeys":{}}},"pendingPreKey":{"signedKeyId":1,"baseKey":"BeRvFzOpCpUZzGQTGQioM1lOVLkgofoh8CLIjtxB/VtJ"}}},"version":"v1"}