{"_sessions":{"BUHIthnXA9TEJNG/R7KGAwByyJjaU7uViFjUd+feHwwt":{"registrationId":2096574198,"currentRatchet":{"ephemeralKeyPair":{"pubKey":"BTNkvi5SbRVNbFm2N4VWaXKpWZ3Z0+dvzE4ugKwckv8S","privKey":"GBBm0UCf6TzSTkjyb6B9z0daShg5sYu8XjPnJglGs0w="},"lastRemoteEphemeralKey":"BdNLEzWJh0wPDBgglF/Rz0VxW1I8PpUGnA5t+HPleOwc","previousCounter":0,"rootKey":"znOc9u58zgWRvRScozOx9xRHUkzScVCUrwySJr9TlDo="},"indexInfo":{"baseKey":"BUHIthnXA9TEJNG/R7KGAwByyJjaU7uViFjUd+feHwwt","baseKeyType":1,"closed":-1,"used":1733208108882,"created":1733208108882,"remoteIdentityKey":"BTjMLy01epDpcsD84kCFbREkTkAjaxKUVg1i28wfz9ct"},"_chains":{"BTNkvi5SbRVNbFm2N4VWaXKpWZ3Z0+dvzE4ugKwckv8S":{"chainKey":{"counter":2,"key":"rVIrd6UqksTC65TlvbTDK053qFR1+17fdxwtb117RXE="},"chainType":1,"messageKeys":{}}},"pendingPreKey":{"signedKeyId":1,"baseKey":"BUHIthnXA9TEJNG/R7KGAwByyJjaU7uViFjUd+feHwwt"}}},"version":"v1"}