{"_sessions":{"BSbRPFWF/hLgaGFSvqEdweLsUcCoRkpTUfbhqDNUuCEZ":{"registrationId":1006184854,"currentRatchet":{"ephemeralKeyPair":{"pubKey":"BTcasn+xnZvDQLy1n154JAXZMitabVnSZDwFh0jbl5Z8","privKey":"oM1CPR9ntXrRCF13kyEUnPya0BR8pN8XqcrUOX+QZGk="},"lastRemoteEphemeralKey":"BaRBd2ZD/golNRMABawnXOh3C9JHTY5fsE/sJXu8Iqt/","previousCounter":0,"rootKey":"w1gvDLpukOzRbvKanBwRW261RszrU33ixksjUSulKIU="},"indexInfo":{"baseKey":"BSbRPFWF/hLgaGFSvqEdweLsUcCoRkpTUfbhqDNUuCEZ","baseKeyType":1,"closed":-1,"used":1733208108504,"created":1733208108504,"remoteIdentityKey":"BVLoZMoIQLWiu7juz/9BZTPsjV+DBSJ3+JrUNC6bYmMS"},"_chains":{"BTcasn+xnZvDQLy1n154JAXZMitabVnSZDwFh0jbl5Z8":{"chainKey":{"counter":2,"key":"3KHYp66ueJS2FzJ9/ye1i5pVbpotvEkmxAs959yJV6g="},"chainType":1,"messageKeys":{}}},"pendingPreKey":{"signedKeyId":1,"baseKey":"BSbRPFWF/hLgaGFSvqEdweLsUcCoRkpTUfbhqDNUuCEZ","preKeyId":12803721}}},"version":"v1"}