{"_sessions":{"Bb9RcKdh8Av7IvgTRtKsjavyurwhOXQ6eIdRxbDqwWVl":{"registrationId":1267515341,"currentRatchet":{"ephemeralKeyPair":{"pubKey":"BSEHW0ogtpfMrzuVBwFs+lDf8DiVFEOQNQOYNfI2WQFA","privKey":"eGzlMk4mJHAOmffnGQFT0wWrU9npJvTANAmqZqkenms="},"lastRemoteEphemeralKey":"Bcj+e7wTHLSyzDPqa7LGuiH/GieV8qUe5ktzuu6BSSFM","previousCounter":0,"rootKey":"8/6ruQpsKu06TFBd+oj67zN3gLgThxNrFiLyzMVMAU4="},"indexInfo":{"baseKey":"Bb9RcKdh8Av7IvgTRtKsjavyurwhOXQ6eIdRxbDqwWVl","baseKeyType":2,"closed":-1,"used":1733207760563,"created":1733207760563,"remoteIdentityKey":"BcaH/xxAv0sG64QR64sgTU+wJa95/1O+dVyBmsI6/hsI"},"_chains":{"Bcj+e7wTHLSyzDPqa7LGuiH/GieV8qUe5ktzuu6BSSFM":{"chainKey":{"counter":0,"key":"f/is7EY5H5VZ4pB5Dcs1m3IEMzi+cnjcz9N3jSiSLrM="},"chainType":2,"messageKeys":{}},"BSEHW0ogtpfMrzuVBwFs+lDf8DiVFEOQNQOYNfI2WQFA":{"chainKey":{"counter":2,"key":"ERGt2p4jlbjgoKCtrjkBBWYgox2m55GXWgXK+Q1czDU="},"chainType":1,"messageKeys":{}}}}},"version":"v1"}