{"_sessions":{"Bf1KnzWeM/wn5cKnmvYHz5UH4i0l4PkCbRXYNOnEHvw7":{"registrationId":1877610273,"currentRatchet":{"ephemeralKeyPair":{"pubKey":"BYEVYuul1SbE18CDdriIqkx5qNHky0dXBCaN/vsApSpV","privKey":"sNxX7cQNrM9nFqmMByc5mKH/R1vZg3Qz3yVmjGwwP2k="},"lastRemoteEphemeralKey":"BQl7tfb9DNciRsZYyplNfJuPBPduVrqrKyuxEgCPI59Z","previousCounter":0,"rootKey":"M0RYf/THnfmY3Bjz7haWTazfYcjDBbbq5AOhScZ08Hw="},"indexInfo":{"baseKey":"Bf1KnzWeM/wn5cKnmvYHz5UH4i0l4PkCbRXYNOnEHvw7","baseKeyType":1,"closed":-1,"used":1733208108490,"created":1733208108490,"remoteIdentityKey":"BUQ9/7yz6EUHsqV8V3GsXKrHoCHNVoYFMugyfHyOcdsL"},"_chains":{"BYEVYuul1SbE18CDdriIqkx5qNHky0dXBCaN/vsApSpV":{"chainKey":{"counter":2,"key":"HzMOVsMUAkqgKIumzBIm9rlihzWngzEy+uRkOjYloL8="},"chainType":1,"messageKeys":{}}},"pendingPreKey":{"signedKeyId":1,"baseKey":"Bf1KnzWeM/wn5cKnmvYHz5UH4i0l4PkCbRXYNOnEHvw7","preKeyId":5342193}}},"version":"v1"}