{"_sessions":{"BT3RCcERESCtgRwZ2+6cEYhfmgWaPFsLww6d3N+kScBn":{"registrationId":292426941,"currentRatchet":{"ephemeralKeyPair":{"pubKey":"BaPFNfy7yE+B2OsXripNW6BzEsx8fY3Qn98OIkFXjC8t","privKey":"eHJxXxU7EplUrFL3HGArLa+m5b+4t1Hij9fa1mQ9l2s="},"lastRemoteEphemeralKey":"BW6267Ke+y8dROAvvtn9/A/WRGkmx1ryxMjya7FVW8FA","previousCounter":0,"rootKey":"0t5Jv+ro99O1M2BSkK+NWzyyyVGaEwc54ZlncyBLpzM="},"indexInfo":{"baseKey":"BT3RCcERESCtgRwZ2+6cEYhfmgWaPFsLww6d3N+kScBn","baseKeyType":1,"closed":-1,"used":1733208108769,"created":1733208108769,"remoteIdentityKey":"BRqAdkeAuimWC5jgWlSWfkHzyXwZzUrG/d8OnfoRmSZH"},"_chains":{"BaPFNfy7yE+B2OsXripNW6BzEsx8fY3Qn98OIkFXjC8t":{"chainKey":{"counter":2,"key":"7OFSEVoKr/urm4A8Hl+uXPLmt81EyGchanUVRLDgeMQ="},"chainType":1,"messageKeys":{}}},"pendingPreKey":{"signedKeyId":2,"baseKey":"BT3RCcERESCtgRwZ2+6cEYhfmgWaPFsLww6d3N+kScBn","preKeyId":2400131}}},"version":"v1"}