{"_sessions":{"BeUleD8low122VBtRgzcFsHnNQACyyLZGkqO7yQeW1V5":{"registrationId":1887013997,"currentRatchet":{"ephemeralKeyPair":{"pubKey":"Be0r7YcOwqRKTkN7Vnkoxu5uUkYEljaRen2ZbhuiK1kW","privKey":"sDUvIRJBvTlZVmDIRF1YzIAfpI5UiqX08cA1PrF8kWg="},"lastRemoteEphemeralKey":"BbuQsZkBNmL+WJ0D9cKnN9X2/xOyKtJR2AHpk7d1bS02","previousCounter":0,"rootKey":"wAw3SdK8Ytc2QlV3sPNoNpjZ9Rqr4LUjbnvdMdPIuyY="},"indexInfo":{"baseKey":"BeUleD8low122VBtRgzcFsHnNQACyyLZGkqO7yQeW1V5","baseKeyType":1,"closed":-1,"used":1733208108650,"created":1733208108650,"remoteIdentityKey":"BTCwMnEZiLtCnhTMkwUZ8ZGOK78kDPQp+/uOpnifnCht"},"_chains":{"Be0r7YcOwqRKTkN7Vnkoxu5uUkYEljaRen2ZbhuiK1kW":{"chainKey":{"counter":2,"key":"vKnoInoJ5SidHIUbiGwbjRWszEfCe1J6gyr4OqIG4B0="},"chainType":1,"messageKeys":{}}},"pendingPreKey":{"signedKeyId":0,"baseKey":"BeUleD8low122VBtRgzcFsHnNQACyyLZGkqO7yQeW1V5","preKeyId":6503542}}},"version":"v1"}