{"_sessions":{"BRp0DZj27K+7IQfzf6RYz8+lJIVnf17rxeDnu87Z+pdE":{"registrationId":523116265,"currentRatchet":{"ephemeralKeyPair":{"pubKey":"BcuUrZmPNaK9fXn6+Qt+TvX0wC5ThstWUrEXNA55qb1r","privKey":"oOav3bt22sJ4bwcsJOHOeH83vZFVM9G5tbQzFjEW004="},"lastRemoteEphemeralKey":"BYBLiU2eLTxNL6XO8YQqSmeM7+UZAuUJhRb1FWRcWkRF","previousCounter":0,"rootKey":"9SUhtXGaoOTYcCX+MMPa6w444j+b3paTihpIi0E2dzY="},"indexInfo":{"baseKey":"BRp0DZj27K+7IQfzf6RYz8+lJIVnf17rxeDnu87Z+pdE","baseKeyType":1,"closed":-1,"used":1733208108468,"created":1733208108468,"remoteIdentityKey":"BQly+boQ/lPYXeDLKQyjVimN6gNODcDHZ34i53k+y6wD"},"_chains":{"BcuUrZmPNaK9fXn6+Qt+TvX0wC5ThstWUrEXNA55qb1r":{"chainKey":{"counter":2,"key":"IhAiuG0+jpQuWwTjHYFK8hUzG5gz9Xo6yOM/h0bpd9s="},"chainType":1,"messageKeys":{}}},"pendingPreKey":{"signedKeyId":0,"baseKey":"BRp0DZj27K+7IQfzf6RYz8+lJIVnf17rxeDnu87Z+pdE"}}},"version":"v1"}