{"_sessions":{"BVtIrwJT9YDuoWgMyYf3yil4sX0nFXp73/c8xklIkoBV":{"registrationId":1066553494,"currentRatchet":{"ephemeralKeyPair":{"pubKey":"BX86+MWRdzwMMS+ravqSZPDYrfUocEyWoyo3OAFUDKsP","privKey":"+I/ZLm1iKCICIxOrmA/0XzOo3mR3Z3lBwoo8+6RRT1g="},"lastRemoteEphemeralKey":"BX2elER89QS9YSfE9cewAbBWR965q7oaBGGgFK4qlUtg","previousCounter":0,"rootKey":"QIQjhachGSr1dCQ4/QbNmLMhqHI+qgHGWqohqFhZfGA="},"indexInfo":{"baseKey":"BVtIrwJT9YDuoWgMyYf3yil4sX0nFXp73/c8xklIkoBV","baseKeyType":1,"closed":-1,"used":1733208108473,"created":1733208108473,"remoteIdentityKey":"BcmPYj0U+d/IXooVkbjFJ+zus0wuE5V5rJtHttbawCM+"},"_chains":{"BX86+MWRdzwMMS+ravqSZPDYrfUocEyWoyo3OAFUDKsP":{"chainKey":{"counter":2,"key":"r/kJYf3UredA+e0y6B74Dxlm22KFyIToe0Th22tPmaQ="},"chainType":1,"messageKeys":{}}},"pendingPreKey":{"signedKeyId":6,"baseKey":"BVtIrwJT9YDuoWgMyYf3yil4sX0nFXp73/c8xklIkoBV","preKeyId":13184833}}},"version":"v1"}