{"_sessions":{"Bc9edFirpXuylIHmubqiK5F8RM96ySfBhz+pdZ19kFtf":{"registrationId":359329172,"currentRatchet":{"ephemeralKeyPair":{"pubKey":"BeXwgOaNo9Tz/l7GEnZL+2mgr3K4pLHA+9q/lN7XbZVH","privKey":"CB3NbOuS8jji6jGqsv7YcFRQOVPYszLh681P/nBSXlw="},"lastRemoteEphemeralKey":"BRgHIZhU4C9WVpHqd1xO/lXJhReymPRS4NbdZrRrPTcE","previousCounter":0,"rootKey":"4WMrrJN7feLqYWcedpQpGewea4LqEwmbOCEToQz7kJ4="},"indexInfo":{"baseKey":"Bc9edFirpXuylIHmubqiK5F8RM96ySfBhz+pdZ19kFtf","baseKeyType":1,"closed":-1,"used":1733208108575,"created":1733208108575,"remoteIdentityKey":"BVI7qJ1C7e9SaeOisetpOu6GL45Eou6OPTEtod+hQsVX"},"_chains":{"BeXwgOaNo9Tz/l7GEnZL+2mgr3K4pLHA+9q/lN7XbZVH":{"chainKey":{"counter":2,"key":"af7Hc8a1U9GUGAqyNTG00uLaDyeMqHq8E3tcZs6Hkec="},"chainType":1,"messageKeys":{}}},"pendingPreKey":{"signedKeyId":12,"baseKey":"Bc9edFirpXuylIHmubqiK5F8RM96ySfBhz+pdZ19kFtf","preKeyId":12281105}}},"version":"v1"}