{"_sessions":{"BdVP7YyRXy1aBAWerBNC7VYlERC8WS4dWJZjWDgqQ0Rw":{"registrationId":1526140263,"currentRatchet":{"ephemeralKeyPair":{"pubKey":"BXTLHYcCwVhED1CFvMEFxyFIA0EJvh5jf7+RSBEDFHYl","privKey":"6E9lBE0t4uPyntiV821I53H+9aiK+WDCmcQkobu9E0o="},"lastRemoteEphemeralKey":"BcoYYP9YGSZP1h1T2bi8DIGCi/2WLi1g0mLC7EExfXx0","previousCounter":0,"rootKey":"jnJux/1pqOH5CJYNRdDCr9AsGgKr5V6e4PTg0WjKMh0="},"indexInfo":{"baseKey":"BdVP7YyRXy1aBAWerBNC7VYlERC8WS4dWJZjWDgqQ0Rw","baseKeyType":1,"closed":-1,"used":1733208108636,"created":1733208108636,"remoteIdentityKey":"Bb0hE2vNZTzSV5NR9ZlLJM7CQEsj16RJxMOV93k6InVO"},"_chains":{"BXTLHYcCwVhED1CFvMEFxyFIA0EJvh5jf7+RSBEDFHYl":{"chainKey":{"counter":2,"key":"nO7w27uMk5ZE/gEDPSkcQNaD65bApfErP7RDexq9Qpo="},"chainType":1,"messageKeys":{}}},"pendingPreKey":{"signedKeyId":0,"baseKey":"BdVP7YyRXy1aBAWerBNC7VYlERC8WS4dWJZjWDgqQ0Rw","preKeyId":4279627}}},"version":"v1"}