{"_sessions":{"BZRqwo5jO7dqtq4gfVonQxuQdCtxyAtMs6GhIxC/joph":{"registrationId":101,"currentRatchet":{"ephemeralKeyPair":{"pubKey":"BUoiO/8WMGrXn6WkhlsONX+yRmLSvYnjNOVxSfzAgPUd","privKey":"qCdy3V7JzW/TPx68Yt1261y+Qf3xoaZyHLrJvY1srlg="},"lastRemoteEphemeralKey":"BUlD5RgnPT27lV7W01lr0JvKeg1u0CM9p6Wiv/YYfw5Q","previousCounter":0,"rootKey":"ak7Wi0lo6rcC3gVRyOwX1EkT2YrEOZtCoi2VjdhcdSc="},"indexInfo":{"baseKey":"BZRqwo5jO7dqtq4gfVonQxuQdCtxyAtMs6GhIxC/joph","baseKeyType":1,"closed":-1,"used":1733208108300,"created":1733208108300,"remoteIdentityKey":"BQh5+nkWxzKD5QCV2mviNHUgzd9Kl0mQpLotBRp4VH0l"},"_chains":{"BUoiO/8WMGrXn6WkhlsONX+yRmLSvYnjNOVxSfzAgPUd":{"chainKey":{"counter":2,"key":"pgeN616/1ehThZlrlRVuNU+TbR/TCvOgs/9c8Q9sV98="},"chainType":1,"messageKeys":{}}},"pendingPreKey":{"signedKeyId":1,"baseKey":"BZRqwo5jO7dqtq4gfVonQxuQdCtxyAtMs6GhIxC/joph"}}},"version":"v1"}