{"_sessions":{"BZ7sz+mweADI7RFXNBe9HMIPD2tJtAmmwVc5N8LTvy8/":{"registrationId":652170565,"currentRatchet":{"ephemeralKeyPair":{"pubKey":"BeoSYCldvckeWigMJvUIRwlF9aJVHOmKvds0SADuiDRs","privKey":"iAQ/Dd9shl+afzIfsd+IUx3Pxu8dU+izdcRWOhCW8Gg="},"lastRemoteEphemeralKey":"BebpqqHb158dMr6SlCZ6TNXtmoRgFvLSVvvYCkzpZSEo","previousCounter":0,"rootKey":"FPGR5sGXXQMxMGBBRjx1e/J1X+DreoUFnI0DgUfaQpQ="},"indexInfo":{"baseKey":"BZ7sz+mweADI7RFXNBe9HMIPD2tJtAmmwVc5N8LTvy8/","baseKeyType":1,"closed":-1,"used":1733208108778,"created":1733208108778,"remoteIdentityKey":"BRkG13HZSyg5uAqQ4HCuIcSbS2Oc4Mtjo5g07iW8qwYG"},"_chains":{"BeoSYCldvckeWigMJvUIRwlF9aJVHOmKvds0SADuiDRs":{"chainKey":{"counter":2,"key":"rf2Fni0aKs7QI6xCr2vwmkM38XbJ4OrKEV+62DPrlY4="},"chainType":1,"messageKeys":{}}},"pendingPreKey":{"signedKeyId":1,"baseKey":"BZ7sz+mweADI7RFXNBe9HMIPD2tJtAmmwVc5N8LTvy8/"}}},"version":"v1"}