{"_sessions":{"BbWtbzHOcWo+F0rB+jAXFSfP3bPl6gFT8qmG8EDtz79Q":{"registrationId":23537596,"currentRatchet":{"ephemeralKeyPair":{"pubKey":"BdsjnlkVCr1MGEPbBmXNxhSM/di5LdHXxPszU+dsOfdp","privKey":"wBqW1MsX6Pg9UtkSG2CYuNGlPHkacTghmZ0bPhFEpV4="},"lastRemoteEphemeralKey":"BYDi8CJg+KXqWf15Ib9KVAq63Pp8lzYu3nbW7FyojoIo","previousCounter":0,"rootKey":"RLgc1JjaVEe7i23leT9Ul/4DRghd0/V6NHtyl6XuPzg="},"indexInfo":{"baseKey":"BbWtbzHOcWo+F0rB+jAXFSfP3bPl6gFT8qmG8EDtz79Q","baseKeyType":1,"closed":-1,"used":1733208108608,"created":1733208108608,"remoteIdentityKey":"BaVTo4i31GE/0XnqaaEGS9LKE33jrxg871woD/8VbvAA"},"_chains":{"BdsjnlkVCr1MGEPbBmXNxhSM/di5LdHXxPszU+dsOfdp":{"chainKey":{"counter":2,"key":"Vzwt1KbN43hZOS996d0uAiDCZ4OhPuGd+4D9CgHwp6Y="},"chainType":1,"messageKeys":{}}},"pendingPreKey":{"signedKeyId":1,"baseKey":"BbWtbzHOcWo+F0rB+jAXFSfP3bPl6gFT8qmG8EDtz79Q","preKeyId":3905631}}},"version":"v1"}