{"_sessions":{"Bb1DUGbTnMSd20jwpadOvDvjuqHnNAUF1vsQJDkpt8Q6":{"registrationId":913499718,"currentRatchet":{"ephemeralKeyPair":{"pubKey":"BQvN53euthF2QoX7AuWR5MoSm+isTuPqRjeNJPztgh9o","privKey":"UBPmY1orCBCJfR2IW+gCzuFNGDmycGBdogxwh1phX0w="},"lastRemoteEphemeralKey":"BWJG5fF1CHj7x58PVlMZkFA6I/H2t0W3UqjY3uKGFf84","previousCounter":0,"rootKey":"oIrP+690wkynbQcqaAPlXUWlGxWHmDDS9kKCw1EFj3c="},"indexInfo":{"baseKey":"Bb1DUGbTnMSd20jwpadOvDvjuqHnNAUF1vsQJDkpt8Q6","baseKeyType":1,"closed":-1,"used":1733208108194,"created":1733208108194,"remoteIdentityKey":"BZn3Bov9bmxAEZJ85DGBGFcM9+oRcJYWXgp6Y099RxAv"},"_chains":{"BQvN53euthF2QoX7AuWR5MoSm+isTuPqRjeNJPztgh9o":{"chainKey":{"counter":2,"key":"rDXWOCHSLCtWy/kOoT+63GMAjQ8RcVmRhrkbNYrBltc="},"chainType":1,"messageKeys":{}}},"pendingPreKey":{"signedKeyId":1,"baseKey":"Bb1DUGbTnMSd20jwpadOvDvjuqHnNAUF1vsQJDkpt8Q6","preKeyId":5457}}},"version":"v1"}