{"_sessions":{"BcReMjTM41nXeiAQQLOQI1UPKJV0d1tNMsuL1Mr2UGlO":{"registrationId":65,"currentRatchet":{"ephemeralKeyPair":{"pubKey":"BRow0TWXdN3F8iWqUR+wH9WYyH+SiMkNq4ptd/7wr7pW","privKey":"kL+FJqg0HPk86h+oR8G8Wi0SLrdhyrfze6cQQyMc3Xk="},"lastRemoteEphemeralKey":"BfzomtChccoCTzn+v0mLQFIfdhPsI3ddKzq0GkICpKQk","previousCounter":0,"rootKey":"vhtiXOKrYr0j8QNAhHZPUylsvlqYaFOfrn/5mAamxpA="},"indexInfo":{"baseKey":"BcReMjTM41nXeiAQQLOQI1UPKJV0d1tNMsuL1Mr2UGlO","baseKeyType":1,"closed":-1,"used":1733208108146,"created":1733208108146,"remoteIdentityKey":"Bf+42rgo9eWRlIxiA8sdMj3uRkJ5/9LY3KJf/8+59ts4"},"_chains":{"BRow0TWXdN3F8iWqUR+wH9WYyH+SiMkNq4ptd/7wr7pW":{"chainKey":{"counter":2,"key":"QPi9w12p3GYDwZZYUc8TF1eFR/WpDhhVmEGvBeIeNb4="},"chainType":1,"messageKeys":{}}},"pendingPreKey":{"signedKeyId":1,"baseKey":"BcReMjTM41nXeiAQQLOQI1UPKJV0d1tNMsuL1Mr2UGlO"}}},"version":"v1"}