{"_sessions":{"BSLxykzd7cSthUXQ1GLsu+mEKmJF5VckgNJa/TajmHJa":{"registrationId":1467647629,"currentRatchet":{"ephemeralKeyPair":{"pubKey":"BeyjFBn6jA5XzHxnZqQrF3gkQW5cKROdy79eOLlyuIhI","privKey":"6L2/k3vBiL11YRL/LoTSUOETep36T0fxnkpoR6CKkXQ="},"lastRemoteEphemeralKey":"BYihpe8pvzTYABip0XhU7ftrOPx1beH7VzbugE80NJYQ","previousCounter":0,"rootKey":"M6s1Mm9XJJ3IzxZYGAnCYBfnu3nVhWpCMORa5jbpmuw="},"indexInfo":{"baseKey":"BSLxykzd7cSthUXQ1GLsu+mEKmJF5VckgNJa/TajmHJa","baseKeyType":2,"closed":-1,"used":1733207766144,"created":1733207766144,"remoteIdentityKey":"BaF+yLnW2xsxR69qBOgbhqeVEXhCtrjbpPKv/d/1roQ3"},"_chains":{"BYihpe8pvzTYABip0XhU7ftrOPx1beH7VzbugE80NJYQ":{"chainKey":{"counter":0,"key":"UFHwzOmk4t3lnOF0DqY8HeqgLup9kiJFIAQgDIsoEPM="},"chainType":2,"messageKeys":{}},"BeyjFBn6jA5XzHxnZqQrF3gkQW5cKROdy79eOLlyuIhI":{"chainKey":{"counter":2,"key":"2R1mqAtZMM4FJRnW03oorx5VlyzgQrOVd/sJI/3m2fc="},"chainType":1,"messageKeys":{}}}}},"version":"v1"}