{"_sessions":{"BQ2nB7+0468j5uksQlu1U9ZmcSKGdvtXrMF/wVTPucNN":{"registrationId":1640632234,"currentRatchet":{"ephemeralKeyPair":{"pubKey":"BQdQXXQ7pe8qT10f5Fz2DFbWw8m616YbdvUGH/h+aTo0","privKey":"ECkMKGw+mYgC+2ShO8WhqOA+WE0sMl5ynZG6+N5HtEY="},"lastRemoteEphemeralKey":"BdHEyo1dX/tZJkJ9bDgvAIm+3tuADeuUxajuOFWCx9VP","previousCounter":0,"rootKey":"9s/whebkkEhKrnIEMtJTZqUowTMkVHjqwYRgsXfkOxY="},"indexInfo":{"baseKey":"BQ2nB7+0468j5uksQlu1U9ZmcSKGdvtXrMF/wVTPucNN","baseKeyType":2,"closed":-1,"used":1733207754747,"created":1733207754747,"remoteIdentityKey":"BVtuTQ/1a0YaT42tnYjqQWMuSREMDfPKqFnsVBryjREU"},"_chains":{"BdHEyo1dX/tZJkJ9bDgvAIm+3tuADeuUxajuOFWCx9VP":{"chainKey":{"counter":0,"key":"w5hCPFJRStNqBaVMayP4XPBe3qAFl+S9kgGpk991C8c="},"chainType":2,"messageKeys":{}},"BQdQXXQ7pe8qT10f5Fz2DFbWw8m616YbdvUGH/h+aTo0":{"chainKey":{"counter":2,"key":"B6fOiXREoWbJn2MlPhg/oYOXi30valaHS/Q8URqIUho="},"chainType":1,"messageKeys":{}}}}},"version":"v1"}