{"_sessions":{"BSp9dO1oRFVQlnQUOsJ8YMO24DKvD+OtEpxo7kYqBqtt":{"registrationId":1948326866,"currentRatchet":{"ephemeralKeyPair":{"pubKey":"BV/I9mOq+QviZZ79hknb7mb9mutLeGgexrHUnBz1xu5F","privKey":"SMWX3vF0ew73icGCgxjaXxK88z5Av2G0tZkE1CtlNlg="},"lastRemoteEphemeralKey":"BcPKeVwZdsvghNlkRl0FY7jeD547CcZIhggduu98v/4C","previousCounter":0,"rootKey":"jmi6Yo/EQjQoFDCydHsEFM4hdF4ExpKoZJEXHCm20aI="},"indexInfo":{"baseKey":"BSp9dO1oRFVQlnQUOsJ8YMO24DKvD+OtEpxo7kYqBqtt","baseKeyType":1,"closed":-1,"used":1733208108610,"created":1733208108610,"remoteIdentityKey":"BYZy88c6/LWRmb2q9pEw+GsaG9sOGgX21d3ZrTQNvRYq"},"_chains":{"BV/I9mOq+QviZZ79hknb7mb9mutLeGgexrHUnBz1xu5F":{"chainKey":{"counter":2,"key":"p0mpVmLiW5Ryl/hJ4zhuZsjnJ+YA4rhIuS7M62rdSxI="},"chainType":1,"messageKeys":{}}},"pendingPreKey":{"signedKeyId":1,"baseKey":"BSp9dO1oRFVQlnQUOsJ8YMO24DKvD+OtEpxo7kYqBqtt","preKeyId":6215929}}},"version":"v1"}