{"_sessions":{"BTHP3DXJ199ZsOKV3kxrt40zdApoEGFv/aVtuzdZIiM2":{"registrationId":19823339,"currentRatchet":{"ephemeralKeyPair":{"pubKey":"Bf9y1ICbO41w5VU3oYwPzv6U0pWNp11h4tPJC8n2SVB6","privKey":"GEM9mtHottEYTNKmnBRWsEAH+VMbNtb9izpR423OGGc="},"lastRemoteEphemeralKey":"BeLkKiGd8iaQqFcUJpEIyqXS8QcEGtlmMoUWzsG40Bxw","previousCounter":0,"rootKey":"AUY3NDl4JXA4QaYEypsgf+7l8wVnY7B92d5eHwOKnDc="},"indexInfo":{"baseKey":"BTHP3DXJ199ZsOKV3kxrt40zdApoEGFv/aVtuzdZIiM2","baseKeyType":1,"closed":-1,"used":1733208108282,"created":1733208108282,"remoteIdentityKey":"BZWDLQDyRFLk67zDwrbYe61rcwE4jWDKsDo1x+jLHFB5"},"_chains":{"Bf9y1ICbO41w5VU3oYwPzv6U0pWNp11h4tPJC8n2SVB6":{"chainKey":{"counter":2,"key":"Hma/02XfkKsFoBYOWNGdbskGjfl9anZI/G/jLPwqkH4="},"chainType":1,"messageKeys":{}}},"pendingPreKey":{"signedKeyId":22,"baseKey":"BTHP3DXJ199ZsOKV3kxrt40zdApoEGFv/aVtuzdZIiM2","preKeyId":24467}}},"version":"v1"}