{"_sessions":{"BXV7CF9pZ/Qtbr0ZCcoFnaqyPO7gmcXSu+GLSXDx5p0R":{"registrationId":62098324,"currentRatchet":{"ephemeralKeyPair":{"pubKey":"BZZA8QKp1Ztkt4thejhmQ6PM3BRUjIFsoL22QZfeyYN8","privKey":"OMwLK2gPW8gfbdUFDBxiqMTwbjVnudlWpsZdoA8tGkY="},"lastRemoteEphemeralKey":"BdCFH9bk5Xc2OTqDSat41mwhVTH3ASS66qzPSy38Z1IT","previousCounter":0,"rootKey":"Hig/qwQWbnLkEOseKjtiSPVqJSTneIQJuTLpSQSukvc="},"indexInfo":{"baseKey":"BXV7CF9pZ/Qtbr0ZCcoFnaqyPO7gmcXSu+GLSXDx5p0R","baseKeyType":1,"closed":-1,"used":1733208108655,"created":1733208108655,"remoteIdentityKey":"Bc1Rqblaw/7cExOsXF3ePvWCgDRstfLuuUVEjJwcDjEc"},"_chains":{"BZZA8QKp1Ztkt4thejhmQ6PM3BRUjIFsoL22QZfeyYN8":{"chainKey":{"counter":2,"key":"/MlTIPDQIHYsu9mPZFlWwKPoJJwzzhGomhjBnZ5iYL0="},"chainType":1,"messageKeys":{}}},"pendingPreKey":{"signedKeyId":30,"baseKey":"BXV7CF9pZ/Qtbr0ZCcoFnaqyPO7gmcXSu+GLSXDx5p0R"}}},"version":"v1"}