{"_sessions":{"BTAoF4ahf5qM9DxCn7HhUb9wbs9oBfg2bsVnkAjYkJZ8":{"registrationId":415227923,"currentRatchet":{"ephemeralKeyPair":{"pubKey":"BXQjn7iEdWbPRNkrWR8AwqfBgLcBEyW/i2wVvxfiASxo","privKey":"MFuPb7fzUkBDEm0IO+dBHCw6o/OHq5VDDvFepssRFnE="},"lastRemoteEphemeralKey":"Bb46AAECm9O3tuuEM4AmN8SiG/0oO/Q3TxtVUlPxLyJC","previousCounter":0,"rootKey":"HkZ1qTK9bgbmtea6/KMtPdKtUyFD7XPS0wxxu9rJ4cE="},"indexInfo":{"baseKey":"BTAoF4ahf5qM9DxCn7HhUb9wbs9oBfg2bsVnkAjYkJZ8","baseKeyType":2,"closed":-1,"used":1733207928107,"created":1733207928107,"remoteIdentityKey":"BWy+BfjWEnEi4oslglMljDd6zq6774a1//MyotuzSrN3"},"_chains":{"Bb46AAECm9O3tuuEM4AmN8SiG/0oO/Q3TxtVUlPxLyJC":{"chainKey":{"counter":3,"key":"ME9hwnHNEi6eR8d7NJjDxgDawdmWQr0on92Ir1cDx8E="},"chainType":2,"messageKeys":{"0":"LghMewsd/m24KN+OStDes2jn70LI6pgch+UNI5JQFuQ=","1":"aiub8sc8StqmJf1LXDWgyMRg+h4aweNAW11evgegr8U=","2":"psEommiEmggv5L6BCcW4jyJSbVpuri2ATiKvQYTE/U4="}},"BXQjn7iEdWbPRNkrWR8AwqfBgLcBEyW/i2wVvxfiASxo":{"chainKey":{"counter":2,"key":"IfGzf6kqEamLmgCIR32HfdjJCGWu9H5R2CmzE2++ThQ="},"chainType":1,"messageKeys":{}}}}},"version":"v1"}