{"_sessions":{"BSXDtgwGxGiGxUDNjjM1yhEwn0Jw1RbjL8d3b8umU0MU":{"registrationId":1221800614,"currentRatchet":{"ephemeralKeyPair":{"pubKey":"BfroBn+WlTkQ7ERTKKrvhAageyFuHMul8B6YQUQob/o0","privKey":"+F8Bg1DltAKu5OJGtFTyJSGqEXnznODFC1XDvDXtAVo="},"lastRemoteEphemeralKey":"BYLmx72x4XKo0e0TEdtPhlKmoCkxppAPwT+vjVz9JkZi","previousCounter":276,"rootKey":"HfkvdCOGdPASxmJnPE4nVdxW1N94pulEAi+HGoSzBps="},"indexInfo":{"baseKey":"BSXDtgwGxGiGxUDNjjM1yhEwn0Jw1RbjL8d3b8umU0MU","baseKeyType":1,"closed":-1,"used":1733207758484,"created":1733137940226,"remoteIdentityKey":"BcsoorkbrYXN+P/608Q2L2Q5fCzVzZr8y8OqeTvohd49"},"_chains":{"BYLmx72x4XKo0e0TEdtPhlKmoCkxppAPwT+vjVz9JkZi":{"chainKey":{"counter":0,"key":"TF4GDRnrVFeEzvP9zV0NbGb2MHkSuo9kQwljS1RFMzg="},"chainType":2,"messageKeys":{}},"BfroBn+WlTkQ7ERTKKrvhAageyFuHMul8B6YQUQob/o0":{"chainKey":{"counter":4,"key":"d4eKD79t8KGhWdyoUjYlVdK/5bQD9oUyV2VQVKNgfTY="},"chainType":1,"messageKeys":{}}}}},"version":"v1"}