{"_sessions":{"BV8cj8j5/4z3PGpsje3L1XLDLdIwm/9DAo6WeBopZKkG":{"registrationId":121,"currentRatchet":{"ephemeralKeyPair":{"pubKey":"BaCGXk5y8W5qUFFs/vttB+adnYf8eIS3lAF+RsIwaLRH","privKey":"SGqUYbpCvKwmZTlNiPEPU5z/l1m72v0TJBQhMTSk30M="},"lastRemoteEphemeralKey":"Bc4/WcuD+SH+UeMcUs/pd//MBCgKMfjmxTrw+HocIJ1F","previousCounter":0,"rootKey":"6imDe1vTEFNft/cp650Rgmrmrg5D8vzKBoHMlVhXG44="},"indexInfo":{"baseKey":"BV8cj8j5/4z3PGpsje3L1XLDLdIwm/9DAo6WeBopZKkG","baseKeyType":1,"closed":-1,"used":1733208108319,"created":1733208108319,"remoteIdentityKey":"BYbX0aiiWwKafyh14AkQI7J1xHCNKXv2jnvIc7zZkwQL"},"_chains":{"BaCGXk5y8W5qUFFs/vttB+adnYf8eIS3lAF+RsIwaLRH":{"chainKey":{"counter":2,"key":"Q/zAyp7cFgpayqKybCAPCOUH23ZlwHjAMjk3280+qxk="},"chainType":1,"messageKeys":{}}},"pendingPreKey":{"signedKeyId":1,"baseKey":"BV8cj8j5/4z3PGpsje3L1XLDLdIwm/9DAo6WeBopZKkG"}}},"version":"v1"}