{"_sessions":{"BR/MEF74y4IpymFSKC5aUd9I3/mp+KlYLNqx9G49W6gl":{"registrationId":398024932,"currentRatchet":{"ephemeralKeyPair":{"pubKey":"BfQPGinLGA3qVytqpE7BvuoWjKMf5C6+NCouWoPp0cIw","privKey":"0DK3D4wPTUr1Q2gJnKUVD1ZlM/ZWbX4u2HKQ6IiY22c="},"lastRemoteEphemeralKey":"Bdxzy6G9MthZxhC4URteuoJBiKrf4E/KzWMH2/BklD9t","previousCounter":0,"rootKey":"LvtCF/0nftgGvxZG0uRUXZw1r1ZKi3H5Pg+koNAgi8w="},"indexInfo":{"baseKey":"BR/MEF74y4IpymFSKC5aUd9I3/mp+KlYLNqx9G49W6gl","baseKeyType":1,"closed":-1,"used":1733208108861,"created":1733208108861,"remoteIdentityKey":"BV+CpVOA1w3t2wEc5vL7CI1kvuRTs7ZK0yQwbs/wNVdF"},"_chains":{"BfQPGinLGA3qVytqpE7BvuoWjKMf5C6+NCouWoPp0cIw":{"chainKey":{"counter":2,"key":"6Iut1bNP0EGuwuGBASsmKN6ExUp6mlbTMfXlXggIDtA="},"chainType":1,"messageKeys":{}}},"pendingPreKey":{"signedKeyId":1,"baseKey":"BR/MEF74y4IpymFSKC5aUd9I3/mp+KlYLNqx9G49W6gl"}}},"version":"v1"}