{"_sessions":{"BXJUyyoLomnqP2yEFkm7g0pKkZmEQbByR8tbi+illphs":{"registrationId":187,"currentRatchet":{"ephemeralKeyPair":{"pubKey":"BdmMr5EqEMAZnhpEiFix3nnhGaL14ZZGV1kcpf5HwhxW","privKey":"SPZeBOzb+cz7nQv79aypUHbwII40OExZ+ylxhBqKYn8="},"lastRemoteEphemeralKey":"BSQqExqaqKS/ebE2HajAb6dY3HhjbyyJUy4WJgE94KI2","previousCounter":0,"rootKey":"2c8bPfLXYApqAg0rWrRV96JbM/1ja+oQzfx9RNSEtw0="},"indexInfo":{"baseKey":"BXJUyyoLomnqP2yEFkm7g0pKkZmEQbByR8tbi+illphs","baseKeyType":1,"closed":-1,"used":1733208108077,"created":1733208108077,"remoteIdentityKey":"Bd5UVo2Tiw+dLGkbRPEJkFjlC9f3u/wyc96sETQe7J58"},"_chains":{"BdmMr5EqEMAZnhpEiFix3nnhGaL14ZZGV1kcpf5HwhxW":{"chainKey":{"counter":2,"key":"qJEjetbcJoPXxbB9frU72nChAr3ldmkItkxpeVXnPR8="},"chainType":1,"messageKeys":{}}},"pendingPreKey":{"signedKeyId":1,"baseKey":"BXJUyyoLomnqP2yEFkm7g0pKkZmEQbByR8tbi+illphs"}}},"version":"v1"}