{"_sessions":{"BTi2Cwu5BqyBctJiO4rlpl4Q0XNlDsq0kCy5TtCzl24s":{"registrationId":1276743073,"currentRatchet":{"ephemeralKeyPair":{"pubKey":"BRCJUzkf0Ftniui9rCMKkLbt0MCUAMBtw86Xm1gwgMYt","privKey":"OETtrVQ4p6aEXFeEBAGfB5YggEpLO0n8GF//7hDChU4="},"lastRemoteEphemeralKey":"BQHwGJYwcjaGNDKKDDUroW0/Fw0JySqSPe/8JNoK0B4T","previousCounter":0,"rootKey":"LzlCngFao/pvHX2A/wLMONqNDFWRmihWhXUanx4U/FU="},"indexInfo":{"baseKey":"BTi2Cwu5BqyBctJiO4rlpl4Q0XNlDsq0kCy5TtCzl24s","baseKeyType":1,"closed":-1,"used":1733208108751,"created":1733208108751,"remoteIdentityKey":"BejW2AmPRnMz172zUmB6Oxqd/dEiw2bs9cJBT++F6IwD"},"_chains":{"BRCJUzkf0Ftniui9rCMKkLbt0MCUAMBtw86Xm1gwgMYt":{"chainKey":{"counter":2,"key":"45fXPrevELWlk2BOQPNUY62BNEeho+DGApM2iFks5P8="},"chainType":1,"messageKeys":{}}},"pendingPreKey":{"signedKeyId":1,"baseKey":"BTi2Cwu5BqyBctJiO4rlpl4Q0XNlDsq0kCy5TtCzl24s"}}},"version":"v1"}