{"_sessions":{"BaJNRjeAJgf5ZUwVG/Jz9oWs+4b2KknFD/AIGvKNOJ15":{"registrationId":1983846715,"currentRatchet":{"ephemeralKeyPair":{"pubKey":"BR8+DFkC4RFh0Di//zyWW2rwQsiXNSH6KG9AeujPi6NC","privKey":"4KSE8VJF2GXu9MBBL6ppjnip/sOPMqos4+OzuXiEb10="},"lastRemoteEphemeralKey":"Bb5Zc61voxiGlxwX2gwhXihQ4gz2ZIIqhT5DJTJSCL5j","previousCounter":0,"rootKey":"DSfTTdm6wnysTAQjMPBJ4OeH9EV90T9dTkv8LYOx3xM="},"indexInfo":{"baseKey":"BaJNRjeAJgf5ZUwVG/Jz9oWs+4b2KknFD/AIGvKNOJ15","baseKeyType":2,"closed":-1,"used":1733207757271,"created":1733207757271,"remoteIdentityKey":"BTOpHCVC2kfQOGPsVySK3IntFMXllQnf81S/kvjn6Xt5"},"_chains":{"Bb5Zc61voxiGlxwX2gwhXihQ4gz2ZIIqhT5DJTJSCL5j":{"chainKey":{"counter":0,"key":"Y2Oon4vtyIxW7tqCLe4HkF7nf77M8jT9YfY5lHwtGcM="},"chainType":2,"messageKeys":{}},"BR8+DFkC4RFh0Di//zyWW2rwQsiXNSH6KG9AeujPi6NC":{"chainKey":{"counter":2,"key":"NBiB1glYfhEY9xBQQ9GDvtNKgt/+cyxhf4mBpKPyYHc="},"chainType":1,"messageKeys":{}}}}},"version":"v1"}