{"_sessions":{"BcE3Yc2j8wWwnGUzSQc6NkZLeEVRLiNqZjTDCtDRbcMv":{"registrationId":7238,"currentRatchet":{"ephemeralKeyPair":{"pubKey":"BS9eVJnA6sFLA1eLgZ6zaFGdfEOw1LUV5hU2Wp5XLEEU","privKey":"mDx384kHwjoVE/wS4vKubPt2ZV6S03Og+Z2XTazY2ns="},"lastRemoteEphemeralKey":"BSs12sBM5GT8YfkvY/k6pIwF2nRsOJG8TbOI+3Mt2+AG","previousCounter":0,"rootKey":"rSwaDAHRm0ArA8W7tsjPWt9IeBxJ+2vSi5X9sCZ1MW0="},"indexInfo":{"baseKey":"BcE3Yc2j8wWwnGUzSQc6NkZLeEVRLiNqZjTDCtDRbcMv","baseKeyType":1,"closed":-1,"used":1733208108347,"created":1733208108347,"remoteIdentityKey":"BWpRUzS3lGk1TGMcgnK3DAYIN2Ekw02HEVneQOVzo1tW"},"_chains":{"BS9eVJnA6sFLA1eLgZ6zaFGdfEOw1LUV5hU2Wp5XLEEU":{"chainKey":{"counter":2,"key":"nBWoUCcGklzDY1T1/VrlE2c6G4qZeGCFK3AW2MFDx2c="},"chainType":1,"messageKeys":{}}},"pendingPreKey":{"signedKeyId":1,"baseKey":"BcE3Yc2j8wWwnGUzSQc6NkZLeEVRLiNqZjTDCtDRbcMv","preKeyId":2414}}},"version":"v1"}