{"_sessions":{"BTFiUsNXdU30Gsx86nq253/C5ED8faVjQT5NdEcsFp97":{"registrationId":72,"currentRatchet":{"ephemeralKeyPair":{"pubKey":"BckfpwtPPYIA7xqvJo2G6PYZy8dU8rz1JowMTJtk2HJT","privKey":"QMNOUPVozGHhdqzQiZRQayx0nSu/x1mXQiaTcc5PRHA="},"lastRemoteEphemeralKey":"BS0tjFfdhpZTbsLrnt4xPUDgt23XNJ74RlcYFHxEiFgD","previousCounter":0,"rootKey":"tLCkuCPaobQce8ZiKiKWdvKBMj/zGr4yqXQrzGXTzy8="},"indexInfo":{"baseKey":"BTFiUsNXdU30Gsx86nq253/C5ED8faVjQT5NdEcsFp97","baseKeyType":1,"closed":-1,"used":1733208108406,"created":1733208108406,"remoteIdentityKey":"BRJgnExjPvWgFaPYXU5flNX9iB3ds+8tqA9ncG1C0dEl"},"_chains":{"BckfpwtPPYIA7xqvJo2G6PYZy8dU8rz1JowMTJtk2HJT":{"chainKey":{"counter":2,"key":"AbuzoRa7IjvdKPYnHuh9cS7OsHSyTj78nhoLf7gllbI="},"chainType":1,"messageKeys":{}}},"pendingPreKey":{"signedKeyId":1,"baseKey":"BTFiUsNXdU30Gsx86nq253/C5ED8faVjQT5NdEcsFp97"}}},"version":"v1"}