{"_sessions":{"BeiPUY76Z4iXCrc6ppUyQp9P6RKozCOmjvFwYDDrS6ZH":{"registrationId":2025514937,"currentRatchet":{"ephemeralKeyPair":{"pubKey":"BciETKu+wiJNEjJ1U7omuMWW+7fC9bh7gFIUyRxiePMi","privKey":"eMaJJjg+kL39xrTL7UGK7ZrgToor2UMmUElytOujY3Y="},"lastRemoteEphemeralKey":"Bbdu9M1vID/CMsuM61Snbbo7rJuSFTAWxwwJSU6b0tI8","previousCounter":0,"rootKey":"OojqkilD+W+KYHxP04cZv95UoGthUsWBWSx8HzJgPhQ="},"indexInfo":{"baseKey":"BeiPUY76Z4iXCrc6ppUyQp9P6RKozCOmjvFwYDDrS6ZH","baseKeyType":1,"closed":-1,"used":1733208108820,"created":1733208108820,"remoteIdentityKey":"BXG5xFwoCWuXGmkFnwcRuxvcH5WlTD9DyNLT8Aeu3Axl"},"_chains":{"BciETKu+wiJNEjJ1U7omuMWW+7fC9bh7gFIUyRxiePMi":{"chainKey":{"counter":2,"key":"91Zeb+tJFNWF/XhvHSijaqHaFPJdPMgq5eRbiEojxgE="},"chainType":1,"messageKeys":{}}},"pendingPreKey":{"signedKeyId":0,"baseKey":"BeiPUY76Z4iXCrc6ppUyQp9P6RKozCOmjvFwYDDrS6ZH"}}},"version":"v1"}