{"_sessions":{"BbPzu96xz8cRZ8iv28fqJyc/q7Y/IFn6xQGPW9L8RVIB":{"registrationId":796034401,"currentRatchet":{"ephemeralKeyPair":{"pubKey":"BTlauGUpLfn3roYr6XaTAN8cKTMt6gHQqXT+svt640MU","privKey":"8IyfGWYlKhIgsRE64D23F4hJPMiIjEmFcaxKlAWPMlw="},"lastRemoteEphemeralKey":"BdJBwHKvWgw5iMtm/THT44v/RJt/Od2i+Wnjq0BR/Vsi","previousCounter":0,"rootKey":"j1JivPFsMvNhRiXDPZKp+gNZUa6gH2zs8nGDXK40+uU="},"indexInfo":{"baseKey":"BbPzu96xz8cRZ8iv28fqJyc/q7Y/IFn6xQGPW9L8RVIB","baseKeyType":1,"closed":-1,"used":1733208108703,"created":1733208108703,"remoteIdentityKey":"BaaIk5roQanbLZe8jWW8AZXl9bgvlNYuYSDbKbPfOlV5"},"_chains":{"BTlauGUpLfn3roYr6XaTAN8cKTMt6gHQqXT+svt640MU":{"chainKey":{"counter":2,"key":"07sIZXTcubknGqwx4U4rs6keJN/maxNHIoym6g8z7lI="},"chainType":1,"messageKeys":{}}},"pendingPreKey":{"signedKeyId":0,"baseKey":"BbPzu96xz8cRZ8iv28fqJyc/q7Y/IFn6xQGPW9L8RVIB"}}},"version":"v1"}