{"_sessions":{"BcP7+GbeeEXidDyRjky3nM1xcQtQ9LE0F0iFQH9ZjHoP":{"registrationId":251,"currentRatchet":{"ephemeralKeyPair":{"pubKey":"BYxoB4w4ZkPMLMw7sSeVA8CCHEDcGwB2xlwM1tk9q59Y","privKey":"YC3ZRCfGjs8T8msS1yDJOhzQvdnVMzPnkG6ioUZxK18="},"lastRemoteEphemeralKey":"BfzlWme6Jb0FzYi2HWLDcBr3yKpc4dP9/lYvKxPpOiYa","previousCounter":0,"rootKey":"jw+xyP0OqLqW5HqsXp4+a3YVZ815NeGQg1HcbNC+3Cg="},"indexInfo":{"baseKey":"BcP7+GbeeEXidDyRjky3nM1xcQtQ9LE0F0iFQH9ZjHoP","baseKeyType":1,"closed":-1,"used":1733208108056,"created":1733208108056,"remoteIdentityKey":"BapqcOifnTFwvN4q5BF+OP20iP64gqUWsH6FDYCKlUdY"},"_chains":{"BYxoB4w4ZkPMLMw7sSeVA8CCHEDcGwB2xlwM1tk9q59Y":{"chainKey":{"counter":2,"key":"yCHm8rP2q5wexcS0PbG12u2YpcbuObPy3GiLd7+xwKA="},"chainType":1,"messageKeys":{}}},"pendingPreKey":{"signedKeyId":1,"baseKey":"BcP7+GbeeEXidDyRjky3nM1xcQtQ9LE0F0iFQH9ZjHoP"}}},"version":"v1"}