{"_sessions":{"BZX/Z+EihNBpK/Ggn98pipPRriDkh30JgGFsm70so6U1":{"registrationId":220431699,"currentRatchet":{"ephemeralKeyPair":{"pubKey":"BcikUunONIkjK3VDDM/mhjH6Lu6a45mE93zQ+CV6YZ9S","privKey":"aKL29fYZWEk8wizWN4AY+s1l0tUmBLCUMt0CvIuKeHw="},"lastRemoteEphemeralKey":"BW+xp0AgAqlWCpYaqjT4INnW7Pm2E9fMelOHF9rJdZgH","previousCounter":0,"rootKey":"75W6xKJ7f21BIvTVoPTzILgAGSq5biWjyjxtp1c1BEY="},"indexInfo":{"baseKey":"BZX/Z+EihNBpK/Ggn98pipPRriDkh30JgGFsm70so6U1","baseKeyType":1,"closed":-1,"used":1733208108771,"created":1733208108771,"remoteIdentityKey":"BZS63CbAoYh/5BQgvNqBAcrBJQNE2VRDgyDyIyDr7WJb"},"_chains":{"BcikUunONIkjK3VDDM/mhjH6Lu6a45mE93zQ+CV6YZ9S":{"chainKey":{"counter":2,"key":"7SzOgUJPTQDn7rPRxNy95uGG1PELqjn35UMqypwR34E="},"chainType":1,"messageKeys":{}}},"pendingPreKey":{"signedKeyId":2,"baseKey":"BZX/Z+EihNBpK/Ggn98pipPRriDkh30JgGFsm70so6U1"}}},"version":"v1"}