{"_sessions":{"BZFMlowh9MAs9965vwWMjbfL6i/P1nsIRzfjckXmVv0u":{"registrationId":1996278878,"currentRatchet":{"ephemeralKeyPair":{"pubKey":"BRAEek1pORUeAIj43zMF+mnK5Gp3kPaYRfCV/D/+V3IZ","privKey":"sDW8bRDUk0BT5C+DNFtljSt7D/81SN5uFgLrFdZyAWU="},"lastRemoteEphemeralKey":"BbwGf0U++4x7MBahNWSLDKWPTrpOu5Y796FBZscNXvp6","previousCounter":0,"rootKey":"AArZQkLM1YDxj5Hrbxo3Eg7JxxFElwwJcSvMcLN25F4="},"indexInfo":{"baseKey":"BZFMlowh9MAs9965vwWMjbfL6i/P1nsIRzfjckXmVv0u","baseKeyType":1,"closed":-1,"used":1733208108657,"created":1733208108657,"remoteIdentityKey":"BUxIQ7ASnXRKFlnOipJ8Xcim34lACuX1wIoKulBiBlNU"},"_chains":{"BRAEek1pORUeAIj43zMF+mnK5Gp3kPaYRfCV/D/+V3IZ":{"chainKey":{"counter":2,"key":"oS9x9yK5Ts+30+h7Jkv26/dmgjHObBgVK27KGbEUZ8g="},"chainType":1,"messageKeys":{}}},"pendingPreKey":{"signedKeyId":2,"baseKey":"BZFMlowh9MAs9965vwWMjbfL6i/P1nsIRzfjckXmVv0u"}}},"version":"v1"}