{"_sessions":{"BVb9QZmpiyrK4QuUwOOLQW/9O+X6iyOwpcyzpxjzvRZU":{"registrationId":317368466,"currentRatchet":{"ephemeralKeyPair":{"pubKey":"BWwzCWHYGc0+nE7aapXL11xiB2Hcd3pQVEIy78o5x3ZX","privKey":"mHNBRPUBUE81ujwFa8i5aut76jkeKXR6RVEy7FYuMHI="},"lastRemoteEphemeralKey":"BXCZuE8NpkwcjL1vofE0im2orPH2zDbfgZpTjKITziV2","previousCounter":0,"rootKey":"5uig7FjiL0dmwuv5zlkpKm6klFxbhmiK2v+v78PNXcU="},"indexInfo":{"baseKey":"BVb9QZmpiyrK4QuUwOOLQW/9O+X6iyOwpcyzpxjzvRZU","baseKeyType":1,"closed":-1,"used":1733208108835,"created":1733208108835,"remoteIdentityKey":"BStdIjE/+zWONuuNGMwlWeIF6Hx/HzKH+uvBxJVqJzpZ"},"_chains":{"BWwzCWHYGc0+nE7aapXL11xiB2Hcd3pQVEIy78o5x3ZX":{"chainKey":{"counter":2,"key":"bn6WKySkq18TYFALEMW1Y1FbhWuyB5vL9YcHGHBiTk4="},"chainType":1,"messageKeys":{}}},"pendingPreKey":{"signedKeyId":13224865,"baseKey":"BVb9QZmpiyrK4QuUwOOLQW/9O+X6iyOwpcyzpxjzvRZU"}}},"version":"v1"}