{"_sessions":{"BTUV93GV7tqNnNMlmX8F0QdoRU++7TmKLCGcFj5WcuxL":{"registrationId":132434388,"currentRatchet":{"ephemeralKeyPair":{"pubKey":"BVFDiznQSw9nzfx8eNNR2Orda77mxa1nQ3NkvSiJDlEa","privKey":"uHpOwQsmQShOK7XB7E58DX5DXd3BMyMi6nJE30i8fHQ="},"lastRemoteEphemeralKey":"BdwLbnTetJHhZwFd6/OhM1Jt56GJiwkkxkq3ZK/F0ylK","previousCounter":0,"rootKey":"flI3AWllZj5HUgYaANenbIW2L/k9YTx6TQp2DrPDu7g="},"indexInfo":{"baseKey":"BTUV93GV7tqNnNMlmX8F0QdoRU++7TmKLCGcFj5WcuxL","baseKeyType":1,"closed":-1,"used":1733208108826,"created":1733208108826,"remoteIdentityKey":"BQ8IdxiMZWVO45hPgpa8UtOSuKgffEdGaYDhgt5zAOIE"},"_chains":{"BVFDiznQSw9nzfx8eNNR2Orda77mxa1nQ3NkvSiJDlEa":{"chainKey":{"counter":2,"key":"KFomPF9Y28gWYgyN0rIhGbmtTmmRQBHa+QF7I8fc17M="},"chainType":1,"messageKeys":{}}},"pendingPreKey":{"signedKeyId":4,"baseKey":"BTUV93GV7tqNnNMlmX8F0QdoRU++7TmKLCGcFj5WcuxL","preKeyId":13849406}}},"version":"v1"}