{"_sessions":{"BSGQrutV7Pl1/wUf5eSdkjnPE8TsiEnZK1WdYp5gLeEC":{"registrationId":38,"currentRatchet":{"ephemeralKeyPair":{"pubKey":"Bfjtp1nTX28yVuUn3kyWarJB8ZzogaSdeR7iHdvleaVQ","privKey":"CI+djd6NxbLzaFmEs9MSpBiQd6csxlEOmLtSMQbWS3I="},"lastRemoteEphemeralKey":"BQ33ZQBfv2FEmRBr6VS6hkeRUB4RVwcibm7JOAI5ry0J","previousCounter":0,"rootKey":"7sOESmdcHcoK1cmPqQX8kaAxvGyVZSM55zCnoSSdzmI="},"indexInfo":{"baseKey":"BSGQrutV7Pl1/wUf5eSdkjnPE8TsiEnZK1WdYp5gLeEC","baseKeyType":1,"closed":-1,"used":1733208108189,"created":1733208108189,"remoteIdentityKey":"BQ33ZQBfv2FEmRBr6VS6hkeRUB4RVwcibm7JOAI5ry0J"},"_chains":{"Bfjtp1nTX28yVuUn3kyWarJB8ZzogaSdeR7iHdvleaVQ":{"chainKey":{"counter":2,"key":"Qrdh5NL4c7li0H4bmgFqcI2N0kvgVbh0YiNl0MUQ5y4="},"chainType":1,"messageKeys":{}}},"pendingPreKey":{"signedKeyId":1,"baseKey":"BSGQrutV7Pl1/wUf5eSdkjnPE8TsiEnZK1WdYp5gLeEC"}}},"version":"v1"}