{"_sessions":{"BVACAUmUGb9MJDbcb7odMz8iSnuDOJF90+Kse27lbJMN":{"registrationId":535789645,"currentRatchet":{"ephemeralKeyPair":{"pubKey":"BWIqK2ZTgLPLVOdNVjgKN38zE/JK5HMIb3SdOlLXoH8g","privKey":"aELKeLpALPaR6X+QpsjdqOro2lyS6RzmK6/dzcTXm10="},"lastRemoteEphemeralKey":"BZCdSIkX4zGtbVRrhvm7izqUscZxPsWzifNB2oc6bq48","previousCounter":0,"rootKey":"+Qv1bCm2dXauMQNBEqnxVorQHTA5sbfrMKpHcpO6Rmw="},"indexInfo":{"baseKey":"BVACAUmUGb9MJDbcb7odMz8iSnuDOJF90+Kse27lbJMN","baseKeyType":1,"closed":-1,"used":1733208108549,"created":1733208108549,"remoteIdentityKey":"Bc6YgpIlCCK1gBqAoNHgY6oVnRy133BNApCBgEOhYmAz"},"_chains":{"BWIqK2ZTgLPLVOdNVjgKN38zE/JK5HMIb3SdOlLXoH8g":{"chainKey":{"counter":2,"key":"odGBrZGbjPwzTUUxRQp1RQGSu53DuIWJ/9XqyvB+bt4="},"chainType":1,"messageKeys":{}}},"pendingPreKey":{"signedKeyId":1,"baseKey":"BVACAUmUGb9MJDbcb7odMz8iSnuDOJF90+Kse27lbJMN","preKeyId":7284914}}},"version":"v1"}