{"_sessions":{"BfqSTuBU/4fiQ37wdPGGrm04CFBJvYRwLL4S4NoJ+kBY":{"registrationId":106,"currentRatchet":{"ephemeralKeyPair":{"pubKey":"BS0R+JVJ9rknKQFqiovzE2ifgC+FZ+s1VpZGK5jC7H1c","privKey":"4G07lDqN2UPSHhFbEoa5oRbJHuBMuM8qFwIHAW/6s3c="},"lastRemoteEphemeralKey":"BeHn7XdFRZD+JPmydjgU9eY5m69TnCgIj+POh0CpuEA4","previousCounter":0,"rootKey":"0WtADT7dzgePgldHoQKiB/Dn1cPaF7cL+6+EFQfGFIc="},"indexInfo":{"baseKey":"BfqSTuBU/4fiQ37wdPGGrm04CFBJvYRwLL4S4NoJ+kBY","baseKeyType":1,"closed":-1,"used":1733208108202,"created":1733208108202,"remoteIdentityKey":"BefJz9PegdV/y1mBI8nzpSPJgpur2yiGdXgJB9mMkUh2"},"_chains":{"BS0R+JVJ9rknKQFqiovzE2ifgC+FZ+s1VpZGK5jC7H1c":{"chainKey":{"counter":2,"key":"8K4gQG/fBijgslyuLCLbUD9zXfVnJzAoawIDfwBiJz8="},"chainType":1,"messageKeys":{}}},"pendingPreKey":{"signedKeyId":1,"baseKey":"BfqSTuBU/4fiQ37wdPGGrm04CFBJvYRwLL4S4NoJ+kBY"}}},"version":"v1"}