{"_sessions":{"BdUQVJr2N0d/QM2u2RQpyDcuObmgWpzKzGVRNcST8NMI":{"registrationId":1504076385,"currentRatchet":{"ephemeralKeyPair":{"pubKey":"BeON7HCNO03u/ysQWeploXotzZrJ+3kEZFw1CB1TkQ5d","privKey":"kIT9clhMGBBkmTmZ8ALGCGPeqzByHeBaEH4IZRuhYEY="},"lastRemoteEphemeralKey":"BWI6RrBihmgq3Yjn/W0maRwWgsMjqMon/uej/2AHxJpt","previousCounter":0,"rootKey":"AVtmtAm2ASgNbGDRn1TEhkVcp0rCEPELxMEdSsCTvbw="},"indexInfo":{"baseKey":"BdUQVJr2N0d/QM2u2RQpyDcuObmgWpzKzGVRNcST8NMI","baseKeyType":2,"closed":-1,"used":1733207757629,"created":1733207757629,"remoteIdentityKey":"BSG/XhjITeY+yieO0HOjLeY8fH/RphxVFtGF9wGp/mJk"},"_chains":{"BWI6RrBihmgq3Yjn/W0maRwWgsMjqMon/uej/2AHxJpt":{"chainKey":{"counter":0,"key":"GrhYsE/lHxm5tgQB1nBO6B1BI4kB/UxpP9ztPnVUBoI="},"chainType":2,"messageKeys":{}},"BeON7HCNO03u/ysQWeploXotzZrJ+3kEZFw1CB1TkQ5d":{"chainKey":{"counter":2,"key":"RMqa4dLsCfVdmzOyokkGJe72p4Rb4rNYLu1n+WOP8YE="},"chainType":1,"messageKeys":{}}}}},"version":"v1"}