{"_sessions":{"BbwiN60F2lpmWVXVog212fN7GATxFIP9Qd2N+USGC5EC":{"registrationId":226,"currentRatchet":{"ephemeralKeyPair":{"pubKey":"BWvxEcHLMxVa5LdxoHvxI2GavDuHbsLTRfRbhdPXvAZb","privKey":"YA5DFhn6N6KKL6dqNeHak05DZ0x8lZ2H9RFnhPSod24="},"lastRemoteEphemeralKey":"BZUWblWVt5H0H7NkEYQwwy8ygGZmxP0Jn2no7kBGJLNq","previousCounter":0,"rootKey":"2KAQCLTRoGkDcxekpSn3/nBN/qwJStoIcsZXx+IZoEU="},"indexInfo":{"baseKey":"BbwiN60F2lpmWVXVog212fN7GATxFIP9Qd2N+USGC5EC","baseKeyType":1,"closed":1733213015016,"used":1733208108199,"created":1733208108199,"remoteIdentityKey":"BW66heD/38pxZKdi6YvsG3C8/4nryevBvAMZtsDt3kow"},"_chains":{"BWvxEcHLMxVa5LdxoHvxI2GavDuHbsLTRfRbhdPXvAZb":{"chainKey":{"counter":2,"key":"3TCpG/G6C0llaAXbAXqqYNeKRYN1YFElBfhQIj9ZUUo="},"chainType":1,"messageKeys":{}}},"pendingPreKey":{"signedKeyId":1,"baseKey":"BbwiN60F2lpmWVXVog212fN7GATxFIP9Qd2N+USGC5EC","preKeyId":45}},"BZBKcEjV3Dv92IH4sYGPjfVpG3utZW5jyn9LqP49QIxD":{"registrationId":226,"currentRatchet":{"ephemeralKeyPair":{"pubKey":"BUjPM1eeer9eddwG0OiUkYS8ZFHbbVuaLU4AmrKVVYUT","privKey":"qEneGSpYTTgEEoaaxgFu3iq2TeyU21nCw71ACIfOXXk="},"lastRemoteEphemeralKey":"BZUWblWVt5H0H7NkEYQwwy8ygGZmxP0Jn2no7kBGJLNq","previousCounter":0,"rootKey":"y1d4S5tbLKuG2f5Mkdh0O+pRfIJsn7d2v1KxIX4kcfQ="},"indexInfo":{"baseKey":"BZBKcEjV3Dv92IH4sYGPjfVpG3utZW5jyn9LqP49QIxD","baseKeyType":1,"closed":1733213015572,"used":1733213015014,"created":1733213015014,"remoteIdentityKey":"BW66heD/38pxZKdi6YvsG3C8/4nryevBvAMZtsDt3kow"},"_chains":{"BUjPM1eeer9eddwG0OiUkYS8ZFHbbVuaLU4AmrKVVYUT":{"chainKey":{"counter":-1,"key":"/5S9MWqzbAi3HrJYUk7Noy2Tv9emfAyZbHFT+3oZbeo="},"chainType":1,"messageKeys":{}}},"pendingPreKey":{"signedKeyId":1,"baseKey":"BZBKcEjV3Dv92IH4sYGPjfVpG3utZW5jyn9LqP49QIxD"}},"BWXBGoP/1i8dxy3gBwd2UrT7dhQ3RJ7PwtMju3xBJwhV":{"registrationId":226,"currentRatchet":{"ephemeralKeyPair":{"pubKey":"BSKq+PJB9thJj8uPU2uVwUTAMbYtyZpThX/x+49uSXhe","privKey":"6FhlnCgUWhJzStnv5qM/q7dH5Qg7M3T/lfJ+rle1YGE="},"lastRemoteEphemeralKey":"BZUWblWVt5H0H7NkEYQwwy8ygGZmxP0Jn2no7kBGJLNq","previousCounter":0,"rootKey":"K395RQLekwkT+ogA2tt6dpMKfAZe8gPCnY9iz/tiMVc="},"indexInfo":{"baseKey":"BWXBGoP/1i8dxy3gBwd2UrT7dhQ3RJ7PwtMju3xBJwhV","baseKeyType":1,"closed":1733213016126,"used":1733213015571,"created":1733213015571,"remoteIdentityKey":"BW66heD/38pxZKdi6YvsG3C8/4nryevBvAMZtsDt3kow"},"_chains":{"BSKq+PJB9thJj8uPU2uVwUTAMbYtyZpThX/x+49uSXhe":{"chainKey":{"counter":-1,"key":"qauW6dE17UKWJgTaTKrqw9CA4IQ7h7reqyP1sdsk6vk="},"chainType":1,"messageKeys":{}}},"pendingPreKey":{"signedKeyId":1,"baseKey":"BWXBGoP/1i8dxy3gBwd2UrT7dhQ3RJ7PwtMju3xBJwhV"}},"BZ/ODp5rs9y8VGwCregG3wpkPIQ6EhdtkebCt8+/yT8A":{"registrationId":226,"currentRatchet":{"ephemeralKeyPair":{"pubKey":"Ba/hizrfvLwzk1VYJtWJeMm8MZcVguOn0O5Wl7RU+zNd","privKey":"sG4ejRa/E8pZHWvC/e2xMALgWPIXh66Kz3u8RCgL3EA="},"lastRemoteEphemeralKey":"BZUWblWVt5H0H7NkEYQwwy8ygGZmxP0Jn2no7kBGJLNq","previousCounter":0,"rootKey":"24WNEfQgd9NR9ReQBcXSJzZXBB419maVkKEGOPM6NpE="},"indexInfo":{"baseKey":"BZ/ODp5rs9y8VGwCregG3wpkPIQ6EhdtkebCt8+/yT8A","baseKeyType":1,"closed":1733213016757,"used":1733213016125,"created":1733213016125,"remoteIdentityKey":"BW66heD/38pxZKdi6YvsG3C8/4nryevBvAMZtsDt3kow"},"_chains":{"Ba/hizrfvLwzk1VYJtWJeMm8MZcVguOn0O5Wl7RU+zNd":{"chainKey":{"counter":-1,"key":"EyiE8OjPYQ71AjhzpB1qtkeEn9+1pHfXi031M86MwRY="},"chainType":1,"messageKeys":{}}},"pendingPreKey":{"signedKeyId":1,"baseKey":"BZ/ODp5rs9y8VGwCregG3wpkPIQ6EhdtkebCt8+/yT8A"}},"Bcu60jm9AgyD1cdfttWLYRz0XB01cwvF5Ing8+5Bw0Ni":{"registrationId":226,"currentRatchet":{"ephemeralKeyPair":{"pubKey":"BSSW4dfbqGjgRfmzY9FBlQaoej8wF2SuicMFKmGQLCxa","privKey":"sADUQHW3Is6GHL6mntJkn3oB4dpwX2i1oje5hNPmdkk="},"lastRemoteEphemeralKey":"BZUWblWVt5H0H7NkEYQwwy8ygGZmxP0Jn2no7kBGJLNq","previousCounter":0,"rootKey":"1Z8kRxqIRE4Go5GhUywdn58OijaqmTEv1C48BC1/dEY="},"indexInfo":{"baseKey":"Bcu60jm9AgyD1cdfttWLYRz0XB01cwvF5Ing8+5Bw0Ni","baseKeyType":1,"closed":1733213017878,"used":1733213016755,"created":1733213016755,"remoteIdentityKey":"BW66heD/38pxZKdi6YvsG3C8/4nryevBvAMZtsDt3kow"},"_chains":{"BSSW4dfbqGjgRfmzY9FBlQaoej8wF2SuicMFKmGQLCxa":{"chainKey":{"counter":-1,"key":"u8cdONSKrFQJQU5zDXfYfOPsznYr/EP9qmrKYIKiTDw="},"chainType":1,"messageKeys":{}}},"pendingPreKey":{"signedKeyId":1,"baseKey":"Bcu60jm9AgyD1cdfttWLYRz0XB01cwvF5Ing8+5Bw0Ni"}},"BYJCp7cx61ZFMma2LyEO67uQ2u/TF0/rKn8DqV25iTc7":{"registrationId":226,"currentRatchet":{"ephemeralKeyPair":{"pubKey":"BcbkH9jHPjt1q+0BNY5v4Tr4BHSXzM8ZZnszB82fPmg0","privKey":"ENUmac3rmEhtQmhH8Qe/zyN5HvTUt7YMeK8tI5Boh2k="},"lastRemoteEphemeralKey":"BZUWblWVt5H0H7NkEYQwwy8ygGZmxP0Jn2no7kBGJLNq","previousCounter":0,"rootKey":"N/b21CEtvcw3pyxF4zjqVOyBKxydcEwPSK4rdN+JrLQ="},"indexInfo":{"baseKey":"BYJCp7cx61ZFMma2LyEO67uQ2u/TF0/rKn8DqV25iTc7","baseKeyType":1,"closed":1733213018456,"used":1733213017877,"created":1733213017877,"remoteIdentityKey":"BW66heD/38pxZKdi6YvsG3C8/4nryevBvAMZtsDt3kow"},"_chains":{"BcbkH9jHPjt1q+0BNY5v4Tr4BHSXzM8ZZnszB82fPmg0":{"chainKey":{"counter":-1,"key":"6QEnMKNzeriH22TGy5Z/vw5qwVTEDwWG/q4uKqEUu8Y="},"chainType":1,"messageKeys":{}}},"pendingPreKey":{"signedKeyId":1,"baseKey":"BYJCp7cx61ZFMma2LyEO67uQ2u/TF0/rKn8DqV25iTc7"}},"BbRxY9+aYqMua4qRG5dFCLjuAUXHGYt0f6I2kOK+3zhj":{"registrationId":226,"currentRatchet":{"ephemeralKeyPair":{"pubKey":"BSNtWO/IX8xhWocBPQ+p0P7eZ0h5riD2flkoYa+eum5U","privKey":"uKaNEAozW5MwNToRVmY/1RKuRO7LDbyt2yB4c6c353M="},"lastRemoteEphemeralKey":"BZUWblWVt5H0H7NkEYQwwy8ygGZmxP0Jn2no7kBGJLNq","previousCounter":0,"rootKey":"8BsQoiXBYL0ndkLDUP1gQpiBdv3ptyhQeMvdNdn36kY="},"indexInfo":{"baseKey":"BbRxY9+aYqMua4qRG5dFCLjuAUXHGYt0f6I2kOK+3zhj","baseKeyType":1,"closed":1733213019009,"used":1733213018455,"created":1733213018455,"remoteIdentityKey":"BW66heD/38pxZKdi6YvsG3C8/4nryevBvAMZtsDt3kow"},"_chains":{"BSNtWO/IX8xhWocBPQ+p0P7eZ0h5riD2flkoYa+eum5U":{"chainKey":{"counter":-1,"key":"AUu8QM7s6/BV6hL1XtGnV/Vmyka/VW9RWgr7pbD8Tds="},"chainType":1,"messageKeys":{}}},"pendingPreKey":{"signedKeyId":1,"baseKey":"BbRxY9+aYqMua4qRG5dFCLjuAUXHGYt0f6I2kOK+3zhj"}},"BUQ9RTdGsp9Wul3B+b4W4GI6wnXdQj180qGKXpooS51b":{"registrationId":226,"currentRatchet":{"ephemeralKeyPair":{"pubKey":"BZSphw/UTHsLa7odpdbjCu17ndpfahBeeoDf+fhyHsUx","privKey":"mA7xvbyIg/5xNohDMGTlXyLuZBTmUMmT59NviijvPFg="},"lastRemoteEphemeralKey":"BZUWblWVt5H0H7NkEYQwwy8ygGZmxP0Jn2no7kBGJLNq","previousCounter":0,"rootKey":"h+0AUECc66Z/FShHwskbh57V363CkC48v+m5CklSm1w="},"indexInfo":{"baseKey":"BUQ9RTdGsp9Wul3B+b4W4GI6wnXdQj180qGKXpooS51b","baseKeyType":1,"closed":1733213019571,"used":1733213019007,"created":1733213019007,"remoteIdentityKey":"BW66heD/38pxZKdi6YvsG3C8/4nryevBvAMZtsDt3kow"},"_chains":{"BZSphw/UTHsLa7odpdbjCu17ndpfahBeeoDf+fhyHsUx":{"chainKey":{"counter":-1,"key":"XMTjeb/hSJ3CDcZemBZOcIWjMFOeFB14/50mcixCXxw="},"chainType":1,"messageKeys":{}}},"pendingPreKey":{"signedKeyId":1,"baseKey":"BUQ9RTdGsp9Wul3B+b4W4GI6wnXdQj180qGKXpooS51b"}},"BTLNVVAAsT90KaCcOlXx5GzDqYis7LCFU1qKkl7e25dj":{"registrationId":226,"currentRatchet":{"ephemeralKeyPair":{"pubKey":"BZcrn/fEQqZmgui5uSuYDgdCNumt2W+aNQW3wUlkgrUN","privKey":"iO0VkHTjuC08UZNcWvCJ2IMC5ZxWNbfcTljPyUEVwV8="},"lastRemoteEphemeralKey":"BZUWblWVt5H0H7NkEYQwwy8ygGZmxP0Jn2no7kBGJLNq","previousCounter":0,"rootKey":"uUBMuiqArxVQcbtIxdwLsdUc/MDz12AA7S6lGc0y994="},"indexInfo":{"baseKey":"BTLNVVAAsT90KaCcOlXx5GzDqYis7LCFU1qKkl7e25dj","baseKeyType":1,"closed":-1,"used":1733213019570,"created":1733213019570,"remoteIdentityKey":"BW66heD/38pxZKdi6YvsG3C8/4nryevBvAMZtsDt3kow"},"_chains":{"BZcrn/fEQqZmgui5uSuYDgdCNumt2W+aNQW3wUlkgrUN":{"chainKey":{"counter":-1,"key":"oZfvaTEPbT6mwQDliLfWLVapAZqwzdAaDEgfpSgUKGU="},"chainType":1,"messageKeys":{}}},"pendingPreKey":{"signedKeyId":1,"baseKey":"BTLNVVAAsT90KaCcOlXx5GzDqYis7LCFU1qKkl7e25dj"}}},"version":"v1"}