{"_sessions":{"BWb7/qcu7tu8v0ALuCLZh3FVc7NteDvCsGubFLWBYI9n":{"registrationId":1158058553,"currentRatchet":{"ephemeralKeyPair":{"pubKey":"BceepjRCHULWI4eEukYSXrZGdvCLLMosyqfVFoxZAixP","privKey":"wFGU42BO1Cc+h3RIsCRDHEEFtWc7+EfMz6CsFJtt+0k="},"lastRemoteEphemeralKey":"BYCGMHvnDRQEFalMXzqgXPyA7p3DkedsyeZYs41JA0Vu","previousCounter":0,"rootKey":"bTPa4PIupR0RZcBXDhZ8M7yR0S0Beie/T2soNK7eNtU="},"indexInfo":{"baseKey":"BWb7/qcu7tu8v0ALuCLZh3FVc7NteDvCsGubFLWBYI9n","baseKeyType":1,"closed":-1,"used":1733208108856,"created":1733208108856,"remoteIdentityKey":"BcGSJtey0ZNMESWVyHReOO/YKxAY/6ACVMtSaYKSyk1U"},"_chains":{"BceepjRCHULWI4eEukYSXrZGdvCLLMosyqfVFoxZAixP":{"chainKey":{"counter":2,"key":"W4JsLcrtmBMeaWDir0pu4BqYXn5SAHPGRi8UexW1GD0="},"chainType":1,"messageKeys":{}}},"pendingPreKey":{"signedKeyId":1,"baseKey":"BWb7/qcu7tu8v0ALuCLZh3FVc7NteDvCsGubFLWBYI9n","preKeyId":7621690}}},"version":"v1"}