{"_sessions":{"BQzaf0NBACFD8YT80WB6QyXf06bAfBbmTUbeFBShq4oi":{"registrationId":692159336,"currentRatchet":{"ephemeralKeyPair":{"pubKey":"BfiQXlmQhw48oGX1CHEuyrKIgIrgg6hEAfqU+PumbkxZ","privKey":"GD79d9xRaS6bkzoQomdhqsKnlplfJRZRoPB6dSvMvHk="},"lastRemoteEphemeralKey":"BZBQ7137VIEqBTcJIn/DPdbwbzHjWA7DxWBPOVxWB9Er","previousCounter":0,"rootKey":"aEk+HmGCarsRxzose2eyDvYESJSRL5FBWTEey4flnTA="},"indexInfo":{"baseKey":"BQzaf0NBACFD8YT80WB6QyXf06bAfBbmTUbeFBShq4oi","baseKeyType":1,"closed":-1,"used":1733208108544,"created":1733208108544,"remoteIdentityKey":"BaYFLQ0lKGC6Qi7HHQ1osquu6VkDOQF4DvTgMZTpCGUO"},"_chains":{"BfiQXlmQhw48oGX1CHEuyrKIgIrgg6hEAfqU+PumbkxZ":{"chainKey":{"counter":2,"key":"QKXi2TgbN8FxQCXTw2oOjQz8Eq1Akb4wCTFV+4mdr5U="},"chainType":1,"messageKeys":{}}},"pendingPreKey":{"signedKeyId":4980674,"baseKey":"BQzaf0NBACFD8YT80WB6QyXf06bAfBbmTUbeFBShq4oi"}}},"version":"v1"}