{"_sessions":{"BRVvs0pr0J6cYII8yHe+5qWBAQAQWQyPXaJsNRtiYdYk":{"registrationId":33,"currentRatchet":{"ephemeralKeyPair":{"pubKey":"BbTVfudoFKLLnxet3yeX6C5mgpapTUq0P/oO0H4OOSBV","privKey":"4CL3OA6mp7MXL3b7gHRG5WRl7COKztC73ZYAOGlPCl0="},"lastRemoteEphemeralKey":"BTKQ8VIXkfwb9N5uZwGu4VPpTttuJmqSmGLd5k7nOxst","previousCounter":0,"rootKey":"tR98vVlDbUI+nGmVaskh4AiUQAG2W1Qjhfd06NrlKLQ="},"indexInfo":{"baseKey":"BRVvs0pr0J6cYII8yHe+5qWBAQAQWQyPXaJsNRtiYdYk","baseKeyType":1,"closed":-1,"used":1733208108225,"created":1733208108225,"remoteIdentityKey":"BYnx3mb6KDiI5R341h3lhwGuAziFyC6ABM2BPPxcB2Uo"},"_chains":{"BbTVfudoFKLLnxet3yeX6C5mgpapTUq0P/oO0H4OOSBV":{"chainKey":{"counter":2,"key":"ZceWHA+LSNdYNpz2betH4aJ9m9JjG7druG8llfTlZKk="},"chainType":1,"messageKeys":{}}},"pendingPreKey":{"signedKeyId":1,"baseKey":"BRVvs0pr0J6cYII8yHe+5qWBAQAQWQyPXaJsNRtiYdYk"}}},"version":"v1"}