{"_sessions":{"BX0ZBpqWLLje0RljGSEht3qunknG+/ZfwJTlV0pf6BIm":{"registrationId":2141728924,"currentRatchet":{"ephemeralKeyPair":{"pubKey":"BWE2RFJdqQc0xKW/qGvNn83e9FhSi10wMmFaRXSFOlk7","privKey":"YLDg149rCQbLbB3ZKMUtbdhDc/horguWJKwv34CmIFQ="},"lastRemoteEphemeralKey":"BQZASTt+gGfBDbnkttcL7d/Fo2zGkLUiJuxrTemSAegO","previousCounter":0,"rootKey":"xqo/jYWoygr/kF/mrcu6dh4Nk+io2kO2evq1UM/9nkM="},"indexInfo":{"baseKey":"BX0ZBpqWLLje0RljGSEht3qunknG+/ZfwJTlV0pf6BIm","baseKeyType":1,"closed":-1,"used":1733208108250,"created":1733208108250,"remoteIdentityKey":"BbwnfKCNsYnl5Im4Qdn+0lv0DvBxzlt5T3uLYMpkImIJ"},"_chains":{"BWE2RFJdqQc0xKW/qGvNn83e9FhSi10wMmFaRXSFOlk7":{"chainKey":{"counter":2,"key":"wF4bK5Zt/LRPX6YRgN5Oo5w5NTrUh+7/qlHw/ekirDM="},"chainType":1,"messageKeys":{}}},"pendingPreKey":{"signedKeyId":1,"baseKey":"BX0ZBpqWLLje0RljGSEht3qunknG+/ZfwJTlV0pf6BIm"}}},"version":"v1"}