{"_sessions":{"BQCamOzdeqReok+0gCbS2HDDi0YwhinsNQwpQyodIjYO":{"registrationId":2109654324,"currentRatchet":{"ephemeralKeyPair":{"pubKey":"BYp5s5gwK4I6DYVgoaUoKtV0scRQIYXXnUXzu2zL1mNe","privKey":"QMCspVasD9fTfTcd3PnZnT9liiwbqa7cjrkYDoGfrEc="},"lastRemoteEphemeralKey":"BWf86mG1b9pCYypf9W+9BniTNcIhuqaNjG/ytG1jahEk","previousCounter":0,"rootKey":"3466DjykS5MQg0vezxe1xfwxReECvL+Eic2uxlJsrXQ="},"indexInfo":{"baseKey":"BQCamOzdeqReok+0gCbS2HDDi0YwhinsNQwpQyodIjYO","baseKeyType":1,"closed":-1,"used":1733208108685,"created":1733208108685,"remoteIdentityKey":"Bdb+mqc25gqhmFbTorJRvS2JaLEtL658heeOOlZhMpEb"},"_chains":{"BYp5s5gwK4I6DYVgoaUoKtV0scRQIYXXnUXzu2zL1mNe":{"chainKey":{"counter":2,"key":"xhJ5v20yQVLVb7JniDQc7Kp9uJTqNr5pk/2kc44Ev4M="},"chainType":1,"messageKeys":{}}},"pendingPreKey":{"signedKeyId":5,"baseKey":"BQCamOzdeqReok+0gCbS2HDDi0YwhinsNQwpQyodIjYO","preKeyId":15557034}}},"version":"v1"}