{"_sessions":{"BcspGY3Jds7a4pK+P+OVDEFMJopBZ1KwMgr88PwItUdr":{"registrationId":228650050,"currentRatchet":{"ephemeralKeyPair":{"pubKey":"BSq21/jAYIgRTZIY/k+QA4eLCMWQWzZbgX2rurEnjakR","privKey":"KGPruNwDLCjuT5Ww7LdJGXVAy1U7aYzvd/LhGEfK6XI="},"lastRemoteEphemeralKey":"BWVmYQBGUFrwFJTQRP9creS+1Ys85KdKbIwDDr1EpadV","previousCounter":0,"rootKey":"s5VZrGWNhU1dIUzpYjY/KwBsF0TXplPxBNNsh0l2bd8="},"indexInfo":{"baseKey":"BcspGY3Jds7a4pK+P+OVDEFMJopBZ1KwMgr88PwItUdr","baseKeyType":1,"closed":-1,"used":1733208108600,"created":1733208108600,"remoteIdentityKey":"BQVd7wo8sY77ecxp7p40oMP0LxdpSklGfxCVBmR7MNZs"},"_chains":{"BSq21/jAYIgRTZIY/k+QA4eLCMWQWzZbgX2rurEnjakR":{"chainKey":{"counter":2,"key":"U3Tapx4AXv464OuxkFa+iBxUI9JueCYFpoDyntALsH4="},"chainType":1,"messageKeys":{}}},"pendingPreKey":{"signedKeyId":11,"baseKey":"BcspGY3Jds7a4pK+P+OVDEFMJopBZ1KwMgr88PwItUdr","preKeyId":3543939}}},"version":"v1"}