{"_sessions":{"BR6GSD3ZeeSc7EduwTdRld4SwvLzXelzkbr3n9ah3vNI":{"registrationId":2045441800,"currentRatchet":{"ephemeralKeyPair":{"pubKey":"BXruj0WB1hGSBUoKV4qCtOPR0qXbkC5SoyJMTul/6+Rl","privKey":"aJracfYx+xR7qd8v6+cJ9calTVp36oetIXwj1xAjrnY="},"lastRemoteEphemeralKey":"BekxNwQ+pcqSQhNvYWUoKsuCNG+Ng6IBM82isnG+fww6","previousCounter":0,"rootKey":"lY3lyADYpSQlbyRuovjdfkPh2I79vprNaJQVn2kUWLg="},"indexInfo":{"baseKey":"BR6GSD3ZeeSc7EduwTdRld4SwvLzXelzkbr3n9ah3vNI","baseKeyType":1,"closed":-1,"used":1733208108639,"created":1733208108639,"remoteIdentityKey":"BbXZ0hkaZasBfwRDFTKfmUc1k/p7eb0UWGLjY8tTXRMX"},"_chains":{"BXruj0WB1hGSBUoKV4qCtOPR0qXbkC5SoyJMTul/6+Rl":{"chainKey":{"counter":2,"key":"40zHqNDCxr1Bm8mHcFr2g1jEaIEf3pa1pRw+cQLvot4="},"chainType":1,"messageKeys":{}}},"pendingPreKey":{"signedKeyId":7,"baseKey":"BR6GSD3ZeeSc7EduwTdRld4SwvLzXelzkbr3n9ah3vNI","preKeyId":5819144}}},"version":"v1"}