{"_sessions":{"BREbtS1J/eft+1yY8YNzm15H5qBa9q+HAR6qDfRJDAY6":{"registrationId":207,"currentRatchet":{"ephemeralKeyPair":{"pubKey":"BX9QbDGieIcSk79dCmouAdHD3hKbChfY7bYBH6Cu6c1K","privKey":"QLQUlhCWKcYWA3+pxNR2w5bVxr+LCym30bU5tz6mBVU="},"lastRemoteEphemeralKey":"BYYJRo+ld++e3++IqdXcH6C9VegkoRLS8zTz4lxwA8Yo","previousCounter":0,"rootKey":"Uh31QD5QjLnKWozcGlrAVgq41ZUBLtCy46kFhgEQvkg="},"indexInfo":{"baseKey":"BREbtS1J/eft+1yY8YNzm15H5qBa9q+HAR6qDfRJDAY6","baseKeyType":1,"closed":-1,"used":1733208108289,"created":1733208108289,"remoteIdentityKey":"BSJC15oaMnsFCxndeseqEN7d0HlHpIVSODWx9E7k+JYP"},"_chains":{"BX9QbDGieIcSk79dCmouAdHD3hKbChfY7bYBH6Cu6c1K":{"chainKey":{"counter":2,"key":"kPdkAUT27Ui+z4Qlqkv6oy954Se+Dg6RiGNlYDOI974="},"chainType":1,"messageKeys":{}}},"pendingPreKey":{"signedKeyId":1,"baseKey":"BREbtS1J/eft+1yY8YNzm15H5qBa9q+HAR6qDfRJDAY6"}}},"version":"v1"}