{"_sessions":{"BRGYTtmyclktGl/LKqHE2sQ/jIJ+VdCI39KPphuiKX5A":{"registrationId":183,"currentRatchet":{"ephemeralKeyPair":{"pubKey":"BcdEq/3zTvut1Cc1aTcLbuCLcBokHicNbXrpjC086v9l","privKey":"+DQRA7xbITc+d++JTLh1DgjYjx+JDP8wJP7mkqJ+sGc="},"lastRemoteEphemeralKey":"BQ3UQtL+yJrUS58kgnl94f4wd90UdDCFrg+IxHbXOG9w","previousCounter":0,"rootKey":"FozhmpXEfyNo0Cg/t12I94eXDV4YWYy2GuTUfHuRoLI="},"indexInfo":{"baseKey":"BRGYTtmyclktGl/LKqHE2sQ/jIJ+VdCI39KPphuiKX5A","baseKeyType":1,"closed":-1,"used":1733208108310,"created":1733208108310,"remoteIdentityKey":"BV1wqwKcrEwWo6Dx3BIqk10KeKK3ycpw1Rl1dx5sJQFQ"},"_chains":{"BcdEq/3zTvut1Cc1aTcLbuCLcBokHicNbXrpjC086v9l":{"chainKey":{"counter":2,"key":"BpQQkPm9YiJrj1xH+HBuBEirSrR73ZIi3EDxj+KlOMk="},"chainType":1,"messageKeys":{}}},"pendingPreKey":{"signedKeyId":1,"baseKey":"BRGYTtmyclktGl/LKqHE2sQ/jIJ+VdCI39KPphuiKX5A"}}},"version":"v1"}