{"_sessions":{"BUlCxI+E+SlUqEi/x6DNzWCbUrtfSnO4ATtri2j8UsEW":{"registrationId":2002083618,"currentRatchet":{"ephemeralKeyPair":{"pubKey":"BTqkvY/zK4gQBeLYTN+RPJUj+gL5jgD0CUOVlphRgh8S","privKey":"0Nsg9CDUHWQ2nMHPaoU1qCLirOWouJf1llefQNUV8Gk="},"lastRemoteEphemeralKey":"Bdme8cJhi9Ke2lTevGTxMA2qx19PeXKWEiP+y6AqmrE9","previousCounter":0,"rootKey":"KcNBjzA7/sfkisy7pMgSCeqnoF3olmRblUsgoSvucUw="},"indexInfo":{"baseKey":"BUlCxI+E+SlUqEi/x6DNzWCbUrtfSnO4ATtri2j8UsEW","baseKeyType":1,"closed":-1,"used":1733208108749,"created":1733208108749,"remoteIdentityKey":"BZdu0HDi7vldgyQzpwD9KkdmGi+B+WeBtw2RgMPU9XoK"},"_chains":{"BTqkvY/zK4gQBeLYTN+RPJUj+gL5jgD0CUOVlphRgh8S":{"chainKey":{"counter":2,"key":"qENQqtiREgO84wa+V3GDDr/MS/jszahDLqKnX9vLq2Y="},"chainType":1,"messageKeys":{}}},"pendingPreKey":{"signedKeyId":2,"baseKey":"BUlCxI+E+SlUqEi/x6DNzWCbUrtfSnO4ATtri2j8UsEW","preKeyId":9508997}}},"version":"v1"}