{"_sessions":{"BTafeYnCi8vDoQoBDSpOJzLad1YP0Ob708QtLN3uhOMG":{"registrationId":121082776,"currentRatchet":{"ephemeralKeyPair":{"pubKey":"BS+Dt+JVHLsJHTSGXFJiO+nqpavFdaFSRrReiPseb9su","privKey":"sP8scu9xVjZfrnZN2S0hhq7VOaOGzuIfvXxg45rRhFk="},"lastRemoteEphemeralKey":"BdYmNl4ZlIiop3nIw3aGhqMp5wOFs4ukHE7qiNJVDBs8","previousCounter":0,"rootKey":"PNhZj9yh0+0/5pOuf7x7+/UH3TUwyYzxYSYh+KJ2+4U="},"indexInfo":{"baseKey":"BTafeYnCi8vDoQoBDSpOJzLad1YP0Ob708QtLN3uhOMG","baseKeyType":1,"closed":-1,"used":1733208108612,"created":1733208108612,"remoteIdentityKey":"BURTyIukvdSiaoEbPpUnB/btXCE8hbZiUmod9Ad8MrUm"},"_chains":{"BS+Dt+JVHLsJHTSGXFJiO+nqpavFdaFSRrReiPseb9su":{"chainKey":{"counter":2,"key":"d2WS1Fug1XXScEC1yKPjIsLPTk3cWbDIk/W262G46/Q="},"chainType":1,"messageKeys":{}}},"pendingPreKey":{"signedKeyId":2,"baseKey":"BTafeYnCi8vDoQoBDSpOJzLad1YP0Ob708QtLN3uhOMG"}}},"version":"v1"}