{"_sessions":{"BU5oZSA9+11jC3Ogn3clRpthCCi2K+QbR9YcWDRQ8E9w":{"registrationId":385317325,"currentRatchet":{"ephemeralKeyPair":{"pubKey":"BYRNkYX9MrGvwoCwByBh0vk/0j/NumMtnEZ2jwwm2Lt9","privKey":"gMrqxIVZ57tix7aJykdJkCfsa/KKA9GFWb+npdgxE2A="},"lastRemoteEphemeralKey":"BacXH1TvLGloZVSUxVeH7mjTICeLhZtXsISUOXkItRpG","previousCounter":0,"rootKey":"zZnVSA20gtGKdyfw9bco7xZJwvObOXIaxmGi/oEt4Bk="},"indexInfo":{"baseKey":"BU5oZSA9+11jC3Ogn3clRpthCCi2K+QbR9YcWDRQ8E9w","baseKeyType":2,"closed":-1,"used":1733207759129,"created":1733207759129,"remoteIdentityKey":"BSHtDsFcN2GPBGR8OA3w241A/NPl6Kmg0+e0lwEopIwf"},"_chains":{"BacXH1TvLGloZVSUxVeH7mjTICeLhZtXsISUOXkItRpG":{"chainKey":{"counter":0,"key":"xDb8EfU6eDPAhXY1a7YffzmUF5gV1KcebcZJ+i+vqeo="},"chainType":2,"messageKeys":{}},"BYRNkYX9MrGvwoCwByBh0vk/0j/NumMtnEZ2jwwm2Lt9":{"chainKey":{"counter":2,"key":"FisH0/pXZZ5AAzNdNVyBVgnyaz33c57gGA1prG+emQc="},"chainType":1,"messageKeys":{}}}}},"version":"v1"}