{"_sessions":{"BbXkqa9qwSnqFH/AzVNb+IcwIIgkRFldTOneSjftiJQp":{"registrationId":651713445,"currentRatchet":{"ephemeralKeyPair":{"pubKey":"BQZw00R+CXvpdmZAn8s5g+I2GpVk/Z2bDAjPi1FkXWJu","privKey":"+IUOqOof9zYj3ujLA5E7gy3rahhosPlf3HO4OY1ZhF4="},"lastRemoteEphemeralKey":"BY1HLJoruL7umEiNBD9Ygzh5HjaZx/0vs2T9FfTuE+Zy","previousCounter":0,"rootKey":"ACAGeRp3Hyt+6vm5MMfOXlq03MkcbAxIcg07YWqkQ2Y="},"indexInfo":{"baseKey":"BbXkqa9qwSnqFH/AzVNb+IcwIIgkRFldTOneSjftiJQp","baseKeyType":1,"closed":-1,"used":1733208108802,"created":1733208108802,"remoteIdentityKey":"BadXghV30bq+iiYlzKeJuZcuHgiCBmsBn5lE1poaJVAv"},"_chains":{"BQZw00R+CXvpdmZAn8s5g+I2GpVk/Z2bDAjPi1FkXWJu":{"chainKey":{"counter":2,"key":"+kY7CjuKNc3EY3hnPrrRNFjshmEIKBSlUg+Qqpuj7+U="},"chainType":1,"messageKeys":{}}},"pendingPreKey":{"signedKeyId":1,"baseKey":"BbXkqa9qwSnqFH/AzVNb+IcwIIgkRFldTOneSjftiJQp","preKeyId":14450953}}},"version":"v1"}