{"_sessions":{"BZqfW9I0csEIUZRcGaYcH0YJqxnlBohnQoW9flcstqcZ":{"registrationId":441778218,"currentRatchet":{"ephemeralKeyPair":{"pubKey":"Bc10AyFwPNoN/UJc69At2rCTaDbB0Gx1zKF9V6XbdHxl","privKey":"OGarRCPCkBqauwvEPgSpzvtkL+81hcovTB1JdfR42ls="},"lastRemoteEphemeralKey":"Bb1NhvKko75UriG3TlwoX3KsziAql+xwtD9v5TMpFmou","previousCounter":0,"rootKey":"ox066H1dXZXoIYJmMsanrQO2xNbn7JHdCPlkZTeNm98="},"indexInfo":{"baseKey":"BZqfW9I0csEIUZRcGaYcH0YJqxnlBohnQoW9flcstqcZ","baseKeyType":1,"closed":-1,"used":1733208108653,"created":1733208108653,"remoteIdentityKey":"BT7T50K/OWNPfowCWjv5u/T9U0yUlsJYaJkjBEufYpsP"},"_chains":{"Bc10AyFwPNoN/UJc69At2rCTaDbB0Gx1zKF9V6XbdHxl":{"chainKey":{"counter":2,"key":"IE3Ib7GOtVFkdLZWH6e9e9aTd5v47ysIfWfX2OCAVQQ="},"chainType":1,"messageKeys":{}}},"pendingPreKey":{"signedKeyId":1,"baseKey":"BZqfW9I0csEIUZRcGaYcH0YJqxnlBohnQoW9flcstqcZ","preKeyId":12238174}}},"version":"v1"}