{"_sessions":{"BZBkTf7eloOropMxFYL8ovy9UtqJ48vELOX02NGSvo4v":{"registrationId":78,"currentRatchet":{"ephemeralKeyPair":{"pubKey":"BQr59u7WargB4jkfV27C3HnHCbqu9JZf0UKxR+KaJu1b","privKey":"aPI+YYHiuVBJj49tupP93QTZecfPKh4GR3eHD2eWpEk="},"lastRemoteEphemeralKey":"BUAlxhO3gVPZK0HvG3A0YLB/+DX34VVcAhyd2rvsbX9Y","previousCounter":0,"rootKey":"yH4WmB7YeD5Sh+cYAh6KY+EyYuxS8Y9KYE0dAvCSEyc="},"indexInfo":{"baseKey":"BZBkTf7eloOropMxFYL8ovy9UtqJ48vELOX02NGSvo4v","baseKeyType":1,"closed":-1,"used":1733208108019,"created":1733208108019,"remoteIdentityKey":"BQCdCMbmp6QGf3Oh90EjjJMZnD9dOWoZY1d3/f8lijQR"},"_chains":{"BQr59u7WargB4jkfV27C3HnHCbqu9JZf0UKxR+KaJu1b":{"chainKey":{"counter":2,"key":"IM1ZSFvKuswDFawc3vEL4bW8HGuejz/m8+J6GbcgUTQ="},"chainType":1,"messageKeys":{}}},"pendingPreKey":{"signedKeyId":1,"baseKey":"BZBkTf7eloOropMxFYL8ovy9UtqJ48vELOX02NGSvo4v"}}},"version":"v1"}