{"_sessions":{"BchDWoLxxkeA979Oz2IbD9y9n9A8ESegDPMCwdoSfwt6":{"registrationId":12757,"currentRatchet":{"ephemeralKeyPair":{"pubKey":"BS6MyiAg5E8LvLNh3dgB+pnNB44gNzxQLAtCMyzQ9ksC","privKey":"wKuR/EY5RK3+uww/SdGkaAiQuZTJiOdVioDQ0EGb700="},"lastRemoteEphemeralKey":"BRNNtCQ7CwtWr3UlvOMNINuI7FfEBfT/XvCg56ZsKdtf","previousCounter":0,"rootKey":"Rzvu9tlMoQQMEUY+XhxnOtAcirI1/1fq18NxlX9gkgY="},"indexInfo":{"baseKey":"BchDWoLxxkeA979Oz2IbD9y9n9A8ESegDPMCwdoSfwt6","baseKeyType":1,"closed":-1,"used":1733208108058,"created":1733208108058,"remoteIdentityKey":"BY18jTidBfaUD7WibYN/pZZHXzRKRXpdff5EUcAlrR0O"},"_chains":{"BS6MyiAg5E8LvLNh3dgB+pnNB44gNzxQLAtCMyzQ9ksC":{"chainKey":{"counter":2,"key":"KfCPXk0EszQ8clIg6BK580gH6RlagEXIsJevs7Mdyx0="},"chainType":1,"messageKeys":{}}},"pendingPreKey":{"signedKeyId":1,"baseKey":"BchDWoLxxkeA979Oz2IbD9y9n9A8ESegDPMCwdoSfwt6"}}},"version":"v1"}