{"_sessions":{"BaBe2mwGTGN7cjUXemAV0tQjAY0qkynNRpL2lvAVdCdm":{"registrationId":1206633076,"currentRatchet":{"ephemeralKeyPair":{"pubKey":"BcCHRFhawJHKNW/Ow4jXBKsUQLzlguoFlQ04QxVFLwUa","privKey":"kEGzzyMaJAUkHdiwMlC0RyIamuKgs1r6NKbIEtNRz0A="},"lastRemoteEphemeralKey":"BXoOMXj/v95mAnRYTWoZEEI9yPIyoINpZ4w0GKB+jIIC","previousCounter":0,"rootKey":"EBADI9XI5SYoFIWbwDehbNNXh735/aOdCk1bMewFS6o="},"indexInfo":{"baseKey":"BaBe2mwGTGN7cjUXemAV0tQjAY0qkynNRpL2lvAVdCdm","baseKeyType":1,"closed":-1,"used":1733208108868,"created":1733208108868,"remoteIdentityKey":"BUyEZRI2oMkHZXGmHVysdLlqqEHNowqj2BouvXTnGsNj"},"_chains":{"BcCHRFhawJHKNW/Ow4jXBKsUQLzlguoFlQ04QxVFLwUa":{"chainKey":{"counter":2,"key":"Sv9VALHKHBCEys4Oe0n8ppUXqxz0rjL+v8OcKlfSCvw="},"chainType":1,"messageKeys":{}}},"pendingPreKey":{"signedKeyId":0,"baseKey":"BaBe2mwGTGN7cjUXemAV0tQjAY0qkynNRpL2lvAVdCdm","preKeyId":13895995}}},"version":"v1"}