{"_sessions":{"BciIx2E+KDNYdggCfDbkGxVsUDP5wgrwZv4ic2tQ8UAh":{"registrationId":1083546950,"currentRatchet":{"ephemeralKeyPair":{"pubKey":"BV42j5H4t+ML/nM8Wa5IkTRBt7EXXVGsxP68zx0ZV5Bw","privKey":"EEHG/4Taeh0vlNICOSsNnVI/Tkapmgp69DfLZRWd+F4="},"lastRemoteEphemeralKey":"BYwQG/z8GEXJzyTrj2/bCDvl+iM54aUueXAnsU4fPpBt","previousCounter":0,"rootKey":"lWrAVSMqUlgsJBBNpr7VCRupl07VKCu00eqT7RjhnhQ="},"indexInfo":{"baseKey":"BciIx2E+KDNYdggCfDbkGxVsUDP5wgrwZv4ic2tQ8UAh","baseKeyType":1,"closed":-1,"used":1733208108390,"created":1733208108390,"remoteIdentityKey":"BZRvqMgBzW3recwa9TKbAHKC6cOyv2v6TfsDIdJRJ/EE"},"_chains":{"BV42j5H4t+ML/nM8Wa5IkTRBt7EXXVGsxP68zx0ZV5Bw":{"chainKey":{"counter":2,"key":"atLTXXYKrLii//iHW9fVh5BP0mnYVDrK6Wn34LeUBZw="},"chainType":1,"messageKeys":{}}},"pendingPreKey":{"signedKeyId":4577816,"baseKey":"BciIx2E+KDNYdggCfDbkGxVsUDP5wgrwZv4ic2tQ8UAh","preKeyId":2665}}},"version":"v1"}