{"_sessions":{"BXy7fsEYLvclMVM271mwUSbgAiGRzdmKoSjYj85mWdta":{"registrationId":415430332,"currentRatchet":{"ephemeralKeyPair":{"pubKey":"BdFp2xpwVBRxrNu54SC1Hyggjr031es/I7II5/fIvSRV","privKey":"2Ocqhdce1UkJe4UJJPstzYc181BXyB6zazqq3jtn6VA="},"lastRemoteEphemeralKey":"BXQ6iuqgN6tzC57O8aF7R2j6JoFg+FSRdXtXiWyMG6sP","previousCounter":0,"rootKey":"AVf6JjgwtDDnpeQvMqRPAfiteqmngxcRbiFNB9ztvqg="},"indexInfo":{"baseKey":"BXy7fsEYLvclMVM271mwUSbgAiGRzdmKoSjYj85mWdta","baseKeyType":2,"closed":-1,"used":1733213019012,"created":1733213019012,"remoteIdentityKey":"BZHUVTVrM5v2y3mWJyo5dnk/tsM6WsvZoKsvNpcy8QFQ"},"_chains":{"BXQ6iuqgN6tzC57O8aF7R2j6JoFg+FSRdXtXiWyMG6sP":{"chainKey":{"counter":1,"key":"HSDRSsbff1zk1PqlJZa+O5O3q0/MguyJuq+UlfCC7vg="},"chainType":2,"messageKeys":{}},"BdFp2xpwVBRxrNu54SC1Hyggjr031es/I7II5/fIvSRV":{"chainKey":{"counter":-1,"key":"cGoL5ftgikxbSA/kV3NZww8YAQ8NhoCzJWw+Kb8u6Nc="},"chainType":1,"messageKeys":{}}}}},"version":"v1"}