{"_sessions":{"Ba5lXkkP1h8vDxDtyo2vc2KsftFuEhmH92k451zNp0dw":{"registrationId":18010317,"currentRatchet":{"ephemeralKeyPair":{"pubKey":"Bd8QtlDmQ42pMYaT/U7os3v/hN8xK4jmT52gCKJerb8v","privKey":"YB7tHpyHCE5b5xcqqKAZ4NcnGqTj5ymXb0+kjtRRFnU="},"lastRemoteEphemeralKey":"BdWo3KhPj7go+4/ZP1Ca1YhUmTC0N+kbzYqomrYcWT11","previousCounter":0,"rootKey":"9jgxfTTTiM/ldi/l/JLsoSL4BX1Z0F4BmxY3Jlt23dM="},"indexInfo":{"baseKey":"Ba5lXkkP1h8vDxDtyo2vc2KsftFuEhmH92k451zNp0dw","baseKeyType":1,"closed":-1,"used":1733208108476,"created":1733208108476,"remoteIdentityKey":"BYIbvyTChW7u7FUIxGVq48PItNE7lHPkY79zEZCAczhZ"},"_chains":{"Bd8QtlDmQ42pMYaT/U7os3v/hN8xK4jmT52gCKJerb8v":{"chainKey":{"counter":2,"key":"xzQ2pddaqUR0Kc5oiOtx7Rq6Pu77mt5p9Z8oCfkQltM="},"chainType":1,"messageKeys":{}}},"pendingPreKey":{"signedKeyId":2,"baseKey":"Ba5lXkkP1h8vDxDtyo2vc2KsftFuEhmH92k451zNp0dw","preKeyId":11588626}}},"version":"v1"}