{"_sessions":{"BR2A2SOncJfhYJAekaedqxxuF71De/9BjbCifFtMz+Uj":{"registrationId":1730516706,"currentRatchet":{"ephemeralKeyPair":{"pubKey":"BQzRCI/2Bb8wAVy8GghWTi8YpwhM6geFF0Ys0BMEGZs5","privKey":"SCjoKLAMXQ2VPQgjmpZz+HLAr1JDTNZN/vnirNZVwXs="},"lastRemoteEphemeralKey":"BfQUvSPqSYr6jG34ttMa5WZt01UZaBsHWx21NbZUS5BH","previousCounter":0,"rootKey":"uUty1guChPo4APywJkH1anlkso2KbPzgOLwT1+JFrEM="},"indexInfo":{"baseKey":"BR2A2SOncJfhYJAekaedqxxuF71De/9BjbCifFtMz+Uj","baseKeyType":1,"closed":-1,"used":1733208108690,"created":1733208108690,"remoteIdentityKey":"BcZ/nQOUxD0EQ+FqG3WBkcqRpMBa3cIM8jLe7aA78ehs"},"_chains":{"BQzRCI/2Bb8wAVy8GghWTi8YpwhM6geFF0Ys0BMEGZs5":{"chainKey":{"counter":2,"key":"znHqKhQHWWUZ64PYqq3XQxTL5eVvI+pvb4zvCrB1yH8="},"chainType":1,"messageKeys":{}}},"pendingPreKey":{"signedKeyId":3,"baseKey":"BR2A2SOncJfhYJAekaedqxxuF71De/9BjbCifFtMz+Uj","preKeyId":2733607}}},"version":"v1"}