{"_sessions":{"BWFifanRtR3Cc/SE00H0aHxghYW0cBQAd7kDvFTxkh86":{"registrationId":12703,"currentRatchet":{"ephemeralKeyPair":{"pubKey":"BTEyEAx/WCTRp10nrnT51nIL7MViOS8w2VwZ9wXetTMl","privKey":"wK6Q6IfQ98dguoXrJz9me4VPT2XHNe8f5dkBNGPvz3A="},"lastRemoteEphemeralKey":"BYhQFH9S1jZ0Irf3tI4pvATjKzKz9DtmeQU4nkYNNGRh","previousCounter":0,"rootKey":"4jZARpEvleAP1z00OIzOV8rXDiSw4+vpl8x18jigPYc="},"indexInfo":{"baseKey":"BWFifanRtR3Cc/SE00H0aHxghYW0cBQAd7kDvFTxkh86","baseKeyType":1,"closed":-1,"used":1733208108104,"created":1733208108104,"remoteIdentityKey":"Bfw05W/JwA+SfaEpNAfv5IAysrpTbbm62r4oZY2Efx86"},"_chains":{"BTEyEAx/WCTRp10nrnT51nIL7MViOS8w2VwZ9wXetTMl":{"chainKey":{"counter":2,"key":"0P5Av4fjIolJVn1aQU5/LnnuRcIvgsF8YrASM4dN+wE="},"chainType":1,"messageKeys":{}}},"pendingPreKey":{"signedKeyId":1,"baseKey":"BWFifanRtR3Cc/SE00H0aHxghYW0cBQAd7kDvFTxkh86"}}},"version":"v1"}