{"_sessions":{"BQr+TyTWyPaV3dnnd/gwr+earjReE3EODc4fd0PCjE4h":{"registrationId":1281842778,"currentRatchet":{"ephemeralKeyPair":{"pubKey":"BUhjGLRdRhJXhZYzDdTaghVn0sRdpUNkZPRaq7lCt014","privKey":"UN/q3gsGT6Lek3NqkOeHYkk8euGMGn1eRIbNh7bZH3E="},"lastRemoteEphemeralKey":"BSqxI9RJ0EsdJiaqyK9oeGEoaY4DPD/F0lKugsJHV6V4","previousCounter":0,"rootKey":"ILbiiJqpFf43SEq/7PSNehhn5BGr2hTz0H0wVGlC700="},"indexInfo":{"baseKey":"BQr+TyTWyPaV3dnnd/gwr+earjReE3EODc4fd0PCjE4h","baseKeyType":1,"closed":-1,"used":1733208108572,"created":1733208108572,"remoteIdentityKey":"BSYfdBJK1PXy7Z6N96iHomeIV5ovvZy9PUu2T4Gsqq1f"},"_chains":{"BUhjGLRdRhJXhZYzDdTaghVn0sRdpUNkZPRaq7lCt014":{"chainKey":{"counter":2,"key":"UkDpEwmk2PUG0t5M0EH2icnQ+oXN8q3lC0SPMEb6bW4="},"chainType":1,"messageKeys":{}}},"pendingPreKey":{"signedKeyId":6796148,"baseKey":"BQr+TyTWyPaV3dnnd/gwr+earjReE3EODc4fd0PCjE4h"}}},"version":"v1"}