{"_sessions":{"BaLegCChCaYmo7N7ac1pOrOS6zRC2tO2LCmKuXAS2TZi":{"registrationId":1203912045,"currentRatchet":{"ephemeralKeyPair":{"pubKey":"BVjLJxhaO27oIFZ0+3JCazwedDUeRkzMyteOlqG0XjIs","privKey":"SKGrZw+8wzHjzMWX7HobZynKPapoALTb1LUnWZkA/mY="},"lastRemoteEphemeralKey":"BfhzlYW9kt6BLjDDXEPPp1LjLULr8kQewvfqFt/KhKdC","previousCounter":0,"rootKey":"pQz1t23L8NkNsMxFIkUvMmp7t+KK0kZIk007oTXPFpw="},"indexInfo":{"baseKey":"BaLegCChCaYmo7N7ac1pOrOS6zRC2tO2LCmKuXAS2TZi","baseKeyType":1,"closed":-1,"used":1733208108524,"created":1733208108524,"remoteIdentityKey":"BSZOmF6/4BrnZc2bMqCfeXcsyO0mWYxSHl5GMOj3fY9S"},"_chains":{"BVjLJxhaO27oIFZ0+3JCazwedDUeRkzMyteOlqG0XjIs":{"chainKey":{"counter":2,"key":"PHOAAIKNIPUv7eFFOJ7AuOn/MvoYvDR8X6EyCaBp3mU="},"chainType":1,"messageKeys":{}}},"pendingPreKey":{"signedKeyId":3,"baseKey":"BaLegCChCaYmo7N7ac1pOrOS6zRC2tO2LCmKuXAS2TZi","preKeyId":5464389}}},"version":"v1"}