{"_sessions":{"BQLiS/PlXh4xP35D8PlIEo+77Xu+GmuIZPTpuGSWs/UR":{"registrationId":95928730,"currentRatchet":{"ephemeralKeyPair":{"pubKey":"BeOXJzunUUd8StzF24YKUMNwHj708wf8P6gkn5j79/1d","privKey":"sD0c9tEAgfpJC374Xy+KaN7f9zmSN/Dz6bM8mVm2xm0="},"lastRemoteEphemeralKey":"BQjU0+nuSDyxiRX3idGyt5weKAdXWBcjfsHRkZ+mMBdD","previousCounter":0,"rootKey":"zJpDx19dZ8S2h39fh7Ms2Z7JdyQM+FjJByNvQy6xwT0="},"indexInfo":{"baseKey":"BQLiS/PlXh4xP35D8PlIEo+77Xu+GmuIZPTpuGSWs/UR","baseKeyType":1,"closed":-1,"used":1733208108739,"created":1733208108739,"remoteIdentityKey":"BRDfiB43IA5qGE4s63KchHY5l9GLGzosHk0x1oKu0O1Y"},"_chains":{"BeOXJzunUUd8StzF24YKUMNwHj708wf8P6gkn5j79/1d":{"chainKey":{"counter":2,"key":"AJ1gXDPQNW3CB+t1By09lPZreNxk0OjIc3GLklXsxpU="},"chainType":1,"messageKeys":{}}},"pendingPreKey":{"signedKeyId":7,"baseKey":"BQLiS/PlXh4xP35D8PlIEo+77Xu+GmuIZPTpuGSWs/UR","preKeyId":7961371}}},"version":"v1"}