{"_sessions":{"BTLe623S4cJTAy3EGUrMYqzTR8zUSC1agK5O+dG/LGs2":{"registrationId":1301885824,"currentRatchet":{"ephemeralKeyPair":{"pubKey":"BWWqz6dbYbgt0RzndtDwCcOSlstLnv1DU5cHEmks0DZo","privKey":"qAmvSF3XKivo3/Hpii/EmEY8i8HVO5r5wqhRILVgmUI="},"lastRemoteEphemeralKey":"Bbm8n9lkZs6NGvsC2UxTBq7VB3X73JW8Hoz5YJ855mtN","previousCounter":0,"rootKey":"ch8lUW89/DJ4L1KLms2zhUTWJD4S40Vg98mjx/3Y2jM="},"indexInfo":{"baseKey":"BTLe623S4cJTAy3EGUrMYqzTR8zUSC1agK5O+dG/LGs2","baseKeyType":1,"closed":-1,"used":1733208108631,"created":1733208108631,"remoteIdentityKey":"BSsV1wWSwY7KLygAGh5Vw4nOhGGkcvUjsSaT74qpHrta"},"_chains":{"BWWqz6dbYbgt0RzndtDwCcOSlstLnv1DU5cHEmks0DZo":{"chainKey":{"counter":2,"key":"MfvRsdlxG1bdGBJo0oHe8y4DR1td9CDhzvedPoUOJrA="},"chainType":1,"messageKeys":{}}},"pendingPreKey":{"signedKeyId":34,"baseKey":"BTLe623S4cJTAy3EGUrMYqzTR8zUSC1agK5O+dG/LGs2","preKeyId":6143188}}},"version":"v1"}