{"_sessions":{"BS6gwu2N9B8WQP/TNfmUmDrDN6Uam9ogGyxfbk/pJ01A":{"registrationId":1366911262,"currentRatchet":{"ephemeralKeyPair":{"pubKey":"BQhpzNtcE+2PJEVw+HOCr0NBiOu8v6fVBlSa7lyas4BU","privKey":"AOcBf8g5SlyeIzZ1N5zHIwrxIc5EuZxBzdG5sr+Kb04="},"lastRemoteEphemeralKey":"BYCxpK+wZoOmV2vgmZnFcewdSmRrlCDGg2vmXGgE2TNF","previousCounter":0,"rootKey":"hUYmcv0shsmNlrW+fv426hzmdSwpI0HWS7hIbF94kEs="},"indexInfo":{"baseKey":"BS6gwu2N9B8WQP/TNfmUmDrDN6Uam9ogGyxfbk/pJ01A","baseKeyType":1,"closed":-1,"used":1733208108510,"created":1733208108510,"remoteIdentityKey":"BfMyEWycRtA2uUnhUhKtpz9ukdeNroLzuGso4IayO8oM"},"_chains":{"BQhpzNtcE+2PJEVw+HOCr0NBiOu8v6fVBlSa7lyas4BU":{"chainKey":{"counter":2,"key":"UceAxowcBQkVEZ8Y8o/JOOWyI7FDxkPJL4zKOcIQ87Y="},"chainType":1,"messageKeys":{}}},"pendingPreKey":{"signedKeyId":7,"baseKey":"BS6gwu2N9B8WQP/TNfmUmDrDN6Uam9ogGyxfbk/pJ01A","preKeyId":8891658}}},"version":"v1"}