{"_sessions":{"BYMCrTtq1BGRybnPXTZR0IBN8WtGsSo2VR06bpBupWo2":{"registrationId":877062181,"currentRatchet":{"ephemeralKeyPair":{"pubKey":"BUs1CfZ3qqjef998RJkdG551gKcYi09I4EnLM+m2casF","privKey":"cHqDx73WMOEWJK4Jr1F8k5eid10smxwgw3bMtKDzs2A="},"lastRemoteEphemeralKey":"BdyFFM0a9JsnPQUqvy9202pUmnkIQIeXHHjcBaBvJ58M","previousCounter":0,"rootKey":"/xTLVgnUGzyG0g0t1Tyl1RswI5AGLEQ6TZ5U5uLNFLw="},"indexInfo":{"baseKey":"BYMCrTtq1BGRybnPXTZR0IBN8WtGsSo2VR06bpBupWo2","baseKeyType":1,"closed":-1,"used":1733208108547,"created":1733208108547,"remoteIdentityKey":"Bd8Hq5/kcXwC0lQJaDS5u34qgBorch+gBE4gAD4Ns3ZC"},"_chains":{"BUs1CfZ3qqjef998RJkdG551gKcYi09I4EnLM+m2casF":{"chainKey":{"counter":2,"key":"LFqyAszVNz+s60+0KlVOZlnkNlOWOaYRS1AoqRCW5+U="},"chainType":1,"messageKeys":{}}},"pendingPreKey":{"signedKeyId":14199007,"baseKey":"BYMCrTtq1BGRybnPXTZR0IBN8WtGsSo2VR06bpBupWo2","preKeyId":46116}}},"version":"v1"}