{"_sessions":{"BaSqQZ6JK0SBT7OcKwBDxlTJhwQRnJHAHIZ9ijYzOmxU":{"registrationId":606226162,"currentRatchet":{"ephemeralKeyPair":{"pubKey":"BXKe2AGwTaGMo5qsNWJoPeIkCOauE8KpPS95lrt2KPZv","privKey":"uAbH4IMShTXEDZuSRasV9aPrRyYxaFVS4YCPNAontFk="},"lastRemoteEphemeralKey":"Bb08brj/QnxT7nkLkcP9uf5UFj2V4/VJ8uPY0v/k0m4J","previousCounter":0,"rootKey":"WZLZhkpMUIlkP2saRSQU1My2B5FnY+vrfDYNP1IwmTc="},"indexInfo":{"baseKey":"BaSqQZ6JK0SBT7OcKwBDxlTJhwQRnJHAHIZ9ijYzOmxU","baseKeyType":1,"closed":-1,"used":1733208108481,"created":1733208108481,"remoteIdentityKey":"Bfb3HgWAg8z5347OrxEGtZXGEtDx5Lbqot/fm4OLzgd9"},"_chains":{"BXKe2AGwTaGMo5qsNWJoPeIkCOauE8KpPS95lrt2KPZv":{"chainKey":{"counter":2,"key":"m6rzQp809D1jBXfPLqeFF3g8nNHArwkMhFxrnwq6uI0="},"chainType":1,"messageKeys":{}}},"pendingPreKey":{"signedKeyId":3,"baseKey":"BaSqQZ6JK0SBT7OcKwBDxlTJhwQRnJHAHIZ9ijYzOmxU"}}},"version":"v1"}