{"_sessions":{"BW90VG+FG4j4hmlBk7SmNz5uxsj/fIe9KLxrARNA3Rw2":{"registrationId":329413238,"currentRatchet":{"ephemeralKeyPair":{"pubKey":"BcSDj3maXhbMl6RJgF0ZIegHJx7D/AwJT/t6YxZtw4JU","privKey":"KPvZ224r0ZpXSHapU4at/p6CZRyGEQde2jHPERnZYWQ="},"lastRemoteEphemeralKey":"BeQPUloRZJIaQ5GiFQDJBmzcl3tMWHtIUSuqHLqhRZtT","previousCounter":0,"rootKey":"WVP4w9m8gZeEqID+trFRtqMhTnmN8FIfgrLDMs0txE0="},"indexInfo":{"baseKey":"BW90VG+FG4j4hmlBk7SmNz5uxsj/fIe9KLxrARNA3Rw2","baseKeyType":1,"closed":-1,"used":1733208108851,"created":1733208108851,"remoteIdentityKey":"BZD6dnrtrThadatrIQ513qvL4jGwwacjD4TGYeQ0JIBh"},"_chains":{"BcSDj3maXhbMl6RJgF0ZIegHJx7D/AwJT/t6YxZtw4JU":{"chainKey":{"counter":2,"key":"aShF3JZemPk8ufqTMuCIUsgNijJRpuncETT8N5Lp6fo="},"chainType":1,"messageKeys":{}}},"pendingPreKey":{"signedKeyId":0,"baseKey":"BW90VG+FG4j4hmlBk7SmNz5uxsj/fIe9KLxrARNA3Rw2","preKeyId":7990279}}},"version":"v1"}