{"_sessions":{"BXB0scKub8nxIN0PbUN1San++TG16QmpM2iw/tl2iCgx":{"registrationId":131,"currentRatchet":{"ephemeralKeyPair":{"pubKey":"BV5J8caEAKM/jMJ9xs0Bdzcm2SoktAD2jOTjFznnc/Je","privKey":"QBmqgOLiLLfTYzqPMzaBFex0uioc6yf9Av9a20+onWE="},"lastRemoteEphemeralKey":"BZjshx7lNq/qUmJsYw+dLFhJKPIzVs2SIY9t8TcOdAsn","previousCounter":0,"rootKey":"AT/4jI8xtXx+HrnVP3Pfxu1E/pEeTh8VQpynMTTwLys="},"indexInfo":{"baseKey":"BXB0scKub8nxIN0PbUN1San++TG16QmpM2iw/tl2iCgx","baseKeyType":1,"closed":-1,"used":1733208108206,"created":1733208108206,"remoteIdentityKey":"BYyNYObeyXiKVqblUbRAWPH8G34FjZfRacSEn8bWT5Q2"},"_chains":{"BV5J8caEAKM/jMJ9xs0Bdzcm2SoktAD2jOTjFznnc/Je":{"chainKey":{"counter":2,"key":"PZqHI0aYgwQ9CCQqhRUpr/Mx5D3MwxgbU63r8hW2xFw="},"chainType":1,"messageKeys":{}}},"pendingPreKey":{"signedKeyId":1,"baseKey":"BXB0scKub8nxIN0PbUN1San++TG16QmpM2iw/tl2iCgx"}}},"version":"v1"}