{"_sessions":{"BdbxREFZ2FFdW1iHcHgnelm+7Y4HvcbLILfkfC0/c9wV":{"registrationId":424012892,"currentRatchet":{"ephemeralKeyPair":{"pubKey":"BbM2gWX96pxp5LzgZDkjRKsAybo5C0YEZxJTf6L+bKgP","privKey":"oL3ipDJxXoa4ANsbTPkENb+g+K9WrOZgVN5g7wOx7Uc="},"lastRemoteEphemeralKey":"BUwfWpMz85BcNR/wtsZU6EDLm2y6FNBw7LyVz9NZ++Jm","previousCounter":0,"rootKey":"NsbgwlpjZjMRPUxhIooINlEntYfGZaRHq+ZIO2k7DEQ="},"indexInfo":{"baseKey":"BdbxREFZ2FFdW1iHcHgnelm+7Y4HvcbLILfkfC0/c9wV","baseKeyType":2,"closed":-1,"used":1733207756390,"created":1733207756390,"remoteIdentityKey":"BTAz2t/SzPVnuir3heI8QOr+wxJ8/1FP74UH2ouJfM9n"},"_chains":{"BUwfWpMz85BcNR/wtsZU6EDLm2y6FNBw7LyVz9NZ++Jm":{"chainKey":{"counter":0,"key":"luen2HTuOSIf8cxs+DM0Mn0ftT6L9et5HqZLyz8Tht8="},"chainType":2,"messageKeys":{}},"BbM2gWX96pxp5LzgZDkjRKsAybo5C0YEZxJTf6L+bKgP":{"chainKey":{"counter":2,"key":"mClm0yk0bFUSv0SE/X8oGEdywI8gT+lU+d4phGdB9dQ="},"chainType":1,"messageKeys":{}}}}},"version":"v1"}