{"_sessions":{"BV4Pn+lEM/H/53xHNHF589B914ZwbalXwHvKjnlHwb45":{"registrationId":999451537,"currentRatchet":{"ephemeralKeyPair":{"pubKey":"BbK90o0J2LKAfSkiCB2eXI4fj2u28c5YSPuvcVX98DZ+","privKey":"4N356tIJEwl8QUz78fzY8oXhDruWyXoLGQBEWFTyuFM="},"lastRemoteEphemeralKey":"BTB4vO4YLI5KClw4ueUDxnYMA6RUOrHGRZV/8AEtVQ8A","previousCounter":0,"rootKey":"FyQC73BasTIKM1XVrZCcBunX7RfBbuPomJqegb6rqOQ="},"indexInfo":{"baseKey":"BV4Pn+lEM/H/53xHNHF589B914ZwbalXwHvKjnlHwb45","baseKeyType":2,"closed":-1,"used":1733207753215,"created":1733207753215,"remoteIdentityKey":"BQy5Wkn+pLd98nRYw45uDGBs7jQ38vH3vvqdAXBxgZc5"},"_chains":{"BTB4vO4YLI5KClw4ueUDxnYMA6RUOrHGRZV/8AEtVQ8A":{"chainKey":{"counter":0,"key":"tl7jF9r5ZpXL+BPm3QjXbbTRrETbuWlZKBcbhs+htI8="},"chainType":2,"messageKeys":{}},"BbK90o0J2LKAfSkiCB2eXI4fj2u28c5YSPuvcVX98DZ+":{"chainKey":{"counter":2,"key":"Ubrw/Elvax34jszS86Keo5sXJIXRvsLFJI9Faa4k2C4="},"chainType":1,"messageKeys":{}}}}},"version":"v1"}