{"_sessions":{"BRRUGKNlJetJNPNNVWfzP1ZF+/iE6bn3sIIv5vDwuORB":{"registrationId":1614790757,"currentRatchet":{"ephemeralKeyPair":{"pubKey":"BQcBXF9OpDsouI/TD4KZoJu6/b3leBhdlBNCyBuFBLA7","privKey":"OG7m5JCHfF9UB/3KO+NW5u1eFgGaGcKyqC9n+gZ6gW8="},"lastRemoteEphemeralKey":"BZCfFziWNXnUX1bNB4l3LJ0jYBEhZekac0uXSxgAPjNU","previousCounter":0,"rootKey":"ZE1tGL6P/KTzZ1HCMSWPKKw6Fh0SMHvyaTP7x5ofYSc="},"indexInfo":{"baseKey":"BRRUGKNlJetJNPNNVWfzP1ZF+/iE6bn3sIIv5vDwuORB","baseKeyType":1,"closed":-1,"used":1733208108875,"created":1733208108875,"remoteIdentityKey":"BdmDOJD5ZYJhLuCnOFgCt3B+SaCrDhVxwZ9v69e/kwBf"},"_chains":{"BQcBXF9OpDsouI/TD4KZoJu6/b3leBhdlBNCyBuFBLA7":{"chainKey":{"counter":2,"key":"HulTT6PzB8AC2+otcSKbpl6B/lKBDM7L2KCVV3SY9Vg="},"chainType":1,"messageKeys":{}}},"pendingPreKey":{"signedKeyId":0,"baseKey":"BRRUGKNlJetJNPNNVWfzP1ZF+/iE6bn3sIIv5vDwuORB"}}},"version":"v1"}