{"_sessions":{"Babe0Tr+YTdvG3u9vY5hdDPgx3kvA8rLD2fsv9sw8u89":{"registrationId":1450194505,"currentRatchet":{"ephemeralKeyPair":{"pubKey":"BXiw82uL4x45SKdUjpFWGVEg4x7Eqo3G+U7e8OeE9dY7","privKey":"WL+HdEBzfKEEOm6MbynIMppHUm1m9WWbkG+RoQdEjl8="},"lastRemoteEphemeralKey":"Bcmdw+7uOQ02ZSr+oHvjeiEJTAZt5fj5lVa7ntHKUVNN","previousCounter":0,"rootKey":"ior0+l2BvYI7LAIok++v63MQUN2tRF1NmnbS5RfIgRQ="},"indexInfo":{"baseKey":"Babe0Tr+YTdvG3u9vY5hdDPgx3kvA8rLD2fsv9sw8u89","baseKeyType":1,"closed":-1,"used":1733208108192,"created":1733208108192,"remoteIdentityKey":"BUKb1aOMtCsYpavq17YA3BV/dQFbO/KDpViJdddR1c9b"},"_chains":{"BXiw82uL4x45SKdUjpFWGVEg4x7Eqo3G+U7e8OeE9dY7":{"chainKey":{"counter":2,"key":"NLhm19hUJs2bj+invpSK4o7tAPzL7eqgmCfjuBeQiz0="},"chainType":1,"messageKeys":{}}},"pendingPreKey":{"signedKeyId":1,"baseKey":"Babe0Tr+YTdvG3u9vY5hdDPgx3kvA8rLD2fsv9sw8u89"}}},"version":"v1"}