{"_sessions":{"BS6P/8bqNK5cgbIJn1ltAOp6zRcfumJg5y7vcpkLpJwR":{"registrationId":52,"currentRatchet":{"ephemeralKeyPair":{"pubKey":"BZyZpVkFUpm37sBN843oetrugkKB9gJm2cjdcmullB8A","privKey":"WCbXTE4nEDrDLSm0HudTCQUxcLBCCCmanvxejFhhmng="},"lastRemoteEphemeralKey":"BWwO+7NJ8WxiMh6MoUXNMGDJdxVWuv4G5itI/R/i4eMP","previousCounter":0,"rootKey":"AHhwK1KUDp7ZwFFgGaN8iu81fnWYcs6i5kdePYGWYq0="},"indexInfo":{"baseKey":"BS6P/8bqNK5cgbIJn1ltAOp6zRcfumJg5y7vcpkLpJwR","baseKeyType":1,"closed":-1,"used":1733208108303,"created":1733208108303,"remoteIdentityKey":"BVAY+YAx4tOHhdyMyTqWeCbGOMbC2u4qQxr2i+XzpbQc"},"_chains":{"BZyZpVkFUpm37sBN843oetrugkKB9gJm2cjdcmullB8A":{"chainKey":{"counter":2,"key":"ZyfvQcwvEer3XPpiSUIouI5kBdLI2cGvSubmFKHfI4Q="},"chainType":1,"messageKeys":{}}},"pendingPreKey":{"signedKeyId":1,"baseKey":"BS6P/8bqNK5cgbIJn1ltAOp6zRcfumJg5y7vcpkLpJwR"}}},"version":"v1"}