{"_sessions":{"BdiA2sZv+48jgj4j7KDXPfvxIJYMoKl9HAgSzc/NLOM4":{"registrationId":948355125,"currentRatchet":{"ephemeralKeyPair":{"pubKey":"BYAyTo7GNVs+LXrnh3LMYDeabvB5M/+WNMhvlKJeEQtx","privKey":"6DcgfccgDMiZSSwWmIYhnMP5V5PRab7S8Oabt82CCEE="},"lastRemoteEphemeralKey":"BfOIwJo+4uOhyDj1S/cK9D2oQXxUQ1FgslOTV0Veupk0","previousCounter":0,"rootKey":"XS1QCNhcQeAMp9cmxT5K8q4HnDuw5pODC0RIwt/Av7U="},"indexInfo":{"baseKey":"BdiA2sZv+48jgj4j7KDXPfvxIJYMoKl9HAgSzc/NLOM4","baseKeyType":1,"closed":-1,"used":1733208108789,"created":1733208108789,"remoteIdentityKey":"Bd+DSmvtEPICCxAPZ7oCDIzIi6XnzNIdlAzxLtm6Kxh/"},"_chains":{"BYAyTo7GNVs+LXrnh3LMYDeabvB5M/+WNMhvlKJeEQtx":{"chainKey":{"counter":2,"key":"wvbgUomRNqPMus4XGn6MHrnCp1LUGiFJrxLWoTXg7Ic="},"chainType":1,"messageKeys":{}}},"pendingPreKey":{"signedKeyId":7,"baseKey":"BdiA2sZv+48jgj4j7KDXPfvxIJYMoKl9HAgSzc/NLOM4"}}},"version":"v1"}