{"_sessions":{"BSm+bGyAWV1yHibuxOb9pnEpw/90JHS4Pz4w6jTTE01D":{"registrationId":858578633,"currentRatchet":{"ephemeralKeyPair":{"pubKey":"BcH3ZL2ESnKZ2TIi7nmsdLj7Pm3u/kVTnbgPdKs3QHY+","privKey":"EFAnY0o6HvEmLOaeOY52MIcBRTJXtbbfOIzYlTD5qGE="},"lastRemoteEphemeralKey":"Bd2zoV9QR9GdFUXyWVghA1xyUR8ePYji6x3x2b3Y9Mge","previousCounter":0,"rootKey":"D39g7xdkUKfRmKcf5F9iEoxqdEmzTDOl1odNrbn0vk4="},"indexInfo":{"baseKey":"BSm+bGyAWV1yHibuxOb9pnEpw/90JHS4Pz4w6jTTE01D","baseKeyType":1,"closed":-1,"used":1733208108845,"created":1733208108845,"remoteIdentityKey":"BVrMllin4vFfD6MnHsGL1kK98KfiinafFQn1yWYysesQ"},"_chains":{"BcH3ZL2ESnKZ2TIi7nmsdLj7Pm3u/kVTnbgPdKs3QHY+":{"chainKey":{"counter":2,"key":"baRYaGQ0zwLDyiTl5muj2DE77VoloRGi4sE2iXF0UBk="},"chainType":1,"messageKeys":{}}},"pendingPreKey":{"signedKeyId":15,"baseKey":"BSm+bGyAWV1yHibuxOb9pnEpw/90JHS4Pz4w6jTTE01D"}}},"version":"v1"}