{"_sessions":{"BZLoepbJ6ldFvwT4Bu794KdtljBySaHmUCdY2QIrUzUR":{"registrationId":284875362,"currentRatchet":{"ephemeralKeyPair":{"pubKey":"BUeJr5rQTSCwl2abYmgk68/WEBT+jTwAucBwDQpUyidK","privKey":"ENV/pe6sjHYo5nkgqZX8h0cVlWffCbZg/VD9F3gNi3o="},"lastRemoteEphemeralKey":"BRiPhhb5rirRmJIcCMZhWbp8b1+1/AHlfpHU9a+ZnnN3","previousCounter":0,"rootKey":"/bC/pCu9S08r1dXjQq0N8iet4CXAj2xi6IgEJEH4Wpg="},"indexInfo":{"baseKey":"BZLoepbJ6ldFvwT4Bu794KdtljBySaHmUCdY2QIrUzUR","baseKeyType":2,"closed":-1,"used":1733207770322,"created":1733207770322,"remoteIdentityKey":"BRXPfDJ4Ulo3IMHjqBrboV11OvAszzjNGimWgcHrqbhB"},"_chains":{"BRiPhhb5rirRmJIcCMZhWbp8b1+1/AHlfpHU9a+ZnnN3":{"chainKey":{"counter":0,"key":"1Bl9K+awOOUN5uISLQy/AC5Mui0FNxmo7ZQLC5LJ1Fg="},"chainType":2,"messageKeys":{}},"BUeJr5rQTSCwl2abYmgk68/WEBT+jTwAucBwDQpUyidK":{"chainKey":{"counter":2,"key":"GEwty7fxHZoo3l86ispu1C8TTYEh49gjMLU19AzREjw="},"chainType":1,"messageKeys":{}}}}},"version":"v1"}