{"_sessions":{"BX5FH+j0nWWj2NZijRZfl1N//CRaIhRK1eIZG4hjPgpr":{"registrationId":1822190755,"currentRatchet":{"ephemeralKeyPair":{"pubKey":"BYiLMyq++e2c350K59kMkyk8x3T0HwvfWe6w3dRbVNMb","privKey":"2PnjCGYFohrjfhD+4T2yhV3ppZSVwjCRiwgAgiTHGF8="},"lastRemoteEphemeralKey":"Be/PcgoRRKYPTPlotkRmq8NT7QHfammBTTv3eTL7Fl9S","previousCounter":0,"rootKey":"clNrNbgOD9IbuUK+CnEWm/kx0KSbr89T/DShDgTYiZs="},"indexInfo":{"baseKey":"BX5FH+j0nWWj2NZijRZfl1N//CRaIhRK1eIZG4hjPgpr","baseKeyType":1,"closed":-1,"used":1733208108872,"created":1733208108872,"remoteIdentityKey":"BTgSNK1NCKd9xQBz61J523TYo+PJ7yI/qXYY+DakcLcw"},"_chains":{"BYiLMyq++e2c350K59kMkyk8x3T0HwvfWe6w3dRbVNMb":{"chainKey":{"counter":2,"key":"avNxPyKr4crBwQG5OpUFmHEgP34AhpLcTDPWz4xVbDs="},"chainType":1,"messageKeys":{}}},"pendingPreKey":{"signedKeyId":0,"baseKey":"BX5FH+j0nWWj2NZijRZfl1N//CRaIhRK1eIZG4hjPgpr"}}},"version":"v1"}