{"_sessions":{"BY8+ishQOo+8izkJZzgUmPlIPHW5lzMoyOPQUOsTTlcs":{"registrationId":1669139406,"currentRatchet":{"ephemeralKeyPair":{"pubKey":"BVCBwxjelSvwgDqv7XjMh33FXwXlYAJ5xFX+SMbFWBtY","privKey":"qPuTbhYuGqvn+2huZeVDYxzgJCeSBGSxha6mj8xukUA="},"lastRemoteEphemeralKey":"BR7f4rSAI7XzDE3uLUaKmtLUx6tU/hpKh5yaJLUsLVMF","previousCounter":0,"rootKey":"5/RR0xW3ToylocCE94fTcv4n734mNEjIJjdW7lzuvSs="},"indexInfo":{"baseKey":"BY8+ishQOo+8izkJZzgUmPlIPHW5lzMoyOPQUOsTTlcs","baseKeyType":1,"closed":-1,"used":1733208108708,"created":1733208108708,"remoteIdentityKey":"BfwvPGjqjGNRl5/JWFpGHohi9cYDUY1XqfX5EUM2EBAj"},"_chains":{"BVCBwxjelSvwgDqv7XjMh33FXwXlYAJ5xFX+SMbFWBtY":{"chainKey":{"counter":2,"key":"UXhHNyshMtek0G2MdCq0Lyk8drjwUeLipbycuAHa5to="},"chainType":1,"messageKeys":{}}},"pendingPreKey":{"signedKeyId":8,"baseKey":"BY8+ishQOo+8izkJZzgUmPlIPHW5lzMoyOPQUOsTTlcs","preKeyId":8684797}}},"version":"v1"}