{"_sessions":{"BVKZ+lUKNrgKI3PJQQblOo0ZLc84svmMfJ5d+vA4xFcB":{"registrationId":69,"currentRatchet":{"ephemeralKeyPair":{"pubKey":"Ba5U9FjebOs3/IVjbBLOJd4qdXeb1zt+3mpMTvIwRDMD","privKey":"oBm4sXxluecu5mk/bacjK0+6zpibl/BJ0qL2IyJfqVM="},"lastRemoteEphemeralKey":"BXafe2G20BupH5/2+1A2m4DyUMKaJkvAY8uExb/kSi4e","previousCounter":0,"rootKey":"alAObMatKW7z9/leaxF9sxsBgxfrhR83ECY833r0wLQ="},"indexInfo":{"baseKey":"BVKZ+lUKNrgKI3PJQQblOo0ZLc84svmMfJ5d+vA4xFcB","baseKeyType":1,"closed":-1,"used":1733208108293,"created":1733208108293,"remoteIdentityKey":"BVclCOYUO9VMUpgcxlmOtpa+SSEaWUhUc+LF1ggMWiQc"},"_chains":{"Ba5U9FjebOs3/IVjbBLOJd4qdXeb1zt+3mpMTvIwRDMD":{"chainKey":{"counter":2,"key":"DL+d4I6NVrRwpgajIvkOSzPadj6pycrgQ02jxlsD3eI="},"chainType":1,"messageKeys":{}}},"pendingPreKey":{"signedKeyId":1,"baseKey":"BVKZ+lUKNrgKI3PJQQblOo0ZLc84svmMfJ5d+vA4xFcB"}}},"version":"v1"}