{"_sessions":{"BceyJ1KVWPBhIm6QJRkpCGXN5MKIFS44+fRXan7aOfp4":{"registrationId":545434685,"currentRatchet":{"ephemeralKeyPair":{"pubKey":"BYAb0Pg4jpfhFkFE9JSQ5Rqqu+7lDPBwhU/bmxBRoxht","privKey":"MF8+EfXVHleZ8e5UEueHsu6NAEJs2ZHM1WckVMvTf0I="},"lastRemoteEphemeralKey":"BeGsGJwZzbf1hyZ6WmJ0xYx/icl5HGLSvh0MtH05lLZc","previousCounter":0,"rootKey":"Q2GT0nZ+nz+7e4P0qO77iMKvIhELxWgdurZMmNlCRtk="},"indexInfo":{"baseKey":"BceyJ1KVWPBhIm6QJRkpCGXN5MKIFS44+fRXan7aOfp4","baseKeyType":1,"closed":-1,"used":1733208108554,"created":1733208108554,"remoteIdentityKey":"Be26VBWaK7a+M4jZhxo3vDnD1Qwjx3Cw7FXQMi+wx/pW"},"_chains":{"BYAb0Pg4jpfhFkFE9JSQ5Rqqu+7lDPBwhU/bmxBRoxht":{"chainKey":{"counter":2,"key":"Lr/fHwq3+B/yXa5n98msOBvz4iaY/dNIlo5yJVStDWg="},"chainType":1,"messageKeys":{}}},"pendingPreKey":{"signedKeyId":0,"baseKey":"BceyJ1KVWPBhIm6QJRkpCGXN5MKIFS44+fRXan7aOfp4","preKeyId":16390234}}},"version":"v1"}