{"_sessions":{"BaHVLbS3Py5eA2SODEsTLAcuom/44X/TxuqB9eqSgsVV":{"registrationId":732116599,"currentRatchet":{"ephemeralKeyPair":{"pubKey":"BfCVF6r0TvZT89zGw1lBwRz0QWbkbPpqdo+TCWUdxjYS","privKey":"KDJyWykep5MgwU3HCD59HtfnP/rsMLRmsZs+LSyED24="},"lastRemoteEphemeralKey":"BcVlF6JAVIPL6pK5KUpBMQcir38hrCxIl27JB3yy2jxj","previousCounter":0,"rootKey":"V4enzjC9oMoBX1G1DsDc993wUOpsrUTpSKMjuxyiYLI="},"indexInfo":{"baseKey":"BaHVLbS3Py5eA2SODEsTLAcuom/44X/TxuqB9eqSgsVV","baseKeyType":1,"closed":-1,"used":1733208108634,"created":1733208108634,"remoteIdentityKey":"BUjXQkJiPG24NgFCK8mWr2Go0xPZh1FuONm+awZRTjYe"},"_chains":{"BfCVF6r0TvZT89zGw1lBwRz0QWbkbPpqdo+TCWUdxjYS":{"chainKey":{"counter":2,"key":"ODxNzWqBT5DcU4kaQu7DeQod50IBk0SVxHqGR6TLrxA="},"chainType":1,"messageKeys":{}}},"pendingPreKey":{"signedKeyId":6,"baseKey":"BaHVLbS3Py5eA2SODEsTLAcuom/44X/TxuqB9eqSgsVV","preKeyId":4686374}}},"version":"v1"}