{"_sessions":{"BbIta7W4ZGdHiogI6NoKUYLxnTMV3/8flQr2l8lZ7C0d":{"registrationId":145601883,"currentRatchet":{"ephemeralKeyPair":{"pubKey":"BY/LNsvOVBm96hVRvd/ApiArsZ8JTP22+zNHrWYPhxso","privKey":"gFHfV74ZjKYqFER5s3DAKeG1aLZQzN2jzs05tqAXfn0="},"lastRemoteEphemeralKey":"BQ7eSbOxEZXT7yV3v6YsW220L/m9XcRp9NNHEdTpr3Ve","previousCounter":0,"rootKey":"DPzLxY0xz2fZLLyZqH3qeEJCc8GiKSuXpi3c8O39I64="},"indexInfo":{"baseKey":"BbIta7W4ZGdHiogI6NoKUYLxnTMV3/8flQr2l8lZ7C0d","baseKeyType":1,"closed":-1,"used":1733208108422,"created":1733208108422,"remoteIdentityKey":"BQoWWM/FfU5S47a7nM32/KH1pxEsPOWjfcymrHXyP04p"},"_chains":{"BY/LNsvOVBm96hVRvd/ApiArsZ8JTP22+zNHrWYPhxso":{"chainKey":{"counter":2,"key":"SMxi+9kd60PFIFhhWM6wLkALVOZRN8hMiDzN+3iX4eY="},"chainType":1,"messageKeys":{}}},"pendingPreKey":{"signedKeyId":2,"baseKey":"BbIta7W4ZGdHiogI6NoKUYLxnTMV3/8flQr2l8lZ7C0d"}}},"version":"v1"}