{"_sessions":{"BQKUpyxLHhfXU7OAShiBn0N7eewMn5BfT4xhhtqcVwJ2":{"registrationId":201302166,"currentRatchet":{"ephemeralKeyPair":{"pubKey":"BdFk55Y7mc9otNhJaxOB5z5oV4BOB+AEAvSaEvQ8CY8d","privKey":"aDozpDyBnhI+b667vzni/4bBe7jmHhoIHtRuvIVfAUM="},"lastRemoteEphemeralKey":"BVqH1TCGTyK2ugzyqFrtbD5hCu1rhO06i4NO1c/+5jYk","previousCounter":0,"rootKey":"GXYyt5spB6jWG1qsZsY6lvkEmfCUpn+N6yUuOORCLCw="},"indexInfo":{"baseKey":"BQKUpyxLHhfXU7OAShiBn0N7eewMn5BfT4xhhtqcVwJ2","baseKeyType":1,"closed":-1,"used":1733208108693,"created":1733208108693,"remoteIdentityKey":"BR0mKyQ24jw9oT/CIpcgbLIp9R+KrAr3D+thV2r+oqxm"},"_chains":{"BdFk55Y7mc9otNhJaxOB5z5oV4BOB+AEAvSaEvQ8CY8d":{"chainKey":{"counter":2,"key":"4LLthvhCPrOHwBbyOWmu0PFAUMAwv80232a7Og17vRw="},"chainType":1,"messageKeys":{}}},"pendingPreKey":{"signedKeyId":11,"baseKey":"BQKUpyxLHhfXU7OAShiBn0N7eewMn5BfT4xhhtqcVwJ2","preKeyId":8479250}}},"version":"v1"}