{"_sessions":{"BUVeKbhSbZ8Js1jUmepiVZhi9uBpeXxmaENSgtqYbEhc":{"registrationId":212043471,"currentRatchet":{"ephemeralKeyPair":{"pubKey":"BdWf8DECGKxoWNfVLnc1bNtobq5xEzbufY5A/SQLetIY","privKey":"mPMnESTKbbcXfVBL+xBb4+IU3x/m7dHEbJlQiRdPyGk="},"lastRemoteEphemeralKey":"BdbtiFPkX4q5IKMMkhe0rZbMEsBuY8YjCuE/MVTLF3ZJ","previousCounter":0,"rootKey":"xaPE2bTIY9/gPRgB2GZSClq1Pm4X4uWdXjSdpe0O2NQ="},"indexInfo":{"baseKey":"BUVeKbhSbZ8Js1jUmepiVZhi9uBpeXxmaENSgtqYbEhc","baseKeyType":1,"closed":-1,"used":1733208108623,"created":1733208108623,"remoteIdentityKey":"BTlSugTTuMvLgiIK/Zm2e0Hl6wbA0p/JsI3qDp0TjBcP"},"_chains":{"BdWf8DECGKxoWNfVLnc1bNtobq5xEzbufY5A/SQLetIY":{"chainKey":{"counter":2,"key":"/Ep/jSyXBjM4az3EfSY3PPI9TAB1tRf4UxEsffEkhTo="},"chainType":1,"messageKeys":{}}},"pendingPreKey":{"signedKeyId":3,"baseKey":"BUVeKbhSbZ8Js1jUmepiVZhi9uBpeXxmaENSgtqYbEhc","preKeyId":16711070}}},"version":"v1"}