{"_sessions":{"BfiiwhUO8Q/AkAwJMeDBnMi35KePz94epqdz+nYY8gNr":{"registrationId":153,"currentRatchet":{"ephemeralKeyPair":{"pubKey":"BVUxfHlQuUYdBYRnKFD3r5Teq8wUlrLx5YWbNtz3K/Bs","privKey":"qD7MWxjBtMwiQ1o6SI5qK91hwFt1gReoShBvYyhN610="},"lastRemoteEphemeralKey":"BeS1fFknm1sFCjP+6hvCGq5YYugZFhqTaJMIgUOXTjlc","previousCounter":0,"rootKey":"MXuvoB1r9kOAgucYlGXJCyRudgSO12EiWnh/C/cgFSU="},"indexInfo":{"baseKey":"BfiiwhUO8Q/AkAwJMeDBnMi35KePz94epqdz+nYY8gNr","baseKeyType":2,"closed":1733208113740,"used":1733208029900,"created":1733208029900,"remoteIdentityKey":"BUYSbw1LE34CMI0PrzuItaE4uWUu/2veV91UCLTiuoVh"},"_chains":{"BeS1fFknm1sFCjP+6hvCGq5YYugZFhqTaJMIgUOXTjlc":{"chainKey":{"counter":20,"key":"n7L/qU1o2Guq7Hlfd0q3rEX4ZXuCmVch0RPCxVEEmRA="},"chainType":2,"messageKeys":{}},"BVUxfHlQuUYdBYRnKFD3r5Teq8wUlrLx5YWbNtz3K/Bs":{"chainKey":{"counter":0,"key":"Fnd1RNeQBX381fFzCfy7UNCy4U1m2Awy8JRF94uE6p8="},"chainType":1,"messageKeys":{}}}},"BUV8ebdtCEHk6ioIfLoNzZkeN5QXqdS0RtFPmWrK9R9L":{"registrationId":153,"currentRatchet":{"ephemeralKeyPair":{"pubKey":"BYbNlZuy9Oe+1F2jiboDD8nN0VyDDYQQ9B3vmO2UtYt1","privKey":"WPYomhlBVFXUUPBwGY+goYVSw8aJBNgUpUvLzTXZFEs="},"lastRemoteEphemeralKey":"BWlxoXEaaI/RZ9RY7ihXvOdKQfnZLDbAykmfa4KHw81a","previousCounter":0,"rootKey":"Ma2gLQWiTcbBI/d0qxA8ENcOCp4t8UBkG8ml05WwoxU="},"indexInfo":{"baseKey":"BUV8ebdtCEHk6ioIfLoNzZkeN5QXqdS0RtFPmWrK9R9L","baseKeyType":1,"closed":1733208115024,"used":1733208113738,"created":1733208113738,"remoteIdentityKey":"BUYSbw1LE34CMI0PrzuItaE4uWUu/2veV91UCLTiuoVh"},"_chains":{"BYbNlZuy9Oe+1F2jiboDD8nN0VyDDYQQ9B3vmO2UtYt1":{"chainKey":{"counter":0,"key":"5HFPuBKewEk+bstKRwYWFQmHAoEWPZcpaYSVrweJ4Mc="},"chainType":1,"messageKeys":{}}},"pendingPreKey":{"signedKeyId":1,"baseKey":"BUV8ebdtCEHk6ioIfLoNzZkeN5QXqdS0RtFPmWrK9R9L"}},"Bfz0/HQ+dvvqVn3J9rNPSgYYv+iE9pcM31ZFKfcgNlMc":{"registrationId":153,"currentRatchet":{"ephemeralKeyPair":{"pubKey":"BajM2tumrMypq2td/H5ogLammJif9TVkVngBCXI3fIFq","privKey":"qFx6apsLNaIbMhjOcAswk6d+VkH0epQT1BY/qg1ciH0="},"lastRemoteEphemeralKey":"BWlxoXEaaI/RZ9RY7ihXvOdKQfnZLDbAykmfa4KHw81a","previousCounter":0,"rootKey":"aTldpGvYH3nmw4Gpg3ZrCJ0GGffizh1EGM9xO/Lu58M="},"indexInfo":{"baseKey":"Bfz0/HQ+dvvqVn3J9rNPSgYYv+iE9pcM31ZFKfcgNlMc","baseKeyType":1,"closed":1733208116108,"used":1733208115021,"created":1733208115021,"remoteIdentityKey":"BUYSbw1LE34CMI0PrzuItaE4uWUu/2veV91UCLTiuoVh"},"_chains":{"BajM2tumrMypq2td/H5ogLammJif9TVkVngBCXI3fIFq":{"chainKey":{"counter":0,"key":"79iC1Dzv9iImV25AOgcVqASGbyDq2Nxhxx4rf2BUqWg="},"chainType":1,"messageKeys":{}}},"pendingPreKey":{"signedKeyId":1,"baseKey":"Bfz0/HQ+dvvqVn3J9rNPSgYYv+iE9pcM31ZFKfcgNlMc"}},"BQ5wgBty/SlDmJ5uZxYXdkkP8wMC7OKCcx+MuPZV+dZJ":{"registrationId":153,"currentRatchet":{"ephemeralKeyPair":{"pubKey":"BUm5MYgamakEyLBeeRphRlfxzj6IygLuirD3YYXMUlUK","privKey":"kOv+x0HK/uukmdpzSRLoxeGy7hity/xG2tG4kIw6wFE="},"lastRemoteEphemeralKey":"BWlxoXEaaI/RZ9RY7ihXvOdKQfnZLDbAykmfa4KHw81a","previousCounter":0,"rootKey":"6bW1UcuudnozR3fRne14tlU2Bs0+Vk6s/iaXr6uV3Vw="},"indexInfo":{"baseKey":"BQ5wgBty/SlDmJ5uZxYXdkkP8wMC7OKCcx+MuPZV+dZJ","baseKeyType":1,"closed":1733208121416,"used":1733208116106,"created":1733208116106,"remoteIdentityKey":"BUYSbw1LE34CMI0PrzuItaE4uWUu/2veV91UCLTiuoVh"},"_chains":{"BUm5MYgamakEyLBeeRphRlfxzj6IygLuirD3YYXMUlUK":{"chainKey":{"counter":0,"key":"dH0baJvk80Lr36ebOU5OUMf+LTnWRgAw+yHnTGHtMd8="},"chainType":1,"messageKeys":{}}},"pendingPreKey":{"signedKeyId":1,"baseKey":"BQ5wgBty/SlDmJ5uZxYXdkkP8wMC7OKCcx+MuPZV+dZJ"}},"BbOXtFjv00ThxRf61KUyxbpemX2veSDe8cZdrg4DFQhj":{"registrationId":153,"currentRatchet":{"ephemeralKeyPair":{"pubKey":"BUDwzVUMhX2fAQWRLQwUW6YGRzgbdZnmdHmKC3GxW6Yj","privKey":"IIxNjDrpRxA5wz0V17t34Tcp2HrmWfNiIAO2m70m2GY="},"lastRemoteEphemeralKey":"BWlxoXEaaI/RZ9RY7ihXvOdKQfnZLDbAykmfa4KHw81a","previousCounter":0,"rootKey":"C8Xt0e0+/F9T0qaSNDHOPjnP416abWij9u8a1ImngzE="},"indexInfo":{"baseKey":"BbOXtFjv00ThxRf61KUyxbpemX2veSDe8cZdrg4DFQhj","baseKeyType":1,"closed":1733208123152,"used":1733208121415,"created":1733208121415,"remoteIdentityKey":"BUYSbw1LE34CMI0PrzuItaE4uWUu/2veV91UCLTiuoVh"},"_chains":{"BUDwzVUMhX2fAQWRLQwUW6YGRzgbdZnmdHmKC3GxW6Yj":{"chainKey":{"counter":0,"key":"Jgr883si6PK/3XJpUEFcxjbxgEsBM87No0BlPB4RrT0="},"chainType":1,"messageKeys":{}}},"pendingPreKey":{"signedKeyId":1,"baseKey":"BbOXtFjv00ThxRf61KUyxbpemX2veSDe8cZdrg4DFQhj"}},"Bc0eVccHxbd2sic/iSsn3iR81DCx/4tZdPy/AqHRLHpF":{"registrationId":153,"currentRatchet":{"ephemeralKeyPair":{"pubKey":"Bfzf0qWY/SR5y95BjcduTwEL4ORWsCVOjsgRysAkGd0B","privKey":"EO6DmwSXxhvRLmTY3+XbTlStTzXpBFgcn7rWBzunWE0="},"lastRemoteEphemeralKey":"BWGchKzpGcFwK+q2LlCKQnM+YdVpYJJGNCorZUi8qDAR","previousCounter":1,"rootKey":"YtzWN1nYP6aI9boCCu6r6Ezhk6oAMsIOwEhCJXmA0xE="},"indexInfo":{"baseKey":"Bc0eVccHxbd2sic/iSsn3iR81DCx/4tZdPy/AqHRLHpF","baseKeyType":1,"closed":-1,"used":1733213007455,"created":1733208123151,"remoteIdentityKey":"BUYSbw1LE34CMI0PrzuItaE4uWUu/2veV91UCLTiuoVh"},"_chains":{"BWGchKzpGcFwK+q2LlCKQnM+YdVpYJJGNCorZUi8qDAR":{"chainKey":{"counter":0,"key":"OXAnqjO5+mTuifzfWX+bi++8ie7aPGIz6p/IYlHNsic="},"chainType":2,"messageKeys":{}},"Bfzf0qWY/SR5y95BjcduTwEL4ORWsCVOjsgRysAkGd0B":{"chainKey":{"counter":-1,"key":"nDqL0zThhkkFxHkEHNefMgEo9ZkqOI3fCHWZreEcdjs="},"chainType":1,"messageKeys":{}}}}},"version":"v1"}