{"_sessions":{"BXyJZ86ONRNEGMhNZAyeRi9jZfQ1I3STmtVmnI2QyY06":{"registrationId":1790897973,"currentRatchet":{"ephemeralKeyPair":{"pubKey":"BYyAxDSyoKqT+DMvpWbtKINHW5kT2pukLveGChgvCy8T","privKey":"iPkZ7vbhMiVqqix79+ZE/xItd9tRJsnlKoCWQLrsBks="},"lastRemoteEphemeralKey":"BdviH0dgb3kwL85XRK66BmKgfBOkF0XrA8bEWL3TaURy","previousCounter":0,"rootKey":"AQ0iGyQ0r8KGGcaVku+FQ6fS1BLK0VDVSxYUf5fYRlY="},"indexInfo":{"baseKey":"BXyJZ86ONRNEGMhNZAyeRi9jZfQ1I3STmtVmnI2QyY06","baseKeyType":1,"closed":-1,"used":1733208108647,"created":1733208108647,"remoteIdentityKey":"BYZeLGqPsl8dvP5h/fo2FOJ+MYp00fwL9sAikdPHN3l5"},"_chains":{"BYyAxDSyoKqT+DMvpWbtKINHW5kT2pukLveGChgvCy8T":{"chainKey":{"counter":2,"key":"PgxzlRhpgRrvKG1FnvhNbs5a37fWQJZ1gPgkoeYaPMA="},"chainType":1,"messageKeys":{}}},"pendingPreKey":{"signedKeyId":18,"baseKey":"BXyJZ86ONRNEGMhNZAyeRi9jZfQ1I3STmtVmnI2QyY06","preKeyId":6063435}}},"version":"v1"}