{"_sessions":{"Bd9Q5MvDDChxf7QJ/nudpiD7g4sAVMSY56m4IlNh9Twu":{"registrationId":241074252,"currentRatchet":{"ephemeralKeyPair":{"pubKey":"BWNKpWqt/FM92A2izLKFCqcuf3MH1dWNriye0VmzqGVE","privKey":"UDBxNbD3CjzcKlAHxTzD13hQI5eRzrRm6L74iAZqPG8="},"lastRemoteEphemeralKey":"BcUtMofdXGhehHLc0bJ9rIkyiYNdKmLwplaITEyNHhxm","previousCounter":0,"rootKey":"ehnUfcrIzXe5DE3jo9YmCYUEPjQ50Tsq5oAHDR97FSI="},"indexInfo":{"baseKey":"Bd9Q5MvDDChxf7QJ/nudpiD7g4sAVMSY56m4IlNh9Twu","baseKeyType":1,"closed":-1,"used":1733208108471,"created":1733208108471,"remoteIdentityKey":"BWT9D7kIqN2c1wUlQuxyV7V4QBklCtTXrAkKPUvg98My"},"_chains":{"BWNKpWqt/FM92A2izLKFCqcuf3MH1dWNriye0VmzqGVE":{"chainKey":{"counter":2,"key":"VvVAqBLYL64plnHgJeESbJkjwRxs/RHdMDdqhnJgQLY="},"chainType":1,"messageKeys":{}}},"pendingPreKey":{"signedKeyId":0,"baseKey":"Bd9Q5MvDDChxf7QJ/nudpiD7g4sAVMSY56m4IlNh9Twu"}}},"version":"v1"}