{"_sessions":{"BatCl8kYunHPgTOlmbbHaoq80mLSK5XQuhOd6Ae1lG8e":{"registrationId":905890155,"currentRatchet":{"ephemeralKeyPair":{"pubKey":"BZVV9AZLBcicV3dhurPV4PLG8YwQgfVFQcw1GMFhnT11","privKey":"WI3C7kRfjLxzXK1HZEAjRcIgWI7rs0LFHF+jsx3Xb0Y="},"lastRemoteEphemeralKey":"BaRG0ViVzVn7OXngh4fslNBb9mADDjwKU83x6Zm/HI1N","previousCounter":0,"rootKey":"ybuNPBR8t2UfMf7yfNY2ehBEOD19rn/L4FioPLgsnc8="},"indexInfo":{"baseKey":"BatCl8kYunHPgTOlmbbHaoq80mLSK5XQuhOd6Ae1lG8e","baseKeyType":1,"closed":-1,"used":1733208108773,"created":1733208108773,"remoteIdentityKey":"BbAIzg1GevXcvlyFXlwh0Zvilu/Q0UHC8v39w5mHOv4U"},"_chains":{"BZVV9AZLBcicV3dhurPV4PLG8YwQgfVFQcw1GMFhnT11":{"chainKey":{"counter":2,"key":"sccE9itj0C7hf7zCs7BACb8Ad3EiKJ+nyysnnTD3RDE="},"chainType":1,"messageKeys":{}}},"pendingPreKey":{"signedKeyId":0,"baseKey":"BatCl8kYunHPgTOlmbbHaoq80mLSK5XQuhOd6Ae1lG8e"}}},"version":"v1"}