{"_sessions":{"BSB/vrvXWGJC1bkskuIZe7VYD73qyfWnGqZyMDTU3ixD":{"registrationId":646984303,"currentRatchet":{"ephemeralKeyPair":{"pubKey":"BQ6VS32B9IVuNdUg/xPHCmjRsDFFtXGsamfgC7mUIvld","privKey":"wIXxCFdLA9W4lmS5ktmNp+FtC8x82SRwnVGPDDltF1w="},"lastRemoteEphemeralKey":"BbUMAaxKPLU23M8thdEspIvZBGwC9/hHYUXABUN4CGc2","previousCounter":0,"rootKey":"//13XYKqiOvmmipWfkMvpmmgi0Fj7qNQmPfVqqvoHR8="},"indexInfo":{"baseKey":"BSB/vrvXWGJC1bkskuIZe7VYD73qyfWnGqZyMDTU3ixD","baseKeyType":2,"closed":-1,"used":1733207759261,"created":1733207759261,"remoteIdentityKey":"Bbmy5B870cAcq+5c0MyNmkzRtlKlYVIhzz2fBenaKJAk"},"_chains":{"BbUMAaxKPLU23M8thdEspIvZBGwC9/hHYUXABUN4CGc2":{"chainKey":{"counter":0,"key":"h7XxWlBqzB+vQ38H5e5G0lK7YesJ6X3kcrP1kCK5JL4="},"chainType":2,"messageKeys":{}},"BQ6VS32B9IVuNdUg/xPHCmjRsDFFtXGsamfgC7mUIvld":{"chainKey":{"counter":2,"key":"yckGwj+KtqxRXo1WCEFVezcn4l5zgdnDwAWgQyeZhvI="},"chainType":1,"messageKeys":{}}}}},"version":"v1"}