{"_sessions":{"BSDLIQPfesY03rPrWuoNUugINLVOznrtt6N69SVCAIAs":{"registrationId":1202402999,"currentRatchet":{"ephemeralKeyPair":{"pubKey":"BVjvJWdQWRlRZsul31shlIEFbEtoAo8ibCd3M8PsyyVw","privKey":"kGAPz2Xsv/itGOoKQL5pt1eSDLFGaCEL8/qgNnhGi1s="},"lastRemoteEphemeralKey":"BdBJSYrte1a0eIdhg9HDklNl86+7x/TPclawIUm+4yRo","previousCounter":0,"rootKey":"9UmUF/KIpSPDpJsiJcEr6r2YHqsM4ktezXsF7ypkpmg="},"indexInfo":{"baseKey":"BSDLIQPfesY03rPrWuoNUugINLVOznrtt6N69SVCAIAs","baseKeyType":1,"closed":-1,"used":1733208108593,"created":1733208108592,"remoteIdentityKey":"BXee1kPZ4EYt77UM8Y2p5359Tc45xUEMVnKZDELWD3cM"},"_chains":{"BVjvJWdQWRlRZsul31shlIEFbEtoAo8ibCd3M8PsyyVw":{"chainKey":{"counter":2,"key":"/ZN+hTzH4ORNFZxgvzVBJSNLrbs7+aI5peqBbEhCxa0="},"chainType":1,"messageKeys":{}}},"pendingPreKey":{"signedKeyId":2,"baseKey":"BSDLIQPfesY03rPrWuoNUugINLVOznrtt6N69SVCAIAs"}}},"version":"v1"}