{"_sessions":{"BWN6yI3e17iyj3WoKvXtyQCAJdGLdgT8yZ8xATGqteNs":{"registrationId":219,"currentRatchet":{"ephemeralKeyPair":{"pubKey":"BUxvFK1y169DcSLJxOmTIpclh027BAmvrhGKZkQPhkx8","privKey":"gNJ6hc5yUyofG8EGnF+Ne28fGuMTJWm67Ehaj1MSWkI="},"lastRemoteEphemeralKey":"BRi6fGCkSspwJa6EXGFotGvfX4Hd11wtCszHS5TvOsMe","previousCounter":0,"rootKey":"1UMbmPI1XGFnr1S/LtahXskwYIReKpmhOYyCbN3u+Kg="},"indexInfo":{"baseKey":"BWN6yI3e17iyj3WoKvXtyQCAJdGLdgT8yZ8xATGqteNs","baseKeyType":2,"closed":-1,"used":1733207766744,"created":1733207766744,"remoteIdentityKey":"BQMOdkipYC4AvBawSw4rybTer0DeQwEgB4qu0Gmwn7gZ"},"_chains":{"BRi6fGCkSspwJa6EXGFotGvfX4Hd11wtCszHS5TvOsMe":{"chainKey":{"counter":0,"key":"w7nR0B2JvAgQztgnHXJum6vhfHzvifhQ5nzStCzdfxk="},"chainType":2,"messageKeys":{}},"BUxvFK1y169DcSLJxOmTIpclh027BAmvrhGKZkQPhkx8":{"chainKey":{"counter":2,"key":"t0WU4jWKTQbcP6rK80w+xz0TYpxFnH08oG9J2S8nM5w="},"chainType":1,"messageKeys":{}}}}},"version":"v1"}