{"_sessions":{"BT2K+gZCIoDyuls9+tL/k32WhRfGOq//jG4vvdQUxGEV":{"registrationId":200,"currentRatchet":{"ephemeralKeyPair":{"pubKey":"BSxuqk4C7g4v0mkl9O78Afk9XDAaM1vdxwr9dOz2jPcB","privKey":"8K2e/E15gYx5JJKMoTll1FecXECw1BV9WqIigOOckVE="},"lastRemoteEphemeralKey":"Bebjp3ad7odhXYdLwUD3JPxsZ75FmGWJBfCMRd4Eqh0X","previousCounter":0,"rootKey":"oHDrzd8ejZnnwI/Z1TJDzD13f9tedQWu7lAU8GzSKJs="},"indexInfo":{"baseKey":"BT2K+gZCIoDyuls9+tL/k32WhRfGOq//jG4vvdQUxGEV","baseKeyType":1,"closed":-1,"used":1733208108270,"created":1733208108270,"remoteIdentityKey":"BbwFqg4FLGlE6Ldk/bofgDUXyS4qK8+CPHBYh3BuXntn"},"_chains":{"BSxuqk4C7g4v0mkl9O78Afk9XDAaM1vdxwr9dOz2jPcB":{"chainKey":{"counter":2,"key":"bivHJSFcQS8foHmL99QRVmA6xYBsD0fRJdlwfq/qyog="},"chainType":1,"messageKeys":{}}},"pendingPreKey":{"signedKeyId":1,"baseKey":"BT2K+gZCIoDyuls9+tL/k32WhRfGOq//jG4vvdQUxGEV"}}},"version":"v1"}