{"_sessions":{"BYOM7x7ARUyq4Z62PYTFiBmrv9nvuoLFeD8CGyQBjeZn":{"registrationId":1999285945,"currentRatchet":{"ephemeralKeyPair":{"pubKey":"BdDNu2IDMcPlVxZ9JSluYeXiQsAJ5GdE6g3uK5zTlpQY","privKey":"8P2uN11VWXUL7vmNGkyeRexC6KMkFCSfnXX9L+S/8Vg="},"lastRemoteEphemeralKey":"Bfvn4S9PXEMWlRrUa8F7K4MtaV3Tt7k//n2/Qaldwd4t","previousCounter":1,"rootKey":"QnUGMUPN3cvpwcGJF/FApmRRtZXfeUY6n/vjesB1lQI="},"indexInfo":{"baseKey":"BYOM7x7ARUyq4Z62PYTFiBmrv9nvuoLFeD8CGyQBjeZn","baseKeyType":2,"closed":1733139096177,"used":1733138661658,"created":1733137924951,"remoteIdentityKey":"BepNReZAw2Q/c4OIy1FDLLUkuz9OXXN7RPObRbdeEqEJ"},"_chains":{"BcPZpDmRCDXsJxk1uUOgG9Od92/AMVQesbcVCBwj7Zg8":{"chainKey":{"counter":8},"chainType":2,"messageKeys":{}},"BTy8dcFBEdDdHwFmSsU0Us6JuyoXLW02SZSv7mttrJRs":{"chainKey":{"counter":1},"chainType":2,"messageKeys":{}},"BchN5JRjJYXABD1HZcgCnl6joDTNaS7c9BUlHxFQqNtd":{"chainKey":{"counter":0},"chainType":2,"messageKeys":{}},"Bc73QEKF1Q6C/DwQ+L82tfFzVH7RjIjC7HivZAfUQKFq":{"chainKey":{"counter":0},"chainType":2,"messageKeys":{}},"BYMbmMmBHE9hJYYnPEnCswQ7rlMB80qYD6wJ8WHNYmZK":{"chainKey":{"counter":0},"chainType":2,"messageKeys":{}},"BT4ZZTgIvsQz4YBAD7BeK4cqiQVmnEcfZfXFFO72bNcl":{"chainKey":{"counter":0},"chainType":2,"messageKeys":{}},"BTGFFdRjxb72wYEHhpTL1Bnfn4GwyeU9ZPLpAKFNKMxW":{"chainKey":{"counter":0},"chainType":2,"messageKeys":{}},"Bf0cgA48PIXagw7vSn+t1wTCf3KTxzHOadNarN5TjPRY":{"chainKey":{"counter":0},"chainType":2,"messageKeys":{}},"BcKPCQUILQh1p43+mkHcDlVoO0EpbhoT8XIYe/2hwfM3":{"chainKey":{"counter":1},"chainType":2,"messageKeys":{}},"BSXA70RdaIfNCY2dLJsQclFGv+nd9XwwZWZ2ZRQpQfNY":{"chainKey":{"counter":0},"chainType":2,"messageKeys":{}},"Bfvn4S9PXEMWlRrUa8F7K4MtaV3Tt7k//n2/Qaldwd4t":{"chainKey":{"counter":0,"key":"FTsPT85RF+BI/jelup513cwzwE3k+0JbRq3kSpoFwY8="},"chainType":2,"messageKeys":{}},"BdDNu2IDMcPlVxZ9JSluYeXiQsAJ5GdE6g3uK5zTlpQY":{"chainKey":{"counter":10,"key":"OquiIXNNuEvv6QzgW1+Wt6KCyzEC4dKlsMStXUuo9y8="},"chainType":1,"messageKeys":{}}}},"BTJex7EhX84CtbsWGFytq4zNMIPxcOgQJEXSTsLzaJYy":{"registrationId":1999285945,"currentRatchet":{"ephemeralKeyPair":{"pubKey":"Be4xpyH+nV9q4UguvEIDUt8tszTixRU+LB4mnvDX0hd4","privKey":"YKNYaWqKOT4GSHeWilw/+mJIan6KlQ7eGAW6aafhc0U="},"lastRemoteEphemeralKey":"Baka+YsB8Vq5Oj7j72SkygoU6dgVRAgP1DpGgMiaxuV9","previousCounter":0,"rootKey":"r8XRJQoc/SqqZ5h8u/wFqcwWwHvlzX7gmF6yu4AP94o="},"indexInfo":{"baseKey":"BTJex7EhX84CtbsWGFytq4zNMIPxcOgQJEXSTsLzaJYy","baseKeyType":1,"closed":1733139373516,"used":1733139096175,"created":1733139096175,"remoteIdentityKey":"BepNReZAw2Q/c4OIy1FDLLUkuz9OXXN7RPObRbdeEqEJ"},"_chains":{"Be4xpyH+nV9q4UguvEIDUt8tszTixRU+LB4mnvDX0hd4":{"chainKey":{"counter":4,"key":"f/JPNlM7aJREQMgK7KKE85osb3arexLrAUrYc5aMFQQ="},"chainType":1,"messageKeys":{}}},"pendingPreKey":{"signedKeyId":4,"baseKey":"BTJex7EhX84CtbsWGFytq4zNMIPxcOgQJEXSTsLzaJYy","preKeyId":3304330}},"BSsyGlr4HEOVC26ZTXXz5f8z2JFv2L6tqPQ/uV3At3Ik":{"registrationId":1999285945,"currentRatchet":{"ephemeralKeyPair":{"pubKey":"BT+OV6nAheP/ANvKhJvcQhGL0i2xxavbzlesPrLOTudW","privKey":"qHDF/Y+VT7zQkNM8bW04XgFDEATnCQUxbdVO7UrMTHg="},"lastRemoteEphemeralKey":"Baka+YsB8Vq5Oj7j72SkygoU6dgVRAgP1DpGgMiaxuV9","previousCounter":0,"rootKey":"v0TKKNzGw+61nzNed1B2N2qBUjF/xEtT6ylO/7CZqNM="},"indexInfo":{"baseKey":"BSsyGlr4HEOVC26ZTXXz5f8z2JFv2L6tqPQ/uV3At3Ik","baseKeyType":1,"closed":1733139762669,"used":1733139373515,"created":1733139373515,"remoteIdentityKey":"BepNReZAw2Q/c4OIy1FDLLUkuz9OXXN7RPObRbdeEqEJ"},"_chains":{"BT+OV6nAheP/ANvKhJvcQhGL0i2xxavbzlesPrLOTudW":{"chainKey":{"counter":2,"key":"++HKyLcUkzc73Z27s4EwgmCfB/iczOY02aIUxsk5SdA="},"chainType":1,"messageKeys":{}}},"pendingPreKey":{"signedKeyId":4,"baseKey":"BSsyGlr4HEOVC26ZTXXz5f8z2JFv2L6tqPQ/uV3At3Ik","preKeyId":3304305}},"BTbbPwCCZS2dwu7e72nh9tM+apdMXlrI6sTxrKZ5+pcU":{"registrationId":1999285945,"currentRatchet":{"ephemeralKeyPair":{"pubKey":"BQ/ge3q+A4+2kTJqY7wZl8LN/l4v4VJ3RT/2Lgh7nFwy","privKey":"QOm53mm1FTgxVQWsw+h5pb86jKKasIJWKRwL97EiKkc="},"lastRemoteEphemeralKey":"Baka+YsB8Vq5Oj7j72SkygoU6dgVRAgP1DpGgMiaxuV9","previousCounter":0,"rootKey":"2lHSStAl3t2XX2mWIVCo0fCBRJ0oX7vyIT9NdcjjEnM="},"indexInfo":{"baseKey":"BTbbPwCCZS2dwu7e72nh9tM+apdMXlrI6sTxrKZ5+pcU","baseKeyType":1,"closed":1733140095457,"used":1733139762667,"created":1733139762667,"remoteIdentityKey":"BepNReZAw2Q/c4OIy1FDLLUkuz9OXXN7RPObRbdeEqEJ"},"_chains":{"BQ/ge3q+A4+2kTJqY7wZl8LN/l4v4VJ3RT/2Lgh7nFwy":{"chainKey":{"counter":1,"key":"NU2AZ8lIrHzo4CymjqQ4GtqQ0gP6s1cPO6b3mBC59y4="},"chainType":1,"messageKeys":{}}},"pendingPreKey":{"signedKeyId":4,"baseKey":"BTbbPwCCZS2dwu7e72nh9tM+apdMXlrI6sTxrKZ5+pcU","preKeyId":3304311}},"BSyoOfEVzOyv123d9LvuA1AmW46qxAgcTmTntrxtoZsG":{"registrationId":1999285945,"currentRatchet":{"ephemeralKeyPair":{"pubKey":"BQY6BLa6rhPX9Z1Fpd3nxcDVr5Qfnvfvria4Hy+xfv1h","privKey":"CFoMcuxuCZkJROrw69kp2nySYElg03IHsxFnD9r1vm8="},"lastRemoteEphemeralKey":"Baka+YsB8Vq5Oj7j72SkygoU6dgVRAgP1DpGgMiaxuV9","previousCounter":0,"rootKey":"+HkpjFasDEnpZOPF8yUb4/n3vwLeLEVniiyUGdhnjK0="},"indexInfo":{"baseKey":"BSyoOfEVzOyv123d9LvuA1AmW46qxAgcTmTntrxtoZsG","baseKeyType":1,"closed":1733141294925,"used":1733140095456,"created":1733140095456,"remoteIdentityKey":"BepNReZAw2Q/c4OIy1FDLLUkuz9OXXN7RPObRbdeEqEJ"},"_chains":{"BQY6BLa6rhPX9Z1Fpd3nxcDVr5Qfnvfvria4Hy+xfv1h":{"chainKey":{"counter":29,"key":"jQ+8sSKyF5ed3owXoDRHAtTrc4MJ5GMe26PZo0+87xY="},"chainType":1,"messageKeys":{}}},"pendingPreKey":{"signedKeyId":4,"baseKey":"BSyoOfEVzOyv123d9LvuA1AmW46qxAgcTmTntrxtoZsG","preKeyId":3304244}},"BSeYI//ATZije3m8bmu6uxqVd3vimrvhc7d2CHAmIBRH":{"registrationId":1999285945,"currentRatchet":{"ephemeralKeyPair":{"pubKey":"BcpcGV9d9MJu6WQipXgyoJhtyVL0c/hutfY5+/EGJsEj","privKey":"YN1F2VDDuhy/6a2gP9L4vhGGLRHfOfdIEOwIpxUJrFQ="},"lastRemoteEphemeralKey":"Baka+YsB8Vq5Oj7j72SkygoU6dgVRAgP1DpGgMiaxuV9","previousCounter":0,"rootKey":"HZg1h0WT1cU8o+Lv9enW8BaT0KQrDSHACbuPqhiyaA4="},"indexInfo":{"baseKey":"BSeYI//ATZije3m8bmu6uxqVd3vimrvhc7d2CHAmIBRH","baseKeyType":1,"closed":1733141324396,"used":1733141294923,"created":1733141294923,"remoteIdentityKey":"BepNReZAw2Q/c4OIy1FDLLUkuz9OXXN7RPObRbdeEqEJ"},"_chains":{"BcpcGV9d9MJu6WQipXgyoJhtyVL0c/hutfY5+/EGJsEj":{"chainKey":{"counter":0,"key":"gWIMXxoZe1ZJhO4gkqPD49i/dDD1RZWK+JpASd7evbo="},"chainType":1,"messageKeys":{}}},"pendingPreKey":{"signedKeyId":4,"baseKey":"BSeYI//ATZije3m8bmu6uxqVd3vimrvhc7d2CHAmIBRH","preKeyId":3304296}},"BRVHLovxL47mE1b/7vJ7LjjNDj8c/YToe8+lGD4OYtsz":{"registrationId":1999285945,"currentRatchet":{"ephemeralKeyPair":{"pubKey":"BfpSeiWHpWix+EcQReWDCmguF+pNDKzHPCBavn8JKFhK","privKey":"0AI0YxNxBfltzdiZw3Yy+lwzyxpSEIcBR2mIS/m+2UI="},"lastRemoteEphemeralKey":"Baka+YsB8Vq5Oj7j72SkygoU6dgVRAgP1DpGgMiaxuV9","previousCounter":0,"rootKey":"5Zjkjld6+K9ChHRI91ak1WepKg3jvqJW7uA8QznuC7s="},"indexInfo":{"baseKey":"BRVHLovxL47mE1b/7vJ7LjjNDj8c/YToe8+lGD4OYtsz","baseKeyType":1,"closed":1733141341320,"used":1733141324394,"created":1733141324394,"remoteIdentityKey":"BepNReZAw2Q/c4OIy1FDLLUkuz9OXXN7RPObRbdeEqEJ"},"_chains":{"BfpSeiWHpWix+EcQReWDCmguF+pNDKzHPCBavn8JKFhK":{"chainKey":{"counter":0,"key":"Ik8z/j7y5w0RbILUlNN92JHYKZR1sKruEZlxiCwlbI0="},"chainType":1,"messageKeys":{}}},"pendingPreKey":{"signedKeyId":4,"baseKey":"BRVHLovxL47mE1b/7vJ7LjjNDj8c/YToe8+lGD4OYtsz","preKeyId":3304362}},"BQ1TBiMrzYvD3ejriv9NtsmkQh1jxRlyN+FAH0FJY79Q":{"registrationId":1999285945,"currentRatchet":{"ephemeralKeyPair":{"pubKey":"BT7I3EntX+MQC59G1SZXfL+sdCfBMY8gvqqSjyeOmIlv","privKey":"0K1DGk89M5iHr447iTf3LNbAQNJBmDPPpNJmspx8q0c="},"lastRemoteEphemeralKey":"Baka+YsB8Vq5Oj7j72SkygoU6dgVRAgP1DpGgMiaxuV9","previousCounter":0,"rootKey":"Z0csWPdIBfmp0Fr68dSVLrEvZPDAh32oJ/GwdgsPQWQ="},"indexInfo":{"baseKey":"BQ1TBiMrzYvD3ejriv9NtsmkQh1jxRlyN+FAH0FJY79Q","baseKeyType":1,"closed":1733141342834,"used":1733141341318,"created":1733141341318,"remoteIdentityKey":"BepNReZAw2Q/c4OIy1FDLLUkuz9OXXN7RPObRbdeEqEJ"},"_chains":{"BT7I3EntX+MQC59G1SZXfL+sdCfBMY8gvqqSjyeOmIlv":{"chainKey":{"counter":0,"key":"MGYUdg9s8HQyILg0eO8u7w9NkFc6K+ykS9wQguO158M="},"chainType":1,"messageKeys":{}}},"pendingPreKey":{"signedKeyId":4,"baseKey":"BQ1TBiMrzYvD3ejriv9NtsmkQh1jxRlyN+FAH0FJY79Q","preKeyId":3303868}},"BYz2VB2+GlX5ozsLyLI2dTefNwPFA6O4ZZdx1kSyw01I":{"registrationId":1999285945,"currentRatchet":{"ephemeralKeyPair":{"pubKey":"BQ19g2mXQeBdx+NmYlUG6X5evUnjRWQxkPG6/0yHwzUi","privKey":"oF3XzTuIe5VozzrIgh+aFu2h68JOVuYIudCFyX+NtV0="},"lastRemoteEphemeralKey":"BTTTL1Gk+0VkuWCFBxeygvuvXSqF734DuHjQuvNOlEYL","previousCounter":4,"rootKey":"Rbj7laAXsCF2Fm/Kayw3EDTV0cGDR+QIVMzWakqav2k="},"indexInfo":{"baseKey":"BYz2VB2+GlX5ozsLyLI2dTefNwPFA6O4ZZdx1kSyw01I","baseKeyType":1,"closed":-1,"used":1733213019017,"created":1733141342833,"remoteIdentityKey":"BepNReZAw2Q/c4OIy1FDLLUkuz9OXXN7RPObRbdeEqEJ"},"_chains":{"BZTmcZzQjqxa2NjtYoDikIS4MtCeRGM4kN/ToEYw5koV":{"chainKey":{"counter":1},"chainType":2,"messageKeys":{}},"BdjPxRXczEjqrgBmMkKovfEFlMNqz7bgooLGb5t4+1Y7":{"chainKey":{"counter":0},"chainType":2,"messageKeys":{}},"BY76lQHU0APMwKa2d6DWd8Nu46RfUKOFQ7XnQ1Q5PtIX":{"chainKey":{"counter":3},"chainType":2,"messageKeys":{}},"BaPKeOcad4ib2+f+n2jfNwq7ipnWYSCNhSVP4LSTb/wU":{"chainKey":{"counter":1},"chainType":2,"messageKeys":{}},"Ba2XWkYiEyqsHz25gDTuoKjRBE0s2gABy0lqfXkhjQAM":{"chainKey":{"counter":2},"chainType":2,"messageKeys":{}},"BfM0OdZxxMlTYTn5M66Hdh5858KvNGtr2TdZnjl4KPd3":{"chainKey":{"counter":1},"chainType":2,"messageKeys":{}},"BefeysKorPc1JOpaExVjPeT/stqHI2XleruNKkeop04J":{"chainKey":{"counter":0},"chainType":2,"messageKeys":{}},"BZvNmvfWoEpbiY9en6IlqlhsWwvn/KpP+h78n5/+w0Ex":{"chainKey":{"counter":0},"chainType":2,"messageKeys":{}},"BQbyhinHqT1IJdfHfZQHby7vv5hc7H0cwHqKL/wG8s0x":{"chainKey":{"counter":0},"chainType":2,"messageKeys":{}},"BUOZu+gdZjOWwCptwRaNWALnnoy8TUcY5auRo5hkHME9":{"chainKey":{"counter":0},"chainType":2,"messageKeys":{}},"BU+pdCCx4jKiERq1B1NCN420muyCaA6gWer0yCP3aBJy":{"chainKey":{"counter":0},"chainType":2,"messageKeys":{}},"BTTTL1Gk+0VkuWCFBxeygvuvXSqF734DuHjQuvNOlEYL":{"chainKey":{"counter":0,"key":"ajEmPdq8FInjmVH9HH3UiReEDO/WM9zDW4EegyJnlj8="},"chainType":2,"messageKeys":{}},"BQ19g2mXQeBdx+NmYlUG6X5evUnjRWQxkPG6/0yHwzUi":{"chainKey":{"counter":-1,"key":"j4MDQpdwyTbPs/f0ttldMgQfu2TEar78Rhb/7uAo+y0="},"chainType":1,"messageKeys":{}}}}},"version":"v1"}