{"_sessions":{"BQk0D+oNQbaxBSUlFFC9r64YzcP5L0WhV6kPptzEJq4l":{"registrationId":1902416561,"currentRatchet":{"ephemeralKeyPair":{"pubKey":"BXuXOmac03piP1Nd4LEXet+0d7HJxxAuWnIiB1jtQGcu","privKey":"yKA69ksMddUw5gY8+8QU+QXlFru+Mo2XtIBeHCZBSlQ="},"lastRemoteEphemeralKey":"BSy2MfK7xCVvudKcqXrY8eYjUAofGYcPzalDQw863QpE","previousCounter":0,"rootKey":"CA2sKDw4bCkuE4Sdox0Gv0hq1HhpHdA6bpduMSEuVFU="},"indexInfo":{"baseKey":"BQk0D+oNQbaxBSUlFFC9r64YzcP5L0WhV6kPptzEJq4l","baseKeyType":1,"closed":-1,"used":1733208108879,"created":1733208108879,"remoteIdentityKey":"BV4Mkncf+NEuRTds0yao6pC0KDz8WcM95LlyzdIQFiIH"},"_chains":{"BXuXOmac03piP1Nd4LEXet+0d7HJxxAuWnIiB1jtQGcu":{"chainKey":{"counter":2,"key":"SejMUKcMWJNtA/5JQNW/frnPWHnB2KqQiFZQxUKZ+1U="},"chainType":1,"messageKeys":{}}},"pendingPreKey":{"signedKeyId":1,"baseKey":"BQk0D+oNQbaxBSUlFFC9r64YzcP5L0WhV6kPptzEJq4l","preKeyId":1192578}}},"version":"v1"}