{"_sessions":{"BZ3d7jhAYaDz1gr5b3ZpWP3yg+qVlzYLuQUm/jz2Zngm":{"registrationId":906480325,"currentRatchet":{"ephemeralKeyPair":{"pubKey":"BZNtxdFdfwMNTD8TlLsj/YEstOlMQ/xC5NIvCiAB46Zu","privKey":"OA5TlUpcZQz/Y5T5N1RovgJ8Ihv+ypcmTe6m/Ns7okQ="},"lastRemoteEphemeralKey":"BbAd/iwWQ6DMdLA4w232GE9CqBnM9KkYDB8Zm1bgBUcC","previousCounter":1,"rootKey":"OlhIj5wMBb9o7q/PtaNkbM2yz0lGT4bBcWbSHX6zrqg="},"indexInfo":{"baseKey":"BZ3d7jhAYaDz1gr5b3ZpWP3yg+qVlzYLuQUm/jz2Zngm","baseKeyType":1,"closed":-1,"used":1733208345262,"created":1733208108848,"remoteIdentityKey":"BYLQ9WXFCxqHGdKUT+TUXdYXA7gzNNntpg+aU+BXPn8T"},"_chains":{"BbAd/iwWQ6DMdLA4w232GE9CqBnM9KkYDB8Zm1bgBUcC":{"chainKey":{"counter":0,"key":"o4LawfPaGUUsbO0t0m2+C1/jI2OpDedJ82e1tVS+C8M="},"chainType":2,"messageKeys":{}},"BZNtxdFdfwMNTD8TlLsj/YEstOlMQ/xC5NIvCiAB46Zu":{"chainKey":{"counter":0,"key":"2I57RXYCvQqSvJPIK6DdTYItGAUQHLQi9acwqTJLcWQ="},"chainType":1,"messageKeys":{}}}}},"version":"v1"}