{"_sessions":{"BbNnD8VuQnznrhoD/vEGxoFPz+IrMlLj94Ekls/YrV96":{"registrationId":358590566,"currentRatchet":{"ephemeralKeyPair":{"pubKey":"BRQW8Tfjwbesn1SyC3dRoJn9nigNPj1oHwO56I4uN5ki","privKey":"2A0D8BbWg4Gye2HRjGv0WaVPuotHXqcR7WuIIogjmkw="},"lastRemoteEphemeralKey":"BR7yu9gqJvXOC1hSzA21ezCZSTJDnz480FtpXoZOMgdu","previousCounter":0,"rootKey":"wkzeco/NLJJboAIJ0+Z33E/6jflgJMTiUZtaVOANrhg="},"indexInfo":{"baseKey":"BbNnD8VuQnznrhoD/vEGxoFPz+IrMlLj94Ekls/YrV96","baseKeyType":1,"closed":-1,"used":1733208108274,"created":1733208108274,"remoteIdentityKey":"BTGc4kpW3rw8sYIXeBaUTRXK2rfZON6VpTtljjjkxeRs"},"_chains":{"BRQW8Tfjwbesn1SyC3dRoJn9nigNPj1oHwO56I4uN5ki":{"chainKey":{"counter":2,"key":"2k6CigTdkSeQxAAAgcqzF0Bf2XmGj+yJeMRH4phW/4k="},"chainType":1,"messageKeys":{}}},"pendingPreKey":{"signedKeyId":1,"baseKey":"BbNnD8VuQnznrhoD/vEGxoFPz+IrMlLj94Ekls/YrV96"}}},"version":"v1"}