{"_sessions":{"BXGR7yEMOAFb8MHssn2+lbjpAAR+pPx/IBd46GsPD/lm":{"registrationId":1913668767,"currentRatchet":{"ephemeralKeyPair":{"pubKey":"BdBSKXnkH3ubVix90kMumyqcFzPf1dmJnBpaKzyTX7YH","privKey":"GNBwldu2UmWV46KxjWxwNXnguQUPeuGhue6TZH85zm0="},"lastRemoteEphemeralKey":"Bcs8vv/UaIo4swNr9uRRBDGWstOSwekTxmXT2C3kLuNT","previousCounter":0,"rootKey":"AGu6NvvqDQOZ7R7jRedTBU3SyU6lFYJkP0A0o9UYZuU="},"indexInfo":{"baseKey":"BXGR7yEMOAFb8MHssn2+lbjpAAR+pPx/IBd46GsPD/lm","baseKeyType":1,"closed":-1,"used":1733208108514,"created":1733208108514,"remoteIdentityKey":"BW2dZBZSZFMqnwyjx5lCya+9/IuA5/QQlZ/RgPvF47Je"},"_chains":{"BdBSKXnkH3ubVix90kMumyqcFzPf1dmJnBpaKzyTX7YH":{"chainKey":{"counter":2,"key":"J2aN9YxeJ+iTycvW2JtsW1mvLg9+GkPtvXnUxuWJIzA="},"chainType":1,"messageKeys":{}}},"pendingPreKey":{"signedKeyId":13,"baseKey":"BXGR7yEMOAFb8MHssn2+lbjpAAR+pPx/IBd46GsPD/lm"}}},"version":"v1"}