{"_sessions":{"BfEvsOInvW5RIj2QE3VLw6/zEa3p7ouB/NSwNcQcvAMI":{"registrationId":3,"currentRatchet":{"ephemeralKeyPair":{"pubKey":"BQbn0uhBbhumOPNzD6CoCo98VW7v2/cdXfyuXoagUPIH","privKey":"QO+Yve5lkfW5CbA/C2sxxahik8gqtTlojGit9SyNnVc="},"lastRemoteEphemeralKey":"BbBAXJTN/WZS0oUWL4e5sbo/dDQX7nQkdUwHrwjWH9FT","previousCounter":0,"rootKey":"2loARkdCdc6OW87gpLCwTzCPU67kS5QI4BcCzapC5mw="},"indexInfo":{"baseKey":"BfEvsOInvW5RIj2QE3VLw6/zEa3p7ouB/NSwNcQcvAMI","baseKeyType":1,"closed":-1,"used":1733208108178,"created":1733208108178,"remoteIdentityKey":"BbAn3fQk34Tt9Jxbz8rlYVQVJge4LMq7sbRNF7PclXRQ"},"_chains":{"BQbn0uhBbhumOPNzD6CoCo98VW7v2/cdXfyuXoagUPIH":{"chainKey":{"counter":2,"key":"pW7Pf1qyy0m2/IsInoTB4weglK0fZ4/gifhsvAPQltM="},"chainType":1,"messageKeys":{}}},"pendingPreKey":{"signedKeyId":1,"baseKey":"BfEvsOInvW5RIj2QE3VLw6/zEa3p7ouB/NSwNcQcvAMI"}}},"version":"v1"}