{"_sessions":{"BXbBzO0fxdcTX4qd2imbxLox/Rv6GP/LJiWjhdu4Rm10":{"registrationId":8550,"currentRatchet":{"ephemeralKeyPair":{"pubKey":"BXhlpDuH2u173EZylMiDu4yd3fZSQieTCZZQGvXnavgt","privKey":"8K9fvp4vxDNB4FQp/tMRMtOMdul/uvQ2/9OnyEFRSXw="},"lastRemoteEphemeralKey":"Bf0ocL4K7iy0c3/LsOQ3vOMphS88S1b9GyrW335lGscz","previousCounter":0,"rootKey":"cUGPh5j4Gky0F1UO+gXT9yL5XfxB29gBldCk/h8bEYY="},"indexInfo":{"baseKey":"BXbBzO0fxdcTX4qd2imbxLox/Rv6GP/LJiWjhdu4Rm10","baseKeyType":1,"closed":-1,"used":1733208108417,"created":1733208108417,"remoteIdentityKey":"BSxI/HGlfB7f/hSGWIOWIg9H+qA0X4dP7dZvPav5d08+"},"_chains":{"BXhlpDuH2u173EZylMiDu4yd3fZSQieTCZZQGvXnavgt":{"chainKey":{"counter":2,"key":"6vB4JH2pwVat0nvlxKaKpOFXw0dBfmyrgLS56rE8VeA="},"chainType":1,"messageKeys":{}}},"pendingPreKey":{"signedKeyId":1,"baseKey":"BXbBzO0fxdcTX4qd2imbxLox/Rv6GP/LJiWjhdu4Rm10"}}},"version":"v1"}