{"_sessions":{"BePqDklYtekvOUzMy/PlgPaL2z9MLCOnYgDpPucWTzRU":{"registrationId":1522937040,"currentRatchet":{"ephemeralKeyPair":{"pubKey":"Bd3yeBuQou/6H/oVPGOr3IBgJom5iQV1v+5DhihKitUu","privKey":"uJm0IyYH7/Mcwxoskh4QDKfaur/Yqx7N4pjNYvOCjlw="},"lastRemoteEphemeralKey":"BRMGtWU5P3I0B0YQh81EFKykYJ9EdNpvGFnz0iWdAuYJ","previousCounter":0,"rootKey":"NP0vJYtALrlNQml4nwnUJ/eVNYewPRVj6GvMtr63u1c="},"indexInfo":{"baseKey":"BePqDklYtekvOUzMy/PlgPaL2z9MLCOnYgDpPucWTzRU","baseKeyType":1,"closed":-1,"used":1733208108560,"created":1733208108560,"remoteIdentityKey":"Bd8jyhLYgr1LcjMjhSlhz5ebuevyBz7nX0FZHR18Hp1G"},"_chains":{"Bd3yeBuQou/6H/oVPGOr3IBgJom5iQV1v+5DhihKitUu":{"chainKey":{"counter":2,"key":"40JWzUY/NqiXdaZlihmUtB2Kppm1X1kwm5pi/bbeQuk="},"chainType":1,"messageKeys":{}}},"pendingPreKey":{"signedKeyId":2,"baseKey":"BePqDklYtekvOUzMy/PlgPaL2z9MLCOnYgDpPucWTzRU","preKeyId":12708447}}},"version":"v1"}