{"_sessions":{"BU9xp59xYxG4mZHo5ed65jrxPs0KRwpCFmZledAeDa0s":{"registrationId":1399097963,"currentRatchet":{"ephemeralKeyPair":{"pubKey":"BRlqozYsa+XuSDOwhZ+YMgCaOlTtpmfVYeMFcWD5UI9h","privKey":"SCiXgRaGmYYys8aOpwFyR7oL7Mz3GWb3dKm84bfxSV8="},"lastRemoteEphemeralKey":"BUid+xgsEX7IN67BJrVts+d/JDjPt4xWLbPQj9xgXioQ","previousCounter":0,"rootKey":"hIkJ2x1PAclIUP7Crw3KgJmhGqGsS2FQK/R23CuyQyc="},"indexInfo":{"baseKey":"BU9xp59xYxG4mZHo5ed65jrxPs0KRwpCFmZledAeDa0s","baseKeyType":2,"closed":-1,"used":1733207760372,"created":1733207760372,"remoteIdentityKey":"Ba2xrFHa5NUSRdqab3PC6L4ftSdxTO0SQldw3DWMNNpN"},"_chains":{"BUid+xgsEX7IN67BJrVts+d/JDjPt4xWLbPQj9xgXioQ":{"chainKey":{"counter":0,"key":"7a0oHDLPrnxsv+ouKNwQb1I0LYIedddPCOmzPueFlTc="},"chainType":2,"messageKeys":{}},"BRlqozYsa+XuSDOwhZ+YMgCaOlTtpmfVYeMFcWD5UI9h":{"chainKey":{"counter":2,"key":"3jQ7foEGcudluD0gKVR+X371rRdwPPjID9ysLZyFeHA="},"chainType":1,"messageKeys":{}}}}},"version":"v1"}