{"_sessions":{"BRVclO9ModQE/AqNFejAOZvCevkMFJGDDF0NDwTbs0wh":{"registrationId":217,"currentRatchet":{"ephemeralKeyPair":{"pubKey":"BYReDCRvqLVA+88swb3JTgML8dsqJY/WbhSSuR6y8ZEO","privKey":"SDx0gzvBNvoQgvpborYor0jnSqStLhtfCT0BzE4h7Wo="},"lastRemoteEphemeralKey":"BY/JTpicn8HbuetdwKW1u0JZXabrNsGVn3rQVXpaR7ct","previousCounter":0,"rootKey":"OfDPLQBcWprNgP5iK6THNuqH9Cxd1vZKo7p7UsGvtMo="},"indexInfo":{"baseKey":"BRVclO9ModQE/AqNFejAOZvCevkMFJGDDF0NDwTbs0wh","baseKeyType":1,"closed":-1,"used":1733208108396,"created":1733208108396,"remoteIdentityKey":"BXCxO8Hg0qe4totKLHpe+iMnv0aGk5WEYDdhSQ6EEE1t"},"_chains":{"BYReDCRvqLVA+88swb3JTgML8dsqJY/WbhSSuR6y8ZEO":{"chainKey":{"counter":2,"key":"Nfzaz3bzuG01u0IC0MHty7CUdy0eNo2a8r5P3ZY/qkc="},"chainType":1,"messageKeys":{}}},"pendingPreKey":{"signedKeyId":1,"baseKey":"BRVclO9ModQE/AqNFejAOZvCevkMFJGDDF0NDwTbs0wh"}}},"version":"v1"}