{"_sessions":{"BdsbxZlocsw6fyojbEwMMCkt8N3BoFhtjit8fjIts05Y":{"registrationId":1523489294,"currentRatchet":{"ephemeralKeyPair":{"pubKey":"BTeD+qHGF64qklThIF+14L6NQGdySMFEsZLDZ6g1/ONl","privKey":"gC1LxyNYkictC7Os03JdNxooz4h2ewYuL/I8r1+gG1o="},"lastRemoteEphemeralKey":"BbgT8uHyKWALBVknauyfD4irwzNEhGiT6AJAgRcpr61y","previousCounter":0,"rootKey":"xchPS+EAOEQRgTMiv0LpEyYVrU753LhVWnQL2rui53Q="},"indexInfo":{"baseKey":"BdsbxZlocsw6fyojbEwMMCkt8N3BoFhtjit8fjIts05Y","baseKeyType":2,"closed":-1,"used":1733207768595,"created":1733207768595,"remoteIdentityKey":"BdQe99dD2xmH+W1Xu07d6QY9UmEfdL4LSSbyD8UHBCRA"},"_chains":{"BbgT8uHyKWALBVknauyfD4irwzNEhGiT6AJAgRcpr61y":{"chainKey":{"counter":0,"key":"/vO4atMdmCGklG/9oLpp9BG8IK7ziua8mdA6byrtV4E="},"chainType":2,"messageKeys":{}},"BTeD+qHGF64qklThIF+14L6NQGdySMFEsZLDZ6g1/ONl":{"chainKey":{"counter":2,"key":"feXauoFgkJRXyWHtl0LGziJODN2yuWNswkVckSHOhqE="},"chainType":1,"messageKeys":{}}}}},"version":"v1"}