{"_sessions":{"BQxnaI16wD1o0pJOQLfJPjj3V0LC6RNLb/XjhsFqCBhM":{"registrationId":1159510228,"currentRatchet":{"ephemeralKeyPair":{"pubKey":"BegoKh61cVq/+42k4+tNevJAjx2TU55UNPrvtmbtYDs0","privKey":"6AenbcGx3i0sOpjWW4tpjkOiIlWDfFhI9EyHGtm+blA="},"lastRemoteEphemeralKey":"BXLBN+qm3dUlYjOWxIJX+3EAX6nNz+Kk2XRagPtPZBFI","previousCounter":0,"rootKey":"HW5Nrd6gUH/QCHgHPn2nuQfsoKgb9ofikh05Mb+DpiQ="},"indexInfo":{"baseKey":"BQxnaI16wD1o0pJOQLfJPjj3V0LC6RNLb/XjhsFqCBhM","baseKeyType":1,"closed":-1,"used":1733139093100,"created":1733139093100,"remoteIdentityKey":"BSfGTQZksdcfJAejjm5AwSgHjPbFcqZnW+dUFPrYIF4v"},"_chains":{"BegoKh61cVq/+42k4+tNevJAjx2TU55UNPrvtmbtYDs0":{"chainKey":{"counter":9,"key":"i8IgOsWpo2pikVKaLoStni0qeEfLfQbwHCmi/08E/2U="},"chainType":1,"messageKeys":{}}},"pendingPreKey":{"signedKeyId":4,"baseKey":"BQxnaI16wD1o0pJOQLfJPjj3V0LC6RNLb/XjhsFqCBhM","preKeyId":9607654}}},"version":"v1"}