{"_sessions":{"Bf8YstW7P906AdgmSYH96purFHoVbgI6hDWqN1lcnaJa":{"registrationId":1712117887,"currentRatchet":{"ephemeralKeyPair":{"pubKey":"BXHYmfNdU8AxEQHBttXez3lJrzIacaCsj8mJoCM8oR4O","privKey":"eJV+NwMVVjw1SbGcWXxQfNALV9a8AYqewvKcGZDPaFY="},"lastRemoteEphemeralKey":"BfjidwKyCTt6J2gJVu8IhtR54L4PE8M7g9FqbGkyzuoY","previousCounter":1,"rootKey":"oXEFE3UZljxAlr+6kPoLPa00a4ujKJuqqW5tKzc/DjA="},"indexInfo":{"baseKey":"Bf8YstW7P906AdgmSYH96purFHoVbgI6hDWqN1lcnaJa","baseKeyType":1,"closed":1733144879468,"used":1733143972057,"created":1733137940231,"remoteIdentityKey":"BTAiMN4+IVk3MlYpCaTAIq+H+DxLflE+42mArNFycsQz"},"_chains":{"BWNy+vpaN9ixcsL3YSmqP/Rzt0yCGsLV/dOCPgcXdKJ5":{"chainKey":{"counter":0},"chainType":2,"messageKeys":{}},"BSSKvHa2ADl0tQ0j6oZIKh4qq5H+LuAJcqYNgHAMqZ91":{"chainKey":{"counter":0},"chainType":2,"messageKeys":{}},"BWAHpt9NnwSOxZtuo/ipFAMOkl+PaoGw/HhAr2tkdDZM":{"chainKey":{"counter":0},"chainType":2,"messageKeys":{}},"BZReKejcaCiTI9Bh091+UE8rzZbNlGp9HRaHA9k9p28a":{"chainKey":{"counter":0},"chainType":2,"messageKeys":{}},"BRpcBlTxnDyS0n75Um7Jbvv8t9aVblRS18/nMAUoJLg2":{"chainKey":{"counter":0},"chainType":2,"messageKeys":{}},"BaFciaTn5exlTkgeLQH9L1cd10NFoe67gvA85mgZzgwQ":{"chainKey":{"counter":0},"chainType":2,"messageKeys":{}},"BVJk3aL2yDaQ8cz1iBg/ygqqaopBcchhcGBOmSS5vs4j":{"chainKey":{"counter":0},"chainType":2,"messageKeys":{}},"BcG3FE6wpYSfZKqkUx1gwq8eMHvgGEDFQpi4Z5GXV94F":{"chainKey":{"counter":1},"chainType":2,"messageKeys":{}},"Babb6NaoAWu6jzwqBpdnSRhkTQrCL5n0KJ20g5lT4qdN":{"chainKey":{"counter":0},"chainType":2,"messageKeys":{}},"BUqufRLzfuhHUmJCuzlSomtZ/gucl3xu8eEtdE51ns0B":{"chainKey":{"counter":1},"chainType":2,"messageKeys":{}},"Bfwguv1Fu4ZOoGNYKVYo7iLWF2r3KLKMplVaYOyMcyY7":{"chainKey":{"counter":0},"chainType":2,"messageKeys":{}},"BaMmZ3cWNnVEmvcH81E7iklPxhyOVAkXiwrxm9+bYc55":{"chainKey":{"counter":0},"chainType":2,"messageKeys":{}},"Bf1jmeiPLtULh/COq7f18fofk3lyDZM8/n3yOAVh0XV4":{"chainKey":{"counter":0},"chainType":2,"messageKeys":{}},"BcrT6gPq83WQK7jGnIuI3N0aLZE/4vpQj1kUV9YlHz0Y":{"chainKey":{"counter":0},"chainType":2,"messageKeys":{}},"BTWaI2ejvg0ERmFfRrk/u905FXlvwbQIeUMQPFp2iZMs":{"chainKey":{"counter":0},"chainType":2,"messageKeys":{}},"BRiRlJCTiLmliwCavmmPppRQuIw8nMHfES1mprEPHMg6":{"chainKey":{"counter":1},"chainType":2,"messageKeys":{}},"Bc4ouSroq0KwfhsQ60NaKFtTodgGDdYYF/nBg824dcIp":{"chainKey":{"counter":3},"chainType":2,"messageKeys":{}},"BUr9Va2YwbanzRn7lNGX33MYfzZDpUizCI2gEPNVuAYs":{"chainKey":{"counter":2},"chainType":2,"messageKeys":{}},"BbSqCtaVcn8dWjzHwhsBU/FMgUazL28EfyA8XzQm3kAN":{"chainKey":{"counter":0},"chainType":2,"messageKeys":{}},"BfjidwKyCTt6J2gJVu8IhtR54L4PE8M7g9FqbGkyzuoY":{"chainKey":{"counter":1,"key":"Wr6RMyvaYoF7lOHWmB03LzGTB7gBdRdBATRYRYnXd50="},"chainType":2,"messageKeys":{}},"BXHYmfNdU8AxEQHBttXez3lJrzIacaCsj8mJoCM8oR4O":{"chainKey":{"counter":-1,"key":"JGkeCw0j86xNxdqGFlBfUdexgypxbPkEghf35iJ2iUw="},"chainType":1,"messageKeys":{}}}},"BQsAE9jddgYoDkTwFyIT2Oe8XcRNt9jQLP3hrOHDzr5V":{"registrationId":1712117887,"currentRatchet":{"ephemeralKeyPair":{"pubKey":"BSHVAf1yhVaqnoojKeBXIs87MkGBNmXDDhjzxAHSBnoW","privKey":"UApmXR66tM+s/L/NCDsVExyXT8LhGenUv59n5Lj6j0g="},"lastRemoteEphemeralKey":"BV2yQHjNRurnQq0DPpHmjljuiP97m4Dfz56c+sha5YlL","previousCounter":0,"rootKey":"L3oGFTGnTbitSMS59sGhTN/glC8EOeJu/kiNscUnrE4="},"indexInfo":{"baseKey":"BQsAE9jddgYoDkTwFyIT2Oe8XcRNt9jQLP3hrOHDzr5V","baseKeyType":2,"closed":-1,"used":1733213064296,"created":1733144879471,"remoteIdentityKey":"BTAiMN4+IVk3MlYpCaTAIq+H+DxLflE+42mArNFycsQz"},"_chains":{"BZkH5Ils4tVf375DR48eLXgIF38pTVYjxkrcFjeylRU9":{"chainKey":{"counter":0},"chainType":2,"messageKeys":{}},"BR0EciYumnVvTrLpRARHWziqZ+8QAqUgkYgbNAZmD4dn":{"chainKey":{"counter":0},"chainType":2,"messageKeys":{}},"BRpDNbhjgDHjPjeHrtcfpBayJ0ewYu8L4yCe1CtUtPoK":{"chainKey":{"counter":0},"chainType":2,"messageKeys":{}},"BRPNhm6e1MVlYLW0kZT/sqNi/+LWKxdO9xGKAU6XDaRz":{"chainKey":{"counter":1},"chainType":2,"messageKeys":{}},"BVQS7Hf6yrSBPVfiBMkvE47veToAO3QmofmJSbQwt4FX":{"chainKey":{"counter":0},"chainType":2,"messageKeys":{}},"BTkAXDs1eiVIxJqF/+qf7yuNV1otISh3BBQ8IHVEvRIN":{"chainKey":{"counter":0},"chainType":2,"messageKeys":{}},"BbjayY67PwkFr++BuCfZpgjZB0ucqARJHp8Z0+79K5wt":{"chainKey":{"counter":0},"chainType":2,"messageKeys":{}},"BSq5/8BofuWWJ4GwUJJ0JYeo8O44ItYMCT3oKTmy8Nc4":{"chainKey":{"counter":0},"chainType":2,"messageKeys":{}},"BREJDU8pQCUg0I8qJCI79/TEuzdjB3bdza9pIzIha74D":{"chainKey":{"counter":1},"chainType":2,"messageKeys":{}},"BSR/sN9J+RzXySXopUozOncxMjm0aALDMRBi0Req0Ftv":{"chainKey":{"counter":0},"chainType":2,"messageKeys":{}},"BUt/5SYMX6Ini3sMct/eU8aEjtKgvrtsYmayXu23dqA6":{"chainKey":{"counter":0},"chainType":2,"messageKeys":{}},"BSHlkUaEqEl5+E9+caJD3nq+z6tCW8NoqrB+0lh1MUAa":{"chainKey":{"counter":0},"chainType":2,"messageKeys":{}},"BUNhd8Y2GvQ3tSON1meIPna34V8yn+lTfFpaz4G6ozg0":{"chainKey":{"counter":0},"chainType":2,"messageKeys":{}},"BeWbfhYicvJDC2TWwFH2cuGujmCxr7PzV4gycGJUWUAx":{"chainKey":{"counter":0},"chainType":2,"messageKeys":{}},"BYWIwiGbfnX/N6p3mJS1+w/wmpfv7pSplz35fO6nsG0A":{"chainKey":{"counter":0},"chainType":2,"messageKeys":{}},"BbiHKFzvvZJsANPEyMHoG9GGExJv246sIgK0ZEtt4dsv":{"chainKey":{"counter":1},"chainType":2,"messageKeys":{}},"BRO08uHQV/GLwVksmdEZMN7Hdlvv39katVeBsO/kEEJ0":{"chainKey":{"counter":0},"chainType":2,"messageKeys":{}},"BWHBoGrVWJ+/6OXo6Ncj2YDaE5j+Ve8/rjziH49HPrRg":{"chainKey":{"counter":0},"chainType":2,"messageKeys":{}},"BcVrIJpK4zfIE7i/b3IiUdvpNKydsD8o4pczHhFhkd0L":{"chainKey":{"counter":0},"chainType":2,"messageKeys":{}},"BRWd9YYPqrrQPGlhiBX8WZFEEvWUTlor7E/9+DdmTdEu":{"chainKey":{"counter":0},"chainType":2,"messageKeys":{}},"BaKHSGp5KWVU7E0FBNyjfdKynqsDIiFfCggDB1h0fAx7":{"chainKey":{"counter":0},"chainType":2,"messageKeys":{}},"BXDvJTNdGAxG0ILJbIHYbR3kEjd5UN92ALrnLpnvgXYG":{"chainKey":{"counter":0},"chainType":2,"messageKeys":{}},"BZKFdak9B2QFGkfgZtdFSA5JQ5Bluq71eQKkdsqDCFRU":{"chainKey":{"counter":0},"chainType":2,"messageKeys":{}},"BVGqv55v/aWZEWAfiBHH72HfPQf57G0vStYU1CdFYMw+":{"chainKey":{"counter":0},"chainType":2,"messageKeys":{}},"BZWIsV6K/vc0uwt2ae4+4dNoGx4IJgSCEUaVLQQrUalC":{"chainKey":{"counter":0},"chainType":2,"messageKeys":{}},"BbbQ4QGsUmR4woy+5y556ugsvLjopbFCk/4Ez5FCXvY9":{"chainKey":{"counter":0},"chainType":2,"messageKeys":{}},"BYv7XnNOvQDkcdsa94vg8msi7E2zW/lTEgyL8c29Q/4U":{"chainKey":{"counter":0},"chainType":2,"messageKeys":{}},"BRCud9Va9yWrFS88J3n/VAxon9VhEwtd+a5/DaVhuP4A":{"chainKey":{"counter":0},"chainType":2,"messageKeys":{}},"BctCpvhTguYRrppZCX3naPdQwJt6VxGluAdXT1mrSeVL":{"chainKey":{"counter":0},"chainType":2,"messageKeys":{}},"BXAhBFM13/xkE4ML9gDZecncqqkURGNZtB/SWkkZ5adk":{"chainKey":{"counter":0},"chainType":2,"messageKeys":{}},"BVf+pTTgl8O6BTMy3rJ1yZYGKuNh3xHjY7bQVtJlPFgw":{"chainKey":{"counter":0},"chainType":2,"messageKeys":{}},"BchiSr6XeRYtkuPWtfYW+hOOOo/jaFaowcX3vOSg2q05":{"chainKey":{"counter":0},"chainType":2,"messageKeys":{}},"BUWANVvnptlJk+pboG03cxi7Xw2t2YkQC0YFcfgzZREm":{"chainKey":{"counter":0},"chainType":2,"messageKeys":{}},"BRjHaGBSOhGUZ7kLkPfevHlIOWQED7LrZmermmu8IQAK":{"chainKey":{"counter":0},"chainType":2,"messageKeys":{}},"BQYRbPI29+pBeFVgum1Oa48AipERK/NfUuQ58LHyzV9u":{"chainKey":{"counter":0},"chainType":2,"messageKeys":{}},"BYA4M0i/GPXDhZIRF6uShtjBRSXgI/YDlf4sKjNKlKAc":{"chainKey":{"counter":0},"chainType":2,"messageKeys":{}},"BfTb/4aIdXNfB7ESbLS1RoNGQMZON3ddEw6FFA3s51oZ":{"chainKey":{"counter":0},"chainType":2,"messageKeys":{}},"BRlZ6vXC8DMF7oT3+cuD8bURlLlnWcZTen9TRUbP19Uh":{"chainKey":{"counter":0},"chainType":2,"messageKeys":{}},"BXIrX4KBSBH14f7WDg3WAIj4aGScvy8y04fACqhRrvFx":{"chainKey":{"counter":0},"chainType":2,"messageKeys":{}},"BU7ECUDe2ITG5sNZYlZpLRCJ9Z1qyz5ScucoXzWPGfFq":{"chainKey":{"counter":1},"chainType":2,"messageKeys":{}},"BeppSYaLmhjkU5Wf47M5EZQjI5YkZw9dwmPhDI/wEMd/":{"chainKey":{"counter":0},"chainType":2,"messageKeys":{}},"BTqlRnoTF4HQz4DSmSv6OwVx4nsB66p/EI7mHXEJg3Fg":{"chainKey":{"counter":0},"chainType":2,"messageKeys":{}},"BZ/16uisEyUass/RcZFcg0aSjdFcnsS8BWxfZkUJniAK":{"chainKey":{"counter":0},"chainType":2,"messageKeys":{}},"BZBcG8rQV+7vzfzY0MYAn/qaTIxmZT27KBF4rKk2dixz":{"chainKey":{"counter":0},"chainType":2,"messageKeys":{}},"Ba2YGEw23cH/Mq3U+EPJoNYEbtJgmg/5erSoJt9/6Zh2":{"chainKey":{"counter":1},"chainType":2,"messageKeys":{}},"BZe3r8NQB+VAuaOCeQth/rH3Iyvxk/BolCwAiz2px859":{"chainKey":{"counter":0},"chainType":2,"messageKeys":{}},"BeVqJ/WPzS5HcSYgMVxt1Im7e7Xrlr0obBn/SowZQQIT":{"chainKey":{"counter":0},"chainType":2,"messageKeys":{}},"Bc4eLl1MSD1CEHhHvIDh+Dxxsli07kzSYXjN0+JpJX0P":{"chainKey":{"counter":0},"chainType":2,"messageKeys":{}},"Be5W/4Jr9kHKZ2r/PatENFofl8JHlS6n/rZxsn2sdfcU":{"chainKey":{"counter":0},"chainType":2,"messageKeys":{}},"BdCs7LmvHnvZVz5IVmy9m7Q5xm0rExs8OcJAx+aOsssK":{"chainKey":{"counter":0},"chainType":2,"messageKeys":{}},"BRP52w49xaw2DkSWWL2VSXx+uYR+W1t0RXbS4N1AhuAR":{"chainKey":{"counter":0},"chainType":2,"messageKeys":{}},"BdMvbYn5hnxOP1MBIYN+498L+FKEo3zV/Naiy755fOYH":{"chainKey":{"counter":0},"chainType":2,"messageKeys":{}},"BbcuS6IuukFoz+M+Ith7QfTvkjmA0Jvdd7zdvGkMxUog":{"chainKey":{"counter":0},"chainType":2,"messageKeys":{}},"BTkVs8kKNLQ2Niy5fWtxuj10fsA56NNmqKl/tTLCBKVQ":{"chainKey":{"counter":0},"chainType":2,"messageKeys":{}},"BVimkq9+FXIq6VgFQaI0NxAv7+rHQJO+m8XxJm5Ktrs5":{"chainKey":{"counter":0},"chainType":2,"messageKeys":{}},"BazyGGKFKXi6ezW5KT2sxhWrFTBJI9tw/ERLCVy2Diw4":{"chainKey":{"counter":0},"chainType":2,"messageKeys":{}},"BRTkgljYMxJFFgOnP54ChJsmvIJLsnWNlfNR4rqDcR0+":{"chainKey":{"counter":0},"chainType":2,"messageKeys":{}},"BZk59LGD6kNB4i7hLHD878Y9KaGu+yd7iMkXjvcp/Z56":{"chainKey":{"counter":0},"chainType":2,"messageKeys":{}},"Beokh7jS+Ris3mekCrz4uuA0tHToqIjy4wcTNiXS3L5S":{"chainKey":{"counter":0},"chainType":2,"messageKeys":{}},"BeP4YmpUaRwx9YmUsF8OFF/vYRBH6rhU8CjUQdDXl6Nb":{"chainKey":{"counter":0},"chainType":2,"messageKeys":{}},"BZCNwJpA1qeU+g9GLXHAiLVWGSo/CA+7FsYthP36NSE1":{"chainKey":{"counter":0},"chainType":2,"messageKeys":{}},"BexlwS97c10dPjaMYHYuTpaDNAYcLCrryUeRvbw5Ufcj":{"chainKey":{"counter":0},"chainType":2,"messageKeys":{}},"BZPKNcsNMuVlDhpgZFd2+3X28MRjpZheIv5PijIK/+YT":{"chainKey":{"counter":0},"chainType":2,"messageKeys":{}},"BYUG3j3pmxYJFtYuHEQrMwRc5JhJyl+IKwDyisGSuul4":{"chainKey":{"counter":0},"chainType":2,"messageKeys":{}},"BfrCC6/SogBzB/1wBcRtTE6kZrMgQqVIYGjUtYhbb31/":{"chainKey":{"counter":0},"chainType":2,"messageKeys":{}},"BSEAi3kp468DkdsdAYn5ZP3PnJlGOylyMHD2T3pKA/ta":{"chainKey":{"counter":0},"chainType":2,"messageKeys":{}},"Beo/+sHtXbDAr623nEZmlKfd4XBB7Li61vSlYjdDJMgA":{"chainKey":{"counter":1},"chainType":2,"messageKeys":{}},"BTx21cf+KbYnjvGUNBcW9x9PNVjcQfy5C9pI+pzz0qsr":{"chainKey":{"counter":0},"chainType":2,"messageKeys":{}},"BblZZ3397vym6u7xOo+U5s1PuLW7qzwuIXXdr5DcB4Bw":{"chainKey":{"counter":0},"chainType":2,"messageKeys":{}},"BV2yQHjNRurnQq0DPpHmjljuiP97m4Dfz56c+sha5YlL":{"chainKey":{"counter":0,"key":"fTw7dr8dQrqvIccgSIPHzDELBsuVhg1Ut+kdoBLf/Kk="},"chainType":2,"messageKeys":{}},"BSHVAf1yhVaqnoojKeBXIs87MkGBNmXDDhjzxAHSBnoW":{"chainKey":{"counter":-1,"key":"x2D7O7GuYOvxoBdphNsr1D4B3UCGCTNMhWtAAFiwM9M="},"chainType":1,"messageKeys":{}}}}},"version":"v1"}