{"_sessions":{"BWZdlxRO+YWxxoDVTZij9Xsb7Qassjh4BPUqOLOAnS4u":{"registrationId":1444238934,"currentRatchet":{"ephemeralKeyPair":{"pubKey":"BZM87DkBaZHsK/v9Vq6MBsdV+qbV8pYEJWg0jWg0XOQ6","privKey":"ANdRFq0vtNYx5MhQBl/wWz5BdVM2zF6Xij+h0x61j30="},"lastRemoteEphemeralKey":"BcyVHqN6F9TJfMniY8Mic1wVhsl6KPfwuIwrhfSLsPtq","previousCounter":0,"rootKey":"fqI7hVvkXRO12BeLOvQhm209Hkhf5heYR/mCtk1Xd+I="},"indexInfo":{"baseKey":"BWZdlxRO+YWxxoDVTZij9Xsb7Qassjh4BPUqOLOAnS4u","baseKeyType":1,"closed":-1,"used":1733208108582,"created":1733208108582,"remoteIdentityKey":"BUHPtZ1tzdf3lEl+pPJSjp1KmRS4ppiiMhl7pmLu1bFM"},"_chains":{"BZM87DkBaZHsK/v9Vq6MBsdV+qbV8pYEJWg0jWg0XOQ6":{"chainKey":{"counter":2,"key":"MgcDicPpRBMYaBKHwD2rPhfe1cDK4e2AoUhoz2MgeVc="},"chainType":1,"messageKeys":{}}},"pendingPreKey":{"signedKeyId":4375462,"baseKey":"BWZdlxRO+YWxxoDVTZij9Xsb7Qassjh4BPUqOLOAnS4u"}}},"version":"v1"}