{"_sessions":{"Bet3YFe3c3ZozKJX/GbqiPx6GWYOoamLFdYWuRaBHDoc":{"registrationId":114493646,"currentRatchet":{"ephemeralKeyPair":{"pubKey":"BW1rjk8e36OKHkMx981gPUaW2dWWi1oX/IivKqk2RrhQ","privKey":"iEnrp8Z10LP+BgE4Zt1M0qxSZdn+yiDjF0SL0W/zi0M="},"lastRemoteEphemeralKey":"BVbHb0Nf5FiC53ok1i8za1lV3GIwOkWBmJxCEhOes9Nf","previousCounter":0,"rootKey":"xNd0NDtfEDrJQm12pV/eNYsnQdK1NtjiiCCcliG4piM="},"indexInfo":{"baseKey":"Bet3YFe3c3ZozKJX/GbqiPx6GWYOoamLFdYWuRaBHDoc","baseKeyType":1,"closed":-1,"used":1733208108753,"created":1733208108753,"remoteIdentityKey":"BQIXBMGtuK0r3d89XCvRvbxMCvXpfGWoPAC39lqOxPJE"},"_chains":{"BW1rjk8e36OKHkMx981gPUaW2dWWi1oX/IivKqk2RrhQ":{"chainKey":{"counter":2,"key":"4sgVcEMu3jcSk1HTSVQkFoqDOWKPHjKUHBVP1Nr9Kjk="},"chainType":1,"messageKeys":{}}},"pendingPreKey":{"signedKeyId":0,"baseKey":"Bet3YFe3c3ZozKJX/GbqiPx6GWYOoamLFdYWuRaBHDoc"}}},"version":"v1"}