{"_sessions":{"BWl4QPmt5g1PFsWINL68g/rJB0BliaeTGYl5mVQWeFFh":{"registrationId":1149741101,"currentRatchet":{"ephemeralKeyPair":{"pubKey":"BUE8IczGafi4I7REmKVixiDWneJzTUy342Yrd7Lk6rca","privKey":"yHKTLwpjhE3YUxTwx6IMyR7Fx01g/E17s0UumYhxcXM="},"lastRemoteEphemeralKey":"BQWEvdMbjzTH+DOff6V/jhfs3CyR7p5hqHTbCkfbk8Bc","previousCounter":0,"rootKey":"AkRGoAS2D5R7APeGqJdYzZMxwOG91WXW2tN6eKkWdy8="},"indexInfo":{"baseKey":"BWl4QPmt5g1PFsWINL68g/rJB0BliaeTGYl5mVQWeFFh","baseKeyType":1,"closed":-1,"used":1733208108534,"created":1733208108534,"remoteIdentityKey":"BTkBbxPAYm02IrAgL73SfhiCUzDs9by2WAwjYuER0PNR"},"_chains":{"BUE8IczGafi4I7REmKVixiDWneJzTUy342Yrd7Lk6rca":{"chainKey":{"counter":2,"key":"pbnJ0VDenxONN4wdn03n0NsYlscGUqiwg9kIFsylCrk="},"chainType":1,"messageKeys":{}}},"pendingPreKey":{"signedKeyId":2,"baseKey":"BWl4QPmt5g1PFsWINL68g/rJB0BliaeTGYl5mVQWeFFh","preKeyId":3247436}}},"version":"v1"}