{"_sessions":{"BeAS+202yRJR7ToX/r6ulPzSKBTVAaREX60uWKRPszcS":{"registrationId":1538681546,"currentRatchet":{"ephemeralKeyPair":{"pubKey":"BRkhEWCy9ZqM16mR4sncRMpKxdvjyYn0iwyevEEJsFJI","privKey":"EFPqFXQXMe+786MqIIoeddjiERqU9VfsYxwMmzErCG8="},"lastRemoteEphemeralKey":"BbeM2DFVqdMuz67SXVWDXfM4/HQHXNjYrUMVh3Fih3tW","previousCounter":0,"rootKey":"PYrVhjfi+xQDWBL9ljM8MHFXUxAEhsqrtAYiG2ujxqE="},"indexInfo":{"baseKey":"BeAS+202yRJR7ToX/r6ulPzSKBTVAaREX60uWKRPszcS","baseKeyType":1,"closed":-1,"used":1733208108660,"created":1733208108660,"remoteIdentityKey":"Bbv145vLAgSItDAgJzZ6i2g94R/rnVYnUaVWuEt9TssB"},"_chains":{"BRkhEWCy9ZqM16mR4sncRMpKxdvjyYn0iwyevEEJsFJI":{"chainKey":{"counter":2,"key":"/n3Y/B2d/kA+SdgQzWJ6RyvDqCqsC3mnC2hl33+YfPg="},"chainType":1,"messageKeys":{}}},"pendingPreKey":{"signedKeyId":6,"baseKey":"BeAS+202yRJR7ToX/r6ulPzSKBTVAaREX60uWKRPszcS","preKeyId":6962411}}},"version":"v1"}