{"_sessions":{"BQJbKtsO4lHkqkXXX4+cKBpH5t+aS1vIfyk8IBTKKZsv":{"registrationId":1799638169,"currentRatchet":{"ephemeralKeyPair":{"pubKey":"BRCooXk0O1zhBqgWfrBB6OG4e4+R6hs/lc8Evg3Cj5t0","privKey":"iMKR8aPtsRVbg7xAhdTBAPeLCtqm4wDYa9+Q+/Fls1w="},"lastRemoteEphemeralKey":"BfkAYsqP1XLPbNgE/W5zDQKZwswEjdtMTc/s4Ul/d6FV","previousCounter":0,"rootKey":"lWV6CdsKLNVOY2HwKobiENXsMZTXUuBgavq7w3OHxEM="},"indexInfo":{"baseKey":"BQJbKtsO4lHkqkXXX4+cKBpH5t+aS1vIfyk8IBTKKZsv","baseKeyType":1,"closed":-1,"used":1733208108552,"created":1733208108552,"remoteIdentityKey":"BZV2fwaBil3Rx9Ussd0xdYQcHS9xMzNtMBHapjnNPT4R"},"_chains":{"BRCooXk0O1zhBqgWfrBB6OG4e4+R6hs/lc8Evg3Cj5t0":{"chainKey":{"counter":2,"key":"om9js7dRu7uPwqMEuFHkjL3RMZyL7uimmRKS7C2dg3E="},"chainType":1,"messageKeys":{}}},"pendingPreKey":{"signedKeyId":1,"baseKey":"BQJbKtsO4lHkqkXXX4+cKBpH5t+aS1vIfyk8IBTKKZsv"}}},"version":"v1"}