{"_sessions":{"BWhTfdGYz5jUGSqTWsAYAACyJEJIQcz4M51nXOMdp2tg":{"registrationId":225209496,"currentRatchet":{"ephemeralKeyPair":{"pubKey":"BXFCoXudFAOt5YwycY/uqjazjEoMvX80GUosfs36z2ci","privKey":"0JONrjd4Vzwywi0MmFWuYusEE6zaYYTDGW4Vw5pC3nw="},"lastRemoteEphemeralKey":"BQcNXqvy8JNAhlDQwcmy2GkwCvu5LcKMgTyg58qLcGF6","previousCounter":0,"rootKey":"xdb3WVq6IBdOyO6QAYEXFt+jnmE6GN/PKYa6WmtrvMk="},"indexInfo":{"baseKey":"BWhTfdGYz5jUGSqTWsAYAACyJEJIQcz4M51nXOMdp2tg","baseKeyType":1,"closed":-1,"used":1733208108762,"created":1733208108762,"remoteIdentityKey":"BfrHig5QUvPJm/Buqg2D3JAwTbuZhVFjnevRv/Mzu3Zv"},"_chains":{"BXFCoXudFAOt5YwycY/uqjazjEoMvX80GUosfs36z2ci":{"chainKey":{"counter":2,"key":"4UgyX8B8Q7a+vg1qmC1K7aF5+ubcZ95swqk6MP7L2lM="},"chainType":1,"messageKeys":{}}},"pendingPreKey":{"signedKeyId":0,"baseKey":"BWhTfdGYz5jUGSqTWsAYAACyJEJIQcz4M51nXOMdp2tg"}}},"version":"v1"}