{"_sessions":{"Bfnm77o9lEmRJUBJpIJoYyma0ZDRNZT7fWVf5wxN0P8Z":{"registrationId":137079162,"currentRatchet":{"ephemeralKeyPair":{"pubKey":"BTygUJf4K7ipwi9E6DGWQuko/NE8FRTSn6Kc2Uq4KZwc","privKey":"wDdIwFkpA3j1wN4my0yNEO9rc51pU9bUsUTL8/MxsXI="},"lastRemoteEphemeralKey":"BTrhzIXxAjY0psd/iUQJwtI4GP3r8YMGk5aq9Qef7pEo","previousCounter":0,"rootKey":"UNJcYiC5JhOKDkVES+6YjOSNOcK4Z/M7gUrYQL47mog="},"indexInfo":{"baseKey":"Bfnm77o9lEmRJUBJpIJoYyma0ZDRNZT7fWVf5wxN0P8Z","baseKeyType":1,"closed":-1,"used":1733208108595,"created":1733208108595,"remoteIdentityKey":"BTWgujTn7h1Kw5SMZDlPW9X4c42jiVcwcso4AfOaJbh+"},"_chains":{"BTygUJf4K7ipwi9E6DGWQuko/NE8FRTSn6Kc2Uq4KZwc":{"chainKey":{"counter":2,"key":"nzzxfC9SRuOyIAU9t6TAK2GU8O5w+9RCZrZYzn4dnqA="},"chainType":1,"messageKeys":{}}},"pendingPreKey":{"signedKeyId":8,"baseKey":"Bfnm77o9lEmRJUBJpIJoYyma0ZDRNZT7fWVf5wxN0P8Z"}}},"version":"v1"}