{"_sessions":{"BdABIe4kS0D6/yOvRpAmHOlfh3xSNPfvoMLWKVSo1F4b":{"registrationId":2112791330,"currentRatchet":{"ephemeralKeyPair":{"pubKey":"BZZjnGlDWQVJyPKgvmHXcJDapvAtsqjoRdqRfS/jS2tZ","privKey":"4GyE4zdGfSOdKfIKVgVwhnOXOoT61Qo+95bUUnxLgVE="},"lastRemoteEphemeralKey":"BblCh+bPRh79qrkMl5ohLBK1no0x+kcR2DI5QhZzzLZB","previousCounter":0,"rootKey":"6uQ1qLyLwgMp51jdM/9+gG0ss5Simk0pqtNTirJIc38="},"indexInfo":{"baseKey":"BdABIe4kS0D6/yOvRpAmHOlfh3xSNPfvoMLWKVSo1F4b","baseKeyType":1,"closed":-1,"used":1733208108518,"created":1733208108518,"remoteIdentityKey":"Bdm21GCWdCXrm5y5naAeZwEvyAb/N6MVT2kyZGe+p0Zq"},"_chains":{"BZZjnGlDWQVJyPKgvmHXcJDapvAtsqjoRdqRfS/jS2tZ":{"chainKey":{"counter":2,"key":"bokQugt5ZIHcfkfB9ll9HHYh2vphd8glrncLWYHgIto="},"chainType":1,"messageKeys":{}}},"pendingPreKey":{"signedKeyId":4,"baseKey":"BdABIe4kS0D6/yOvRpAmHOlfh3xSNPfvoMLWKVSo1F4b"}}},"version":"v1"}