{"_sessions":{"BWPEEZDUW8QXa6N0afy8qjNYHzt8uNFN9T8KxVCf6VBD":{"registrationId":1537988499,"currentRatchet":{"ephemeralKeyPair":{"pubKey":"BS1lHpZhYBeRP5TfXPCzZnqN10yHU/quSTdvhaA0B81G","privKey":"OMQNp13uVvIAdwWzPWY/FPg77htVfSadHC3iZ3HHsHE="},"lastRemoteEphemeralKey":"BUYqW9bnrl6VE3VMVlHflfwbdA6Xy2J14aAQBV9qyoVI","previousCounter":0,"rootKey":"JvywvX0ErhvwmYa6OZStVGa9uhOj7ZmQGVBRjgAl73I="},"indexInfo":{"baseKey":"BWPEEZDUW8QXa6N0afy8qjNYHzt8uNFN9T8KxVCf6VBD","baseKeyType":2,"closed":-1,"used":1733207766472,"created":1733207766472,"remoteIdentityKey":"BfJzwjdq8ApGX4emU7PfgLnanJkM50iPGjYerCzVKSdq"},"_chains":{"BUYqW9bnrl6VE3VMVlHflfwbdA6Xy2J14aAQBV9qyoVI":{"chainKey":{"counter":0,"key":"SyX9dMlx/QYs6Z5ApcM6VVm6aqFrc2W/P8dQ/ZCaJ/M="},"chainType":2,"messageKeys":{}},"BS1lHpZhYBeRP5TfXPCzZnqN10yHU/quSTdvhaA0B81G":{"chainKey":{"counter":2,"key":"/FlH6OfI1T8LDhiEugpDXrNbCYFjsYi5Z0AIQYHQL0U="},"chainType":1,"messageKeys":{}}}}},"version":"v1"}