{"_sessions":{"Ba6IF5O8ySppYzfBz3s5PwgKbfKmqtnZYhL6R7d2zXYy":{"registrationId":9267,"currentRatchet":{"ephemeralKeyPair":{"pubKey":"BX5iT3X+1WN6jtvRd0I6L7M3HlJrN9hGy4yyasynOZYa","privKey":"gDXTABGwJLjNU/h3QYMS7s8rPITQuNAX9cN9PwrYyGA="},"lastRemoteEphemeralKey":"BXv0iigYi10IU4b71tGGO1rc44oJW5U2RaU8s2jHJNYP","previousCounter":0,"rootKey":"PLCEu8k6tolvon6uS0VZ/gNo6OzZ1wVJCEZXadq+vjQ="},"indexInfo":{"baseKey":"Ba6IF5O8ySppYzfBz3s5PwgKbfKmqtnZYhL6R7d2zXYy","baseKeyType":1,"closed":-1,"used":1733208108071,"created":1733208108071,"remoteIdentityKey":"BUYOT6paqCxqFD4mFHfY9WWSYETs+jH82Ji/onpktPM1"},"_chains":{"BX5iT3X+1WN6jtvRd0I6L7M3HlJrN9hGy4yyasynOZYa":{"chainKey":{"counter":2,"key":"416HL3+syEz/UpySg38BhLWI8hY9tFa3qtZv15ajyXE="},"chainType":1,"messageKeys":{}}},"pendingPreKey":{"signedKeyId":1,"baseKey":"Ba6IF5O8ySppYzfBz3s5PwgKbfKmqtnZYhL6R7d2zXYy"}}},"version":"v1"}