{"_sessions":{"BQjsyLxi6DMzS6lnLYz2lsj8oXa/d9koJcw+D2qVWqgb":{"registrationId":47,"currentRatchet":{"ephemeralKeyPair":{"pubKey":"BcOhtUD2HFWgfoaDxfk0WAgaGaEIRl0G3IKDV/73pptp","privKey":"WDAINMpIC+qdFyyIBJc8mNKUy1VRghUYOgMVqRGjHXQ="},"lastRemoteEphemeralKey":"BffUAQBz5f6QUHbxykqstIh7cZ1eyHuQsKaNkobEge9D","previousCounter":0,"rootKey":"1m6Z1lIz7s2Xj2BvgMyzNuX0IowPgt8cTWYoqySZI/8="},"indexInfo":{"baseKey":"BQjsyLxi6DMzS6lnLYz2lsj8oXa/d9koJcw+D2qVWqgb","baseKeyType":1,"closed":-1,"used":1733208108415,"created":1733208108415,"remoteIdentityKey":"Bf1cHmImlNSeP+ftc6t6GEdhgU4JfDELxFfFQFT+xehW"},"_chains":{"BcOhtUD2HFWgfoaDxfk0WAgaGaEIRl0G3IKDV/73pptp":{"chainKey":{"counter":2,"key":"CFF5oKkp0s9pbOL581jvQ2jjd5+7bAHT/dTyn+1ZpfE="},"chainType":1,"messageKeys":{}}},"pendingPreKey":{"signedKeyId":1,"baseKey":"BQjsyLxi6DMzS6lnLYz2lsj8oXa/d9koJcw+D2qVWqgb"}}},"version":"v1"}