{"_sessions":{"BUYv8ne9Kb7jpShaHNwWosKdVKPSeaZGZKPZgiJEX80H":{"registrationId":100,"currentRatchet":{"ephemeralKeyPair":{"pubKey":"BQZHLfkgFxx+/0pwRgufaA3mNeKDWhMLCR8VWnOeIKUM","privKey":"ABisMvWRRIkYYzmGVfxaBraf1mf0jPu/lNAieAvlsV4="},"lastRemoteEphemeralKey":"BUi1bh8crqCojqDlJ+X7oUAbDxPQsLa13f6XAmuIOt5O","previousCounter":0,"rootKey":"NGqhxGRUnDS1SWzNVW0/merjd3KKMrJobNPvhuyV7Og="},"indexInfo":{"baseKey":"BUYv8ne9Kb7jpShaHNwWosKdVKPSeaZGZKPZgiJEX80H","baseKeyType":1,"closed":-1,"used":1733208533325,"created":1733208533325,"remoteIdentityKey":"BbnmTG0CgPMRpok2TUEOEfgIxq6lFkbFFmZKu7Wsf3V7"},"_chains":{"BQZHLfkgFxx+/0pwRgufaA3mNeKDWhMLCR8VWnOeIKUM":{"chainKey":{"counter":0,"key":"5x+WA9hkUv2x74wCUf/3Sdvuz+cplBQyXgth97j/lN8="},"chainType":1,"messageKeys":{}}},"pendingPreKey":{"signedKeyId":1,"baseKey":"BUYv8ne9Kb7jpShaHNwWosKdVKPSeaZGZKPZgiJEX80H","preKeyId":13}}},"version":"v1"}