{"_sessions":{"BQfJuqWobl0394T9ZYn6TBAcQS/cCkNcfc/9tQNGEXo3":{"registrationId":1345837864,"currentRatchet":{"ephemeralKeyPair":{"pubKey":"BVRZ2AgvaF7xRhe69QD2ererNc3LjSJjmaYLyqBAq5kK","privKey":"yIDm+JjwLYJ54ix7smTq15TBD10chdONgIBOcaKw21E="},"lastRemoteEphemeralKey":"BTD72OXVsNUwU2A7PXinVcrttibTkXVmqDeykYfeNOIu","previousCounter":0,"rootKey":"ITRtfR4AdD9O3FVq4WHkngqorATazr9mbY3r3kuaD1c="},"indexInfo":{"baseKey":"BQfJuqWobl0394T9ZYn6TBAcQS/cCkNcfc/9tQNGEXo3","baseKeyType":1,"closed":-1,"used":1733208108813,"created":1733208108813,"remoteIdentityKey":"Bc4N514xdlJDuC+OQTvp7nhmlVqZfMVomstf4S4sdUZG"},"_chains":{"BVRZ2AgvaF7xRhe69QD2ererNc3LjSJjmaYLyqBAq5kK":{"chainKey":{"counter":2,"key":"/PJp08OC1HCueXvIGoMLACs7QaHkBtGdQGurPQWRlWQ="},"chainType":1,"messageKeys":{}}},"pendingPreKey":{"signedKeyId":1,"baseKey":"BQfJuqWobl0394T9ZYn6TBAcQS/cCkNcfc/9tQNGEXo3"}}},"version":"v1"}