{"_sessions":{"BZiFQAb2FUSI5tOphhijsRQJtdoJgWjX74EoENbgP4wh":{"registrationId":1808786350,"currentRatchet":{"ephemeralKeyPair":{"pubKey":"Bf2qJ1SqoXOlQWJOB6XhU84hSk3tiapDaMyXOHDn4H1L","privKey":"MHQcf3v7i5bAEfU071lDXtNlhfEbtfYgBPIh2d62uEE="},"lastRemoteEphemeralKey":"BduaPxVv1zasVhFEyHIzYO7g8Q3zouFpeIwiIkKfHukv","previousCounter":0,"rootKey":"MjKtUxA6Ggqx0hrmS2JTyiv1fKrBoSWORig6ThqMvfo="},"indexInfo":{"baseKey":"BZiFQAb2FUSI5tOphhijsRQJtdoJgWjX74EoENbgP4wh","baseKeyType":1,"closed":-1,"used":1733208108570,"created":1733208108570,"remoteIdentityKey":"BS/z2dV5rvvbMRAGyUx2MgPnlza6Z13GwIFiDSVMFJUh"},"_chains":{"Bf2qJ1SqoXOlQWJOB6XhU84hSk3tiapDaMyXOHDn4H1L":{"chainKey":{"counter":2,"key":"BQ25PjKAkWwPkPa2b1WBHAbTEivBb4aZrZWmPzlxcmE="},"chainType":1,"messageKeys":{}}},"pendingPreKey":{"signedKeyId":3,"baseKey":"BZiFQAb2FUSI5tOphhijsRQJtdoJgWjX74EoENbgP4wh","preKeyId":5435999}}},"version":"v1"}