{"_sessions":{"BYCaZtulVrWJDpoDuyMR44uMI0xKKE6L8SkayNDwObdS":{"registrationId":1006918344,"currentRatchet":{"ephemeralKeyPair":{"pubKey":"BTXXwF8q0PzW57P+MLYyYjK2FW00AnZ0h3GwjjpCyONy","privKey":"iEsYGcAsnDdCtIVUGbWnZVk07qSTuIYEHBEYpOTlSlc="},"lastRemoteEphemeralKey":"BfLjwh+WBFQc9FyvrdXJTAZ4bOIXHCYUw6fk/zxwu4Ji","previousCounter":0,"rootKey":"z3wmPuHA/z4BUzFp5ytQTxzsoYW2ENmF+AmBm1dDzxg="},"indexInfo":{"baseKey":"BYCaZtulVrWJDpoDuyMR44uMI0xKKE6L8SkayNDwObdS","baseKeyType":2,"closed":-1,"used":1733207773054,"created":1733207773054,"remoteIdentityKey":"BWrS183CkUouhVK6QGHgUfI6R7IbPR/R2uz02WVa94UC"},"_chains":{"BfLjwh+WBFQc9FyvrdXJTAZ4bOIXHCYUw6fk/zxwu4Ji":{"chainKey":{"counter":0,"key":"RHnkq9Bkajjj7hIVCJ/ijLC3mBFzBP1ci/zCHDjChRo="},"chainType":2,"messageKeys":{}},"BTXXwF8q0PzW57P+MLYyYjK2FW00AnZ0h3GwjjpCyONy":{"chainKey":{"counter":2,"key":"3snoyTQSku8lZcG8P49bN36htXeXd93/jOr2PKOcv5E="},"chainType":1,"messageKeys":{}}}}},"version":"v1"}