{"_sessions":{"BUgMsHT7SIsoCEsPTzfrcba8UfuWSW114RMBRW8M6HkR":{"registrationId":1141642067,"currentRatchet":{"ephemeralKeyPair":{"pubKey":"BfgkhGpSFNzz1vihuuHk6U4hPMT7U9fKlR2jIXCP4shq","privKey":"yJASLgdxWG23+iJ+/LVvuBSjeY/qpVYnXYQi52KCA28="},"lastRemoteEphemeralKey":"BZ2mMdAwiMjfq47AvnbMo4z/zcJBbbeOQ8bGeelChM9J","previousCounter":0,"rootKey":"DXbm2Qfd/H/CENbXnSqKCQgnN/hN/eeYt44HpiA/EF8="},"indexInfo":{"baseKey":"BUgMsHT7SIsoCEsPTzfrcba8UfuWSW114RMBRW8M6HkR","baseKeyType":2,"closed":-1,"used":1733207756505,"created":1733207756505,"remoteIdentityKey":"BWzsqj0Q0/u2TPKtOISgly7LxZFL/Awt2coW2RbbtUd8"},"_chains":{"BZ2mMdAwiMjfq47AvnbMo4z/zcJBbbeOQ8bGeelChM9J":{"chainKey":{"counter":0,"key":"PX3ctp1mzIelliNX+pEJMizMSlsnjkv7tlOrEFwJvBs="},"chainType":2,"messageKeys":{}},"BfgkhGpSFNzz1vihuuHk6U4hPMT7U9fKlR2jIXCP4shq":{"chainKey":{"counter":2,"key":"t99oqAzoBE5XY7DqxBYhelf7YO3bxS7LfOr3PN3Y25E="},"chainType":1,"messageKeys":{}}}}},"version":"v1"}