{"_sessions":{"BT/4M4Or3fFDIiDWr+agYNiPJIu9pQ37YtfUacPd/n0k":{"registrationId":1393527498,"currentRatchet":{"ephemeralKeyPair":{"pubKey":"BaG/k9jiskfg97RlFvkHYxCgOxj3H1wG31DHp65WkcZT","privKey":"qGkgjgk1c/vkCdNoaDXc24uo4JdYrudk5ng12IRsgnk="},"lastRemoteEphemeralKey":"BfD4KLBEQqRVjorbObaENRYS+y9VljWdSwkJjpjpdVk/","previousCounter":0,"rootKey":"fCUZVLjD5cHclJ8k1R3q0i1Wzij/C3TZLWaI5MIdz/U="},"indexInfo":{"baseKey":"BT/4M4Or3fFDIiDWr+agYNiPJIu9pQ37YtfUacPd/n0k","baseKeyType":1,"closed":-1,"used":1733208108220,"created":1733208108220,"remoteIdentityKey":"BQa2T8bqhFAhTlxe+s8gzghUmJC/DsrJFJ0rIPj3jvZ+"},"_chains":{"BaG/k9jiskfg97RlFvkHYxCgOxj3H1wG31DHp65WkcZT":{"chainKey":{"counter":2,"key":"ESOALCxp8gYydR1ktWMZJVIfOwCH6yoYiYVXcL/bVI8="},"chainType":1,"messageKeys":{}}},"pendingPreKey":{"signedKeyId":1,"baseKey":"BT/4M4Or3fFDIiDWr+agYNiPJIu9pQ37YtfUacPd/n0k","preKeyId":7189}}},"version":"v1"}