{"_sessions":{"BfGhVlgIVJN0VI9LfLz4X/fnQMgHO8RtgmGeGdUtt7ou":{"registrationId":1877216440,"currentRatchet":{"ephemeralKeyPair":{"pubKey":"BQHYdwkFtOGsuPE2a9DoaqQUTITqhsk6pedyOkS1EbM/","privKey":"6Amy2udE4VKo+7fRRt9u9qT4eJG5FjJyE1BsJe16M0M="},"lastRemoteEphemeralKey":"BVRhVgcIGrikm50mabzBaV/0rUu50Cs2ABQSRHZP+Yxe","previousCounter":0,"rootKey":"iENPW0BNJP0ol3VkNr0dJM45XAsZ7GVcHmPNu6bJsA8="},"indexInfo":{"baseKey":"BfGhVlgIVJN0VI9LfLz4X/fnQMgHO8RtgmGeGdUtt7ou","baseKeyType":1,"closed":-1,"used":1733208108838,"created":1733208108838,"remoteIdentityKey":"BTNUyKgpkkMUa+50G/UvWBoJrf6Z0ySbtnRgC8+K7Vd3"},"_chains":{"BQHYdwkFtOGsuPE2a9DoaqQUTITqhsk6pedyOkS1EbM/":{"chainKey":{"counter":2,"key":"hC9qKA7EekAjGZEhHWU3ixp1oaSf4OR15qqDHF2z4kE="},"chainType":1,"messageKeys":{}}},"pendingPreKey":{"signedKeyId":1,"baseKey":"BfGhVlgIVJN0VI9LfLz4X/fnQMgHO8RtgmGeGdUtt7ou","preKeyId":10167966}}},"version":"v1"}