{"_sessions":{"BXMHWJxzkb0UBbfmyrKxg5qt3Vs840ICE8BYGi0+Y2ZT":{"registrationId":53,"currentRatchet":{"ephemeralKeyPair":{"pubKey":"BUMz3+OdZ7cjBdFgaUMYC3jHMuOdawbHVLs6zoUja+E7","privKey":"oKQBYLDeuVWX2Rhrhu2VvfRIkMmVJSabAEGxeUAfp0c="},"lastRemoteEphemeralKey":"Bdb2WJt65tzbW6NTSDxEfT3mszEYEWnHbdwVPm/hOtUO","previousCounter":0,"rootKey":"DtfI6LqCIdc+0dLNb7iYZ+xM/OxPajZVw605rO+3ptQ="},"indexInfo":{"baseKey":"BXMHWJxzkb0UBbfmyrKxg5qt3Vs840ICE8BYGi0+Y2ZT","baseKeyType":1,"closed":-1,"used":1733208108420,"created":1733208108420,"remoteIdentityKey":"BQdJlnJHmUTawxANLXYqCPScu7IPZmmvenil85JF9cMb"},"_chains":{"BUMz3+OdZ7cjBdFgaUMYC3jHMuOdawbHVLs6zoUja+E7":{"chainKey":{"counter":2,"key":"kSSZ+tlFj0H0h070c0O4yidgegeDLbT1jiMqUfWZ7UA="},"chainType":1,"messageKeys":{}}},"pendingPreKey":{"signedKeyId":1,"baseKey":"BXMHWJxzkb0UBbfmyrKxg5qt3Vs840ICE8BYGi0+Y2ZT"}}},"version":"v1"}