{"_sessions":{"BbU9MNa2Y8dm3h9IxBo2g8T5QcP2HGcv1QMWqfCxQfRe":{"registrationId":615944246,"currentRatchet":{"ephemeralKeyPair":{"pubKey":"BUEHUWnzlQ52yzBW+46mMIuBKNeezh4vnq2dfQAjAttC","privKey":"mN28Z11+x5WZpI2NlPo3vXmwNWZMOEahRvcq0pJ7jEE="},"lastRemoteEphemeralKey":"BQqeg2zpDRqa3OLVYHQykk5/FN2kZNW1YbJbU5tjRKc8","previousCounter":0,"rootKey":"VqJLUhFmvuUPuc5tsHxIZBmDbyq84UvivrvKIL7mGnE="},"indexInfo":{"baseKey":"BbU9MNa2Y8dm3h9IxBo2g8T5QcP2HGcv1QMWqfCxQfRe","baseKeyType":1,"closed":-1,"used":1733208108539,"created":1733208108539,"remoteIdentityKey":"BXt/2NDEUaDtIE8SbUQALC8eIhS5LKZacJFsgoaLvZEB"},"_chains":{"BUEHUWnzlQ52yzBW+46mMIuBKNeezh4vnq2dfQAjAttC":{"chainKey":{"counter":2,"key":"fmCV8XOmwD9fCWKWsdY/Vjtp5zfeiZk8LfguM2mww2Y="},"chainType":1,"messageKeys":{}}},"pendingPreKey":{"signedKeyId":0,"baseKey":"BbU9MNa2Y8dm3h9IxBo2g8T5QcP2HGcv1QMWqfCxQfRe","preKeyId":16720697}}},"version":"v1"}