{"_sessions":{"BeQP7BUA2OKtmMAyAKQnbC5bGv2Nd4VeMzLyiCZoXaJ5":{"registrationId":1446668545,"currentRatchet":{"ephemeralKeyPair":{"pubKey":"BRqFwQubpXDJBZ42JPtEIPp5yIj9Q1dmeIlsT92FNFR1","privKey":"qGzjklKg+VtMdsUbMVpvM59/xRL8IcTqROUsXUxq/X8="},"lastRemoteEphemeralKey":"BVkpwzVYGHLWS/9JwSyNdk+MH/eSyZU7r11QK9JhWPA8","previousCounter":0,"rootKey":"Hj9TeqwCU8kAFJDXp7Zk9+z76P393E/CyStPe4kM55s="},"indexInfo":{"baseKey":"BeQP7BUA2OKtmMAyAKQnbC5bGv2Nd4VeMzLyiCZoXaJ5","baseKeyType":1,"closed":-1,"used":1733208108731,"created":1733208108731,"remoteIdentityKey":"BTHPAYS3XAsxLvZrEX/FAzNreKJvcWnwi3dUb9zr4s0f"},"_chains":{"BRqFwQubpXDJBZ42JPtEIPp5yIj9Q1dmeIlsT92FNFR1":{"chainKey":{"counter":2,"key":"wBL7ruoLQscHj72TjRlQA0tSSMGd8JYQV1Lkt/Xm19g="},"chainType":1,"messageKeys":{}}},"pendingPreKey":{"signedKeyId":3,"baseKey":"BeQP7BUA2OKtmMAyAKQnbC5bGv2Nd4VeMzLyiCZoXaJ5","preKeyId":3262040}}},"version":"v1"}