{"_sessions":{"BRu21MBcWZ9lc6/+3n6tfqKUwbvfJm0pCffn68wfLfYf":{"registrationId":3503157431,"currentRatchet":{"ephemeralKeyPair":{"pubKey":"BUQvHxUGGQQ9A4yUIJIdzxvynv3uERS9xz5NtEfKlfg3","privKey":"oLcZ1+UNVA8n97iLBbL9odKqK95szx04oUDQoX5hgWw="},"lastRemoteEphemeralKey":"BWlyUuEpl2QkGHENNyhLvCCSySFH4Wg1/hgUtC6kVaYS","previousCounter":0,"rootKey":"kBvmu42pJENNil2OhL5x5ymKjG7D9nBDzJL1OXZnyGE="},"indexInfo":{"baseKey":"BRu21MBcWZ9lc6/+3n6tfqKUwbvfJm0pCffn68wfLfYf","baseKeyType":1,"closed":-1,"used":1733208108252,"created":1733208108252,"remoteIdentityKey":"Ba+CkVVIs+917Na0xnwYQUA8LM0byfGX83QwFIm4DckL"},"_chains":{"BUQvHxUGGQQ9A4yUIJIdzxvynv3uERS9xz5NtEfKlfg3":{"chainKey":{"counter":2,"key":"W5EcMIp4lU/gNS4aAri/DMzQSdklQ8y2+wdpKNrZN6s="},"chainType":1,"messageKeys":{}}},"pendingPreKey":{"signedKeyId":1,"baseKey":"BRu21MBcWZ9lc6/+3n6tfqKUwbvfJm0pCffn68wfLfYf"}}},"version":"v1"}