{"_sessions":{"BVl2saYrer0X9Z6mfMviUflOXy5ipNFKZ/UkWpKNYZsa":{"registrationId":1218469378,"currentRatchet":{"ephemeralKeyPair":{"pubKey":"Ba29rrV1P60qR+M7voWSE7HiRGPH0xVBOfLrTZUcOvEe","privKey":"0GqW6tnU9Dmz52v6MglabcIFTSaINu415MO5VSOBplU="},"lastRemoteEphemeralKey":"BRSJHwiErX6eC7VPtWDuEyug5lksijaLtNqWq7iXuABm","previousCounter":0,"rootKey":"1fYMN2T4gDTOWAGh4a7lLf95aSw6EYb6Z9BU0YKWYZM="},"indexInfo":{"baseKey":"BVl2saYrer0X9Z6mfMviUflOXy5ipNFKZ/UkWpKNYZsa","baseKeyType":2,"closed":-1,"used":1733207759556,"created":1733207759556,"remoteIdentityKey":"BW5WYzeew1ADKVC6L+DecyGWtgvXHj4FMTb5VyYdmT8a"},"_chains":{"BRSJHwiErX6eC7VPtWDuEyug5lksijaLtNqWq7iXuABm":{"chainKey":{"counter":0,"key":"aby+0sPyMxgF+s+hGCUJMdWs1cr4ezsrDMihPNRjS4M="},"chainType":2,"messageKeys":{}},"Ba29rrV1P60qR+M7voWSE7HiRGPH0xVBOfLrTZUcOvEe":{"chainKey":{"counter":2,"key":"Cjm3BlYM52ws2XNSlQxgLTT5Al4nH//ZnDgXlTaKSPM="},"chainType":1,"messageKeys":{}}}}},"version":"v1"}