{"_sessions":{"BQiObX3tlp1hpAWfwMk0eCJNBh/qzqyLXapDS/KDeBE7":{"registrationId":63,"currentRatchet":{"ephemeralKeyPair":{"pubKey":"BWlQgRwSbkUIDvcbYgDHPkgj8OZuoImj9ME/r2AK3YEV","privKey":"gBCXIwLapvjIk+gZIJYotw7XfwGqOp+cA2bKIVVr+VA="},"lastRemoteEphemeralKey":"BRQyTBeFpsR6L+I3BFvhdD544Bwj12X5uLZ8CeeHWel+","previousCounter":0,"rootKey":"oquVQHKE3iucb7SqjJrwRxuXmlZOYXpqArD4gV4ETEQ="},"indexInfo":{"baseKey":"BQiObX3tlp1hpAWfwMk0eCJNBh/qzqyLXapDS/KDeBE7","baseKeyType":1,"closed":-1,"used":1733208108024,"created":1733208108024,"remoteIdentityKey":"BRnUatBp2BGdR0tuTlGNPK+nKAFYHjGiZZd9aB6DmoMd"},"_chains":{"BWlQgRwSbkUIDvcbYgDHPkgj8OZuoImj9ME/r2AK3YEV":{"chainKey":{"counter":2,"key":"lW3v1LmhXccIxSQRtvf/+GYO60deEJtcJtlGJPY8Yho="},"chainType":1,"messageKeys":{}}},"pendingPreKey":{"signedKeyId":1,"baseKey":"BQiObX3tlp1hpAWfwMk0eCJNBh/qzqyLXapDS/KDeBE7"}}},"version":"v1"}