{"_sessions":{"BXz2NCGUkd8EFdjXfn1yHIafZzB5F9E8m7KGPovmloR8":{"registrationId":246,"currentRatchet":{"ephemeralKeyPair":{"pubKey":"BRGXLumzOaHbun8bPlQc1r3Ax2UwcKYK8/J40qgJL8Rv","privKey":"KPm1H8vIBUozQiJVD3QYpG9CdgucxgM5cG7SUFJ2nHc="},"lastRemoteEphemeralKey":"BSsn589Nm/mDqO2WEFMgFLRpyP2jH6dZ5xsHd/N/ZtdT","previousCounter":0,"rootKey":"/IZhBpvn/0RR4Cwkx48C7j4ePRYaW7MPy9iiAcTvTmI="},"indexInfo":{"baseKey":"BXz2NCGUkd8EFdjXfn1yHIafZzB5F9E8m7KGPovmloR8","baseKeyType":1,"closed":-1,"used":1733208108162,"created":1733208108162,"remoteIdentityKey":"BTyLd1Vh2BojiffFViM2MO76HdsXeP5qk6WWs/+eK4dR"},"_chains":{"BRGXLumzOaHbun8bPlQc1r3Ax2UwcKYK8/J40qgJL8Rv":{"chainKey":{"counter":2,"key":"Vw3bP9XKI9YnGSm+a2+eYUWddXHi4i3uNdEP/AjXep8="},"chainType":1,"messageKeys":{}}},"pendingPreKey":{"signedKeyId":1,"baseKey":"BXz2NCGUkd8EFdjXfn1yHIafZzB5F9E8m7KGPovmloR8"}}},"version":"v1"}