{"_sessions":{"BboD0IoIOa5IJPRnMv28XCtO7q3mJJ/okhMKZYebVt1j":{"registrationId":2047269613,"currentRatchet":{"ephemeralKeyPair":{"pubKey":"BegC7+yczhlnah7Az5adcHJXg9jqV/8ayXPz/EjbHsJB","privKey":"aGG795tdwsKqxKsiF0qy0lcY5wru76mBcLwAHGzNY1o="},"lastRemoteEphemeralKey":"BbIUiZGV8scA5RuOEEHhxlRZi7weFbbpVHcmTnZPhFBf","previousCounter":0,"rootKey":"QvrNI9CnS5fhZm9d13h1n3o6mVmNJEyGo7HbPwUigbA="},"indexInfo":{"baseKey":"BboD0IoIOa5IJPRnMv28XCtO7q3mJJ/okhMKZYebVt1j","baseKeyType":1,"closed":-1,"used":1733208108615,"created":1733208108615,"remoteIdentityKey":"BVEFUU+Zr90Z4vz90p2i8tKSMCKexQoZryYyRVrr4LJZ"},"_chains":{"BegC7+yczhlnah7Az5adcHJXg9jqV/8ayXPz/EjbHsJB":{"chainKey":{"counter":2,"key":"1MppJ9jO7GT4Z3NCOXlsh2hKEfGA+SK4/vqoG6UcODs="},"chainType":1,"messageKeys":{}}},"pendingPreKey":{"signedKeyId":0,"baseKey":"BboD0IoIOa5IJPRnMv28XCtO7q3mJJ/okhMKZYebVt1j","preKeyId":5395989}}},"version":"v1"}