{"_sessions":{"BehYw8TEx4oEmalmRZrQ2Q2j8H6rxLx6n0QTQJYZGQUF":{"registrationId":201,"currentRatchet":{"ephemeralKeyPair":{"pubKey":"BQGc1LUvZMXM4DbfrUk+AoKflhpuvpSIRzFH0MsqXnQs","privKey":"COcQEM/CzvdtHt7B6ZbhXpn5LZhgZhs+XtcYGmipyFE="},"lastRemoteEphemeralKey":"BZAU5F2WO+geoWSyGGoAVWJKNOcpkjWXUzAbNh06mBUl","previousCounter":0,"rootKey":"bsSAIP9sc+3opedKLc/A0n7kDFirLKRCSvcn/jfV6NM="},"indexInfo":{"baseKey":"BehYw8TEx4oEmalmRZrQ2Q2j8H6rxLx6n0QTQJYZGQUF","baseKeyType":1,"closed":-1,"used":1733208108164,"created":1733208108164,"remoteIdentityKey":"BcE/N3EskHI8VGXpJZmABqzB0Lux0HjpdraD0KmaG6Zz"},"_chains":{"BQGc1LUvZMXM4DbfrUk+AoKflhpuvpSIRzFH0MsqXnQs":{"chainKey":{"counter":2,"key":"O1TRENih6ZVB758DzBuatqP9UgdrnQf2VqcXZtWKAcA="},"chainType":1,"messageKeys":{}}},"pendingPreKey":{"signedKeyId":1,"baseKey":"BehYw8TEx4oEmalmRZrQ2Q2j8H6rxLx6n0QTQJYZGQUF"}}},"version":"v1"}