{"_sessions":{"BYKpGrrds+Znko5xjmjCVxZrCN+XwD8ad2G95l4gp8xv":{"registrationId":192,"currentRatchet":{"ephemeralKeyPair":{"pubKey":"BWO2OKq7HUyV6pUQLgPNuzn6SJGLj1wC+i9sPiB07C58","privKey":"CBL2oReZP3JVItd2QVwzxwcSG+LYHePh/93/P84XHnk="},"lastRemoteEphemeralKey":"BaMPgfdgWPLbDb9Zfu24IdleFcVITArvr4v0TG+PTI4S","previousCounter":0,"rootKey":"zZwozQ2Vuow5dhU9Up3FfjEJ7U6UCmmRyYV1XnAKnXw="},"indexInfo":{"baseKey":"BYKpGrrds+Znko5xjmjCVxZrCN+XwD8ad2G95l4gp8xv","baseKeyType":1,"closed":-1,"used":1733208108153,"created":1733208108153,"remoteIdentityKey":"BdWQleFd3vdNLeOho0zB1zzJ8njHgcrxUPkh7p1MgagO"},"_chains":{"BWO2OKq7HUyV6pUQLgPNuzn6SJGLj1wC+i9sPiB07C58":{"chainKey":{"counter":2,"key":"No+X878QFYVpjo50zHTYNneF7XnmJa5IDZNZD1KtvSY="},"chainType":1,"messageKeys":{}}},"pendingPreKey":{"signedKeyId":1,"baseKey":"BYKpGrrds+Znko5xjmjCVxZrCN+XwD8ad2G95l4gp8xv"}}},"version":"v1"}