{"_sessions":{"BfhEItxPTzh4eNW3ki89pGQ4o/3gWHhJ9EDqQI5wsCVZ":{"registrationId":203549396,"currentRatchet":{"ephemeralKeyPair":{"pubKey":"BYE0E02jG3qP0qZhYRmNO/R4Z06KSMAv9Eo9kmgNaDMs","privKey":"0Eia0pDllvbQvLy0CeG+C3MjGaQYA9vALZT/CcTqa2U="},"lastRemoteEphemeralKey":"BWZTxFvOhHDFo//jfqNKmXWzjpoNhVlOw/5wzXYNRtt0","previousCounter":0,"rootKey":"q2qiuAV4s3y+EO8PGuPCCoXpJzQwcRMYWibkJfOi20I="},"indexInfo":{"baseKey":"BfhEItxPTzh4eNW3ki89pGQ4o/3gWHhJ9EDqQI5wsCVZ","baseKeyType":1,"closed":-1,"used":1733208108741,"created":1733208108741,"remoteIdentityKey":"BXciD1OsiW3sYzGZGwTq4x+eEvGeuDcJOyTcALrsUb07"},"_chains":{"BYE0E02jG3qP0qZhYRmNO/R4Z06KSMAv9Eo9kmgNaDMs":{"chainKey":{"counter":2,"key":"gu5Hom7/79Nln8/XIm2aj5NF5P/EC2LSrl4uuAbhz+w="},"chainType":1,"messageKeys":{}}},"pendingPreKey":{"signedKeyId":4,"baseKey":"BfhEItxPTzh4eNW3ki89pGQ4o/3gWHhJ9EDqQI5wsCVZ"}}},"version":"v1"}