{"_sessions":{"BWQL52vPWYlAYBo6XEDaPSIRLTf7AymcSYVfPVMhdTUW":{"registrationId":9857,"currentRatchet":{"ephemeralKeyPair":{"pubKey":"BZ8GB+lpFC/C89MXY5zD9frr1qXasa+JSpKiPXJpqKYn","privKey":"4OKEPYGwqHl5xjMoGYek3TFsqA3p0iKqw0D39NT3fkQ="},"lastRemoteEphemeralKey":"BRezKWWdPDMsmCy+KmYwGOUl3O+jQIZpWJZmBstzL1x8","previousCounter":0,"rootKey":"+q70a3+sucCpL2rEwdxymh4musjjwex0jxmjvzGVU0I="},"indexInfo":{"baseKey":"BWQL52vPWYlAYBo6XEDaPSIRLTf7AymcSYVfPVMhdTUW","baseKeyType":1,"closed":-1,"used":1733208108307,"created":1733208108307,"remoteIdentityKey":"Be2MuERgaSVkhBc1Zc10bmvo3R5Js0onYQSNC+FrIeg5"},"_chains":{"BZ8GB+lpFC/C89MXY5zD9frr1qXasa+JSpKiPXJpqKYn":{"chainKey":{"counter":2,"key":"7OHHe5jK8FBp/V2LxLQQKPeAp0Jd/otCh3hFBSvitPM="},"chainType":1,"messageKeys":{}}},"pendingPreKey":{"signedKeyId":1,"baseKey":"BWQL52vPWYlAYBo6XEDaPSIRLTf7AymcSYVfPVMhdTUW"}}},"version":"v1"}