{"_sessions":{"BUStNMsfEouscf4ChIex/C85vbpuVP6nPcziLvA04H8j":{"registrationId":660608308,"currentRatchet":{"ephemeralKeyPair":{"pubKey":"BVyUoYoUI/6dPUHAPeyv8TExIdWU+etypTJCAqG4WyV0","privKey":"QKC8DtLvHrUc5/qtIJuWymPRfVYQFHk1XkgI60tT3mo="},"lastRemoteEphemeralKey":"BfCWqHUmgWEwN/n3PsiCWMBornaMifzf8vn2tLXkvdMz","previousCounter":0,"rootKey":"r8e7P4iUhKNkcuD26MbS7pVTxEqbVfOw+UfLMqELso0="},"indexInfo":{"baseKey":"BUStNMsfEouscf4ChIex/C85vbpuVP6nPcziLvA04H8j","baseKeyType":1,"closed":-1,"used":1733208108678,"created":1733208108678,"remoteIdentityKey":"BSu+FTJkUfWqvMuvWjFiLMYVACgXYag7kFVoaIb9Yrht"},"_chains":{"BVyUoYoUI/6dPUHAPeyv8TExIdWU+etypTJCAqG4WyV0":{"chainKey":{"counter":2,"key":"BrX08amjhsnFKX1/98EY5+/damf8aA1Gu2//a74iyAI="},"chainType":1,"messageKeys":{}}},"pendingPreKey":{"signedKeyId":8,"baseKey":"BUStNMsfEouscf4ChIex/C85vbpuVP6nPcziLvA04H8j","preKeyId":7905441}}},"version":"v1"}