{"_sessions":{"BR7N0VqDrJHsxz4+M2pFmwKtUf04d/h/y8tX/tUelI54":{"registrationId":535870273,"currentRatchet":{"ephemeralKeyPair":{"pubKey":"BUVwW7z5sbC0iEVb1tXtEuiEy1YRmuftPf0MvO3xqHsc","privKey":"gBjgu1lRDt2Ju+c96xu1rV0GWbHzd9PihwwqVdzWq2U="},"lastRemoteEphemeralKey":"BcEcUQ/WGJCMAGG0IpCFCOiME6KaeOvu9wdx7WiXJQ8I","previousCounter":0,"rootKey":"wWMlI4Z1RTrgErGiW/kGez0xE8CJ9elRHvpgzIqzi5U="},"indexInfo":{"baseKey":"BR7N0VqDrJHsxz4+M2pFmwKtUf04d/h/y8tX/tUelI54","baseKeyType":2,"closed":-1,"used":1733207761778,"created":1733207761778,"remoteIdentityKey":"Bepk6NpxFHxFMWSok+WcGtvZOwxY8syfoi0g5PyQu7U5"},"_chains":{"BcEcUQ/WGJCMAGG0IpCFCOiME6KaeOvu9wdx7WiXJQ8I":{"chainKey":{"counter":0,"key":"0VFMrRwXn1DHmgTWwPen70pNH3PImzpA6EHqrDG+P08="},"chainType":2,"messageKeys":{}},"BUVwW7z5sbC0iEVb1tXtEuiEy1YRmuftPf0MvO3xqHsc":{"chainKey":{"counter":2,"key":"l/X8z/WHJWc4JbkgZHSe0r0W8edP2ffKYWscFYS8nHA="},"chainType":1,"messageKeys":{}}}}},"version":"v1"}