{"_sessions":{"BeIrhQH+XBP94Zp5g8eMNDOQ3HXj3NcWG9ypCQ2RQm4Q":{"registrationId":1533115630,"currentRatchet":{"ephemeralKeyPair":{"pubKey":"BdUvwg2ljKLf/JwfBXuh5AZmVUpvIN7OF1l8SSgdsj1l","privKey":"iKXGjlAZilrOf8bl3xYizOd72cLKPVHIVXuvEd5xz3s="},"lastRemoteEphemeralKey":"Bai0xCMAUvKDy7XPkPkSuk0Gu1mtXtGIeH6izA/P68pJ","previousCounter":0,"rootKey":"eUAMY12ufxJJPAR8GLL95b+/R++Y0ZgpdptiIrEOEEk="},"indexInfo":{"baseKey":"BeIrhQH+XBP94Zp5g8eMNDOQ3HXj3NcWG9ypCQ2RQm4Q","baseKeyType":1,"closed":-1,"used":1733208108605,"created":1733208108605,"remoteIdentityKey":"BSF34j7vBcRgM7V+cuyAEG/BO9C4XC3iOu4PB2KjrUFB"},"_chains":{"BdUvwg2ljKLf/JwfBXuh5AZmVUpvIN7OF1l8SSgdsj1l":{"chainKey":{"counter":2,"key":"KKnIkafNtjHhLaVTlOlZ9HJc5E+6J+31/PiMO7TymL8="},"chainType":1,"messageKeys":{}}},"pendingPreKey":{"signedKeyId":1,"baseKey":"BeIrhQH+XBP94Zp5g8eMNDOQ3HXj3NcWG9ypCQ2RQm4Q","preKeyId":1717494}}},"version":"v1"}