{"_sessions":{"BWrJdBdU7XlIuku8eBDQyQ0flxRo0S4QiZCEWfuSaCxN":{"registrationId":705575218,"currentRatchet":{"ephemeralKeyPair":{"pubKey":"BWbmP/iBM3gfyaCztzdhcdZSTexDzV0WSOHA79LMOptB","privKey":"+L71t5B0fqOdjyzBaDBbAABcumCW+0MD4ty+t4RyF3Y="},"lastRemoteEphemeralKey":"BfSjA5RLkom9H0DkvrK0JAGg8o/o4yoLWwoD5LEiwNIb","previousCounter":0,"rootKey":"4h9Nwah5M9E2dWvMtZm0W7JRBL8FB2ZC+ZOxLv6H2a4="},"indexInfo":{"baseKey":"BWrJdBdU7XlIuku8eBDQyQ0flxRo0S4QiZCEWfuSaCxN","baseKeyType":1,"closed":-1,"used":1733208108724,"created":1733208108724,"remoteIdentityKey":"BSx0QzSBAcATT8pWCvjOlJd/xQfT1sbPSHu89ndR1dFp"},"_chains":{"BWbmP/iBM3gfyaCztzdhcdZSTexDzV0WSOHA79LMOptB":{"chainKey":{"counter":2,"key":"20FHUpuZdR2Vhy/YHm0KIVpw6vrgKJA2ZJFuiHW7PBw="},"chainType":1,"messageKeys":{}}},"pendingPreKey":{"signedKeyId":4,"baseKey":"BWrJdBdU7XlIuku8eBDQyQ0flxRo0S4QiZCEWfuSaCxN","preKeyId":4737240}}},"version":"v1"}