{"_sessions":{"BSzxtYgmsi6k6B8mFOm9lX488YboR8OLpm5mGa3QMl8Q":{"registrationId":3874411161,"currentRatchet":{"ephemeralKeyPair":{"pubKey":"BT8YwGsi8HCaslayHleXruKSjuv0d56oMaXXnvRXbUsh","privKey":"8PRh6nMqchfBMEYdyY1PfjFnoy1Djv9n0rCOff3Kz1M="},"lastRemoteEphemeralKey":"BfoQLRQesOqkJQpoq66bd3weIWlaKJlmZb9EBHgorhcf","previousCounter":0,"rootKey":"YAvMQl9XILD3HFeL+fE6XUKLO4PvnUyLvt18eBIDnQw="},"indexInfo":{"baseKey":"BSzxtYgmsi6k6B8mFOm9lX488YboR8OLpm5mGa3QMl8Q","baseKeyType":1,"closed":-1,"used":1733208108144,"created":1733208108144,"remoteIdentityKey":"BVkQWn+pFTQ/M1uaVtGzbnj8eY36ScDXK4h9AescFjsN"},"_chains":{"BT8YwGsi8HCaslayHleXruKSjuv0d56oMaXXnvRXbUsh":{"chainKey":{"counter":2,"key":"wdkLTksf7gBvQxyG9ekfkwW8YleCKfFhcJpK2N4PYeE="},"chainType":1,"messageKeys":{}}},"pendingPreKey":{"signedKeyId":1,"baseKey":"BSzxtYgmsi6k6B8mFOm9lX488YboR8OLpm5mGa3QMl8Q"}}},"version":"v1"}