{"_sessions":{"BRvWDEHOInuP2y6xjfYVVbp/8mab1qCaAWPCxg5vB744":{"registrationId":147,"currentRatchet":{"ephemeralKeyPair":{"pubKey":"BeEyHW6ib53b1vwTFGrpgb44O1J2cnwu2/H2IMvdyqpf","privKey":"uDMP2dUn3lkf9HaTJ2yqL1KrampmSeAMaLOf0EZRun0="},"lastRemoteEphemeralKey":"BehnDwFkTpGJ7lU8taLD4aIZruhIIN3M2txTJ+WmFs9X","previousCounter":0,"rootKey":"iiABvOUiGLtFA7IJLwQnb1CUcVDKilGDPmnDlf40m/Q="},"indexInfo":{"baseKey":"BRvWDEHOInuP2y6xjfYVVbp/8mab1qCaAWPCxg5vB744","baseKeyType":1,"closed":-1,"used":1733208108369,"created":1733208108369,"remoteIdentityKey":"BYRPNtNteLdO/bsb4mRdzHGr+6CfmT853vIKPmw6Dvta"},"_chains":{"BeEyHW6ib53b1vwTFGrpgb44O1J2cnwu2/H2IMvdyqpf":{"chainKey":{"counter":2,"key":"2krSlcEiuE+xDm6Rk15k+q9KiNpI25gmmYimRWremqo="},"chainType":1,"messageKeys":{}}},"pendingPreKey":{"signedKeyId":1,"baseKey":"BRvWDEHOInuP2y6xjfYVVbp/8mab1qCaAWPCxg5vB744"}}},"version":"v1"}