{"_sessions":{"BVwgk4gELBHv2oRCF/R0zsp3D3wF8wdSPbFi8wnJ0wZl":{"registrationId":999215575,"currentRatchet":{"ephemeralKeyPair":{"pubKey":"BezdVM7Z5JwsWJ1ZFifgXQdTCnBPP1L6FtJfspY4TOcT","privKey":"8BT9awsxoaZeg8IUSAUhlqa4RLMibiptcQLmn/Rzz10="},"lastRemoteEphemeralKey":"BcI/ptMJNWG2jhzd/e/PwD7JGU+Kln3LyMNvjdnoKKZR","previousCounter":0,"rootKey":"rWKgjMkYNnYbPXeMX1qSl9IEVrJm7ORCoteg1FEfMaA="},"indexInfo":{"baseKey":"BVwgk4gELBHv2oRCF/R0zsp3D3wF8wdSPbFi8wnJ0wZl","baseKeyType":1,"closed":-1,"used":1733208108585,"created":1733208108585,"remoteIdentityKey":"BVMo+gZX3F7wZ3rK3vWCsgJHDarwENMsczzsIZk1am8p"},"_chains":{"BezdVM7Z5JwsWJ1ZFifgXQdTCnBPP1L6FtJfspY4TOcT":{"chainKey":{"counter":2,"key":"QnYuhhRd+f7eiMnlf+M4aOSXNb1hpBkybvag+C2fvkI="},"chainType":1,"messageKeys":{}}},"pendingPreKey":{"signedKeyId":1,"baseKey":"BVwgk4gELBHv2oRCF/R0zsp3D3wF8wdSPbFi8wnJ0wZl","preKeyId":5833960}}},"version":"v1"}