{"_sessions":{"BUrobXnqjAAAb7FwsWCrwg/RdATD/ncFq/AD/XJIBvZO":{"registrationId":6237,"currentRatchet":{"ephemeralKeyPair":{"pubKey":"Ba7FydSfP9o8EJuBIdZpRZnX+KlVPVA6keSie+KrE5Jn","privKey":"0DvFS2irVYsuIjV7L0uEYlO02FybgY9Y1nq36yBnzlw="},"lastRemoteEphemeralKey":"BWdIcej6pr1FKPFLXbM6BxMceGet2HSp1i9s3NJW82VN","previousCounter":0,"rootKey":"jV74GDpTdRPF/55HUQ7Uci+y/hK20rUn7opJ91LshM8="},"indexInfo":{"baseKey":"BUrobXnqjAAAb7FwsWCrwg/RdATD/ncFq/AD/XJIBvZO","baseKeyType":1,"closed":-1,"used":1733208108208,"created":1733208108208,"remoteIdentityKey":"BS2x8vhY23R9qobkJK7Mg6JmRatELrlIxn7XTjNH/7w/"},"_chains":{"Ba7FydSfP9o8EJuBIdZpRZnX+KlVPVA6keSie+KrE5Jn":{"chainKey":{"counter":2,"key":"TkGchGddLxI4AMd5BKF5tFkUucQWePzj1h+nMScR0yA="},"chainType":1,"messageKeys":{}}},"pendingPreKey":{"signedKeyId":0,"baseKey":"BUrobXnqjAAAb7FwsWCrwg/RdATD/ncFq/AD/XJIBvZO"}}},"version":"v1"}