{"_sessions":{"BUtw6LE1r6HEBOQs6nCAqG59Tm/HL3AJ7r32nFF7W/gz":{"registrationId":63,"currentRatchet":{"ephemeralKeyPair":{"pubKey":"BS6ZqH6E/elBu6Tz/AWTpHTRH+52pCqsIWGrQam5vcJN","privKey":"oJtmAmxUK8ThJ4OhcNOx191HyZi2KXlM49f1ZlNv5Gs="},"lastRemoteEphemeralKey":"BRmulGDfIkMSYOK62uyFqao0eS9TM5zPtQEU79yb3HAK","previousCounter":0,"rootKey":"h6U+Co+OFRkcTbHSw6cWS9urhrkE2FTfm1FFPCRyl/E="},"indexInfo":{"baseKey":"BUtw6LE1r6HEBOQs6nCAqG59Tm/HL3AJ7r32nFF7W/gz","baseKeyType":1,"closed":-1,"used":1733208108312,"created":1733208108312,"remoteIdentityKey":"BU9/diwTLV2qg9BmQCBzsmFC9SDKJLfXZJwnQtNYSjsR"},"_chains":{"BS6ZqH6E/elBu6Tz/AWTpHTRH+52pCqsIWGrQam5vcJN":{"chainKey":{"counter":2,"key":"t24zgAUpodRUaUAF2FUrMWpWF9J34noqURjEJ6dbp4E="},"chainType":1,"messageKeys":{}}},"pendingPreKey":{"signedKeyId":1,"baseKey":"BUtw6LE1r6HEBOQs6nCAqG59Tm/HL3AJ7r32nFF7W/gz"}}},"version":"v1"}