{"_sessions":{"BQS+6gCH/m2pb3wELA0+5MXNwSQwRjqJY1qOHcJcgBka":{"registrationId":180116751,"currentRatchet":{"ephemeralKeyPair":{"pubKey":"BeJzlGpETZAcJnP9wigoGRkTQR/2qhqbTAJMhnD/OLpC","privKey":"SJFXO2aDlepcf8CwUJS3H6jIMbbWWT6GNZF7MeRNpUU="},"lastRemoteEphemeralKey":"BR5qAxvmfVMTALNTSzpzyd4e5e7N8nqXH7EB//70wNFh","previousCounter":0,"rootKey":"+LgXYqhNeMKLT3/Gsp1IJyevHTdzyM6dCza13YsC1e4="},"indexInfo":{"baseKey":"BQS+6gCH/m2pb3wELA0+5MXNwSQwRjqJY1qOHcJcgBka","baseKeyType":1,"closed":-1,"used":1733208108485,"created":1733208108485,"remoteIdentityKey":"BZGI+ULJCvWvbAUKZnNOO4k3VjSzbbrwFOp9SfiTi9MS"},"_chains":{"BeJzlGpETZAcJnP9wigoGRkTQR/2qhqbTAJMhnD/OLpC":{"chainKey":{"counter":2,"key":"s5ADFYNtCPZOnZP2HFPW8MDwC9FfWdWP63ztW1+WGts="},"chainType":1,"messageKeys":{}}},"pendingPreKey":{"signedKeyId":0,"baseKey":"BQS+6gCH/m2pb3wELA0+5MXNwSQwRjqJY1qOHcJcgBka"}}},"version":"v1"}