{"_sessions":{"BUY8R4f0k2jOCg9WZyyWuG+e9rxR0++aB2LHBYbqsFBg":{"registrationId":1438528000,"currentRatchet":{"ephemeralKeyPair":{"pubKey":"BdDSCtGX7WNxuzJ45mLrXRkSIJV//r8s3w+AYZYJjr8c","privKey":"8Ia3rUMSLYNF2MnQkLWY6kVI6vmlumMbA0r3qKkuJ0U="},"lastRemoteEphemeralKey":"BQmu1GBplAZIenLXdVbc8O3D3XLnARD5bYjljyJbXph9","previousCounter":0,"rootKey":"dmBeytBrLJxuntzVTp/mdJx4ok6q9zO24Lnw/7SVtRI="},"indexInfo":{"baseKey":"BUY8R4f0k2jOCg9WZyyWuG+e9rxR0++aB2LHBYbqsFBg","baseKeyType":1,"closed":-1,"used":1733208108766,"created":1733208108766,"remoteIdentityKey":"BTuf+w4oFnfolgjPFGxYyqPV2gEIOxoSNndE92MCjP5y"},"_chains":{"BdDSCtGX7WNxuzJ45mLrXRkSIJV//r8s3w+AYZYJjr8c":{"chainKey":{"counter":2,"key":"K+HLfpiFDDW+aR6317cZ4KoWiboDcg4Fm8HAw0BQf3k="},"chainType":1,"messageKeys":{}}},"pendingPreKey":{"signedKeyId":0,"baseKey":"BUY8R4f0k2jOCg9WZyyWuG+e9rxR0++aB2LHBYbqsFBg"}}},"version":"v1"}