{"_sessions":{"BcOOfGaiQ/8X+lXQz9pIcm3hziF4NQ4mO5sInsR+Ec0s":{"registrationId":55656291,"currentRatchet":{"ephemeralKeyPair":{"pubKey":"BcQ19nyiDOP6WaEYDH7/OlPkB6LJY80tfPaWkPZSzxI/","privKey":"oPi8RGQb2Co0qTvPIJW2KqQMAdYwtDF3xIqokvEaMHU="},"lastRemoteEphemeralKey":"BRT6eXCvubrewysi0OetvPHRswtu7IusThZIo+h82fBn","previousCounter":0,"rootKey":"xnCALtOs6MoV8WySMKw0sT//9mlTAV5HFqzqshqdrFo="},"indexInfo":{"baseKey":"BcOOfGaiQ/8X+lXQz9pIcm3hziF4NQ4mO5sInsR+Ec0s","baseKeyType":1,"closed":-1,"used":1733208108665,"created":1733208108665,"remoteIdentityKey":"BdkESxtIUtAl1fCR4yF5Z1zWIXCIV+atb/JFCMm2t1A1"},"_chains":{"BcQ19nyiDOP6WaEYDH7/OlPkB6LJY80tfPaWkPZSzxI/":{"chainKey":{"counter":2,"key":"ll2Tf2Kfo1u2EDzSIi+Y8vMHlxZPx5vTD6cQ5kUvQkU="},"chainType":1,"messageKeys":{}}},"pendingPreKey":{"signedKeyId":3,"baseKey":"BcOOfGaiQ/8X+lXQz9pIcm3hziF4NQ4mO5sInsR+Ec0s","preKeyId":9906231}}},"version":"v1"}