{"_sessions":{"Bbg6C61MBRjhiuOqSRw7omRCQ2qc0GtBqVwfLGfbf8x5":{"registrationId":400882539,"currentRatchet":{"ephemeralKeyPair":{"pubKey":"BT+O8RexuYVEE1X3lyYOiqBm7ueJgK5cqfrh19zKUjw1","privKey":"qLMAYwTZPlCP5MWoDbVFtkybhMAr4e3gMB+0raYKlWw="},"lastRemoteEphemeralKey":"BX0+LNF4x7xtOIFmalYSIUMCoQfscAmlB/d2brAQgwNZ","previousCounter":0,"rootKey":"DO2FYR8pVHvL4/b+oSZK4SgetjcTOtOIc4xR/w7R8U0="},"indexInfo":{"baseKey":"Bbg6C61MBRjhiuOqSRw7omRCQ2qc0GtBqVwfLGfbf8x5","baseKeyType":1,"closed":-1,"used":1733208108781,"created":1733208108781,"remoteIdentityKey":"BbFKY7o0XBVb327sWuh8VjOhjMMBFrIeIMKgCAsrlD5l"},"_chains":{"BT+O8RexuYVEE1X3lyYOiqBm7ueJgK5cqfrh19zKUjw1":{"chainKey":{"counter":2,"key":"rG9OpbFk4ZpZ1rGvEiUjmCw/GT6ftNRMSUKaFSoy3o4="},"chainType":1,"messageKeys":{}}},"pendingPreKey":{"signedKeyId":7,"baseKey":"Bbg6C61MBRjhiuOqSRw7omRCQ2qc0GtBqVwfLGfbf8x5"}}},"version":"v1"}