{"_sessions":{"BfBlhf67S7ovdUo3DnP2YlngOhwcHHqaQAhTVI50KxZ6":{"registrationId":1371289856,"currentRatchet":{"ephemeralKeyPair":{"pubKey":"BZTxqusXaE2erwIw/gKhaZ3lreubnHZDFmaPvbtZ+pcy","privKey":"cCUUKFrT2AQOzXjUsvs2YtR2xbrAUolEboleR1h1WFQ="},"lastRemoteEphemeralKey":"BUc468BjDEUCeBjdJ0yBGMYtJQp5SwqhJN7XH3g8hNA/","previousCounter":0,"rootKey":"Vzqt5Eq4tGoL8IiHqgKtDN0Z93TBn3UDOLHDkWJIzPk="},"indexInfo":{"baseKey":"BfBlhf67S7ovdUo3DnP2YlngOhwcHHqaQAhTVI50KxZ6","baseKeyType":1,"closed":-1,"used":1733208108602,"created":1733208108602,"remoteIdentityKey":"BXJn438wUY9wYwRyC8lsHkNNTEP4sGvNDYPQBLEHclg5"},"_chains":{"BZTxqusXaE2erwIw/gKhaZ3lreubnHZDFmaPvbtZ+pcy":{"chainKey":{"counter":2,"key":"Eqs45LpQnhziKnDYi9jw/+pbKq74fF079HHxA6d8TtY="},"chainType":1,"messageKeys":{}}},"pendingPreKey":{"signedKeyId":0,"baseKey":"BfBlhf67S7ovdUo3DnP2YlngOhwcHHqaQAhTVI50KxZ6"}}},"version":"v1"}