{"_sessions":{"BbALAnaA8rz5d6jkiTfeDGgF8AX2W+DMKMPfdNxWubJo":{"registrationId":66282342,"currentRatchet":{"ephemeralKeyPair":{"pubKey":"BQpqyN9+cU1ShLFJKiKHOiJUD+CmB1CXK81NkbBUwYg+","privKey":"IMIMEewJOgczppp1SP/Ukcgqm+kGPUQCDwf3I9Jk3nk="},"lastRemoteEphemeralKey":"BZSEDaHST5jRG7VB3nJWA7HYDUAlIlMi3fZhQ7RazqVQ","previousCounter":0,"rootKey":"7t07Hxtj9fK6+YnHZGFQk5/GhuuBxTgZi1hGHp75Md0="},"indexInfo":{"baseKey":"BbALAnaA8rz5d6jkiTfeDGgF8AX2W+DMKMPfdNxWubJo","baseKeyType":1,"closed":-1,"used":1733208108479,"created":1733208108479,"remoteIdentityKey":"BYV1UBpgh0z9bAvWnKCfeOP/HQBasuR1SnSvhNGkuNAT"},"_chains":{"BQpqyN9+cU1ShLFJKiKHOiJUD+CmB1CXK81NkbBUwYg+":{"chainKey":{"counter":2,"key":"KWtiGsO57DXV3tidaecKS0dvRCWodN4GwTrGmxEEThc="},"chainType":1,"messageKeys":{}}},"pendingPreKey":{"signedKeyId":36,"baseKey":"BbALAnaA8rz5d6jkiTfeDGgF8AX2W+DMKMPfdNxWubJo","preKeyId":16154950}}},"version":"v1"}