{"_sessions":{"BTwc1oAfd4GDxiMzvEg2KlxRTaxkbdV7LyzrgYa4+HJ2":{"registrationId":151,"currentRatchet":{"ephemeralKeyPair":{"pubKey":"BXuVfNcXAhjiMhrRHsjC0maXCa3hs/yQy3GTT4AAdq0w","privKey":"uLmQldomsTJjsfQu3ayxfnALPeSSVaZZfCn4hT49V0s="},"lastRemoteEphemeralKey":"BUPGZla51XxyI1qqjGy1G8Jo6omobgiyQv5qB8zmwz0/","previousCounter":0,"rootKey":"9gJwT4FWcUIwOd9n2Omye25mQSnV+VuMRIysUDEhUHM="},"indexInfo":{"baseKey":"BTwc1oAfd4GDxiMzvEg2KlxRTaxkbdV7LyzrgYa4+HJ2","baseKeyType":1,"closed":-1,"used":1733208108314,"created":1733208108314,"remoteIdentityKey":"BRUDjxo2FcJAzckjPCREvF+zuRMnKs5xn0pQWw33OKxo"},"_chains":{"BXuVfNcXAhjiMhrRHsjC0maXCa3hs/yQy3GTT4AAdq0w":{"chainKey":{"counter":2,"key":"6UXvKlGK4M644yg2URPhGTmIq00O1D3aWot0ong9uFY="},"chainType":1,"messageKeys":{}}},"pendingPreKey":{"signedKeyId":1,"baseKey":"BTwc1oAfd4GDxiMzvEg2KlxRTaxkbdV7LyzrgYa4+HJ2"}}},"version":"v1"}