{"_sessions":{"BSc61NQAFtEPJib7CuUiN4W5uNvsWmWQUlmmQXTLm0Jd":{"registrationId":214,"currentRatchet":{"ephemeralKeyPair":{"pubKey":"Bdz3l2u2vY5RLmfC8uvzDxCkxibnH+kqSotN160uHxZ2","privKey":"GDX/wUstjTa7JBVhzZopB3N/O0ZDOEdMDKFeC6WdD1g="},"lastRemoteEphemeralKey":"BYi6FL+n5ozCdSiiB8FLRdpfBElHSa+PXkqgIEkvjiM7","previousCounter":0,"rootKey":"2uN5mLCeagiJCLEXgVb2J//R5qkYt/ttRfSV+ZX7pw0="},"indexInfo":{"baseKey":"BSc61NQAFtEPJib7CuUiN4W5uNvsWmWQUlmmQXTLm0Jd","baseKeyType":1,"closed":-1,"used":1733208108155,"created":1733208108155,"remoteIdentityKey":"BbONnpeH87tyWXB1a4lrZPMLYzCan1rsSDaoXJDeKaVh"},"_chains":{"Bdz3l2u2vY5RLmfC8uvzDxCkxibnH+kqSotN160uHxZ2":{"chainKey":{"counter":2,"key":"vzGDIE8KpbzCjLBebBI1H/YIn9bilfRcd8akvLa2NPw="},"chainType":1,"messageKeys":{}}},"pendingPreKey":{"signedKeyId":1,"baseKey":"BSc61NQAFtEPJib7CuUiN4W5uNvsWmWQUlmmQXTLm0Jd"}}},"version":"v1"}