{"_sessions":{"BYejiE274SVy01DLV9XCuToGuaxH/TUe0QBpsFDMMJBj":{"registrationId":1531200065,"currentRatchet":{"ephemeralKeyPair":{"pubKey":"BZXrpdKjOOZ32ZDjihgD/Z+t5MzwLeve83kkEqLBVy5F","privKey":"OKK4zCLtBOG0HeWoYCTA4e9YBLsSy4UgqK+4lEYTdHk="},"lastRemoteEphemeralKey":"Be2TE7zdaigVZuYX5jwW/94DC6WrHcZP+rRozGsXJqMD","previousCounter":0,"rootKey":"dllYubGmNRAFcFv6ZZ5G89S/BkCZ8/yutzK8drVt6qk="},"indexInfo":{"baseKey":"BYejiE274SVy01DLV9XCuToGuaxH/TUe0QBpsFDMMJBj","baseKeyType":1,"closed":-1,"used":1733208108828,"created":1733208108828,"remoteIdentityKey":"BQRccKn7irYtO8R8aWp0KZLkd1Ezh240V6vZuVTsRF8d"},"_chains":{"BZXrpdKjOOZ32ZDjihgD/Z+t5MzwLeve83kkEqLBVy5F":{"chainKey":{"counter":2,"key":"Hr7XcseMif5f8KnxWhLHcWDw/RVgOexdcdXyq5RTNQ4="},"chainType":1,"messageKeys":{}}},"pendingPreKey":{"signedKeyId":14,"baseKey":"BYejiE274SVy01DLV9XCuToGuaxH/TUe0QBpsFDMMJBj","preKeyId":4479390}}},"version":"v1"}