{"_sessions":{"BYkQVxdlxVkzvfLMwPUbs8UJBMUy6cnF40nFbxSC60h2":{"registrationId":147,"currentRatchet":{"ephemeralKeyPair":{"pubKey":"BZm+Pg3UIfNGklgEC9Qlo3UgpblhYvU/LCF0Nx6FphhQ","privKey":"2DAkUtPrAJZUQggBi+1+0SnmHWUvw7cH6OJv5ljU4X0="},"lastRemoteEphemeralKey":"BSq4g59uxf/iHyKLjgqU7fC6vAHLmGZqjrDuOKD24SYj","previousCounter":0,"rootKey":"uGNDf3+Gcz1Ewv2UsCtoSqUTLCCyH0eoFE7aVUWwe1g="},"indexInfo":{"baseKey":"BYkQVxdlxVkzvfLMwPUbs8UJBMUy6cnF40nFbxSC60h2","baseKeyType":2,"closed":1733207820931,"used":1733207754675,"created":1733207754675,"remoteIdentityKey":"BfX4oaOZclyZiCi0Q++eqZeCfkgMrVPWMAntdan8o2NR"},"_chains":{"BSq4g59uxf/iHyKLjgqU7fC6vAHLmGZqjrDuOKD24SYj":{"chainKey":{"counter":0,"key":"Fq44MrWpANLt9lvt/+IXskQSftH2qhIamNGbLstc3mw="},"chainType":2,"messageKeys":{}},"BZm+Pg3UIfNGklgEC9Qlo3UgpblhYvU/LCF0Nx6FphhQ":{"chainKey":{"counter":-1,"key":"PBtXwvtdV08yFTY0YgdQT9NNqMFsf6tWHA5udoQX0Ts="},"chainType":1,"messageKeys":{}}}},"BW74688oFx6/LFd7BrRFumq91wVdSg8TKzYpZncWc0VF":{"registrationId":147,"currentRatchet":{"ephemeralKeyPair":{"pubKey":"BY+5QnkA6QmLTPwRUuSqGYL2J+OyGIBMSzLiB4dmTEoG","privKey":"MLTBLzrSS+TuXDL1Ve3gFD1OshXPqfnTwVIL0robUnQ="},"lastRemoteEphemeralKey":"BZFZoF1mgSpomKhbbQTRoXUbhHIsrrnJID/Y0L1gKbIO","previousCounter":1,"rootKey":"XdnsnDikP9I+ucBp0R9z6yJ/wipLe7mOhvakvRvrRQg="},"indexInfo":{"baseKey":"BW74688oFx6/LFd7BrRFumq91wVdSg8TKzYpZncWc0VF","baseKeyType":2,"closed":-1,"used":1733208509571,"created":1733207820933,"remoteIdentityKey":"BfX4oaOZclyZiCi0Q++eqZeCfkgMrVPWMAntdan8o2NR"},"_chains":{"BR8s5QpBdQBBixs6cJwIgxojiPWcvjRBDYf97TQNziAC":{"chainKey":{"counter":11},"chainType":2,"messageKeys":{}},"BZFZoF1mgSpomKhbbQTRoXUbhHIsrrnJID/Y0L1gKbIO":{"chainKey":{"counter":4,"key":"sDtgMdx2Vx93y3Y9rS1va7594Ki8hj7bHdofb8wzXW0="},"chainType":2,"messageKeys":{}},"BY+5QnkA6QmLTPwRUuSqGYL2J+OyGIBMSzLiB4dmTEoG":{"chainKey":{"counter":0,"key":"F8Lemla+n+E/ADM2ILmSeNZfA9dVS9jXWtJH3K7YEbM="},"chainType":1,"messageKeys":{}}}}},"version":"v1"}