{"_sessions":{"Bfsne0QqgS0axgTSIe/77BYT34O8z9NDPUxXhKLnzPB8":{"registrationId":14,"currentRatchet":{"ephemeralKeyPair":{"pubKey":"BUQlgbAx//1TtW8CshRMbmne0bpnMBN8u1OFFZfTchdJ","privKey":"yJux0Q3muGOyeDNO8C0dlQ8QfV0gwd4DaRw4H2AwFWM="},"lastRemoteEphemeralKey":"Ba/yp4gEnM67k5ZfpPVrRElO9nPvwBKcvs4i/cOoXJxk","previousCounter":0,"rootKey":"hTLBU247NHrGpS0/LOpu702Oevb3dx11HpGdBfTbWAc="},"indexInfo":{"baseKey":"Bfsne0QqgS0axgTSIe/77BYT34O8z9NDPUxXhKLnzPB8","baseKeyType":1,"closed":-1,"used":1733208108453,"created":1733208108453,"remoteIdentityKey":"BXkJuhLFZILq01BrnUyPNHdJm0D6LDPeq7GgGQYQwIw8"},"_chains":{"BUQlgbAx//1TtW8CshRMbmne0bpnMBN8u1OFFZfTchdJ":{"chainKey":{"counter":2,"key":"pZXO4/3uJMOpwcxlCAPagD7NWy6uSFOAHf/1O5Pof6g="},"chainType":1,"messageKeys":{}}},"pendingPreKey":{"signedKeyId":1,"baseKey":"Bfsne0QqgS0axgTSIe/77BYT34O8z9NDPUxXhKLnzPB8"}}},"version":"v1"}