{"_sessions":{"Bf/XuqOJDXR2DdkmSO/BuY6sollrXJgRM0LV0ylUpggY":{"registrationId":53,"currentRatchet":{"ephemeralKeyPair":{"pubKey":"BcTsll76A+lrZYzX3XXC2MN5FUZ9ygKpM+BNQ+ivP38t","privKey":"SK8Uy2SMvl1kiszBdLrIELf4C0lR0rxjuudl8rDshn8="},"lastRemoteEphemeralKey":"BV93gFXI8co9toho7fPDf8Oq0IXOuHpZm/H8qOAV+Vcs","previousCounter":0,"rootKey":"sBQf+eUQa5CI/G0X5eCEW/QCkMAipE3K5mV4kn77ylY="},"indexInfo":{"baseKey":"Bf/XuqOJDXR2DdkmSO/BuY6sollrXJgRM0LV0ylUpggY","baseKeyType":2,"closed":-1,"used":1733199223158,"created":1733199223158,"remoteIdentityKey":"BTF9l/B2c5Oe6JxMxXF+4PMuk8i/xMzAfT9nDvNa1AEd"},"_chains":{"BV93gFXI8co9toho7fPDf8Oq0IXOuHpZm/H8qOAV+Vcs":{"chainKey":{"counter":0,"key":"3pg0qxkbUhrAumA4sFKrZBgnBStrgdmk2ah/7d/CMG0="},"chainType":2,"messageKeys":{}},"BcTsll76A+lrZYzX3XXC2MN5FUZ9ygKpM+BNQ+ivP38t":{"chainKey":{"counter":-1,"key":"ewVTm2hJmXs9orWhsUV1qKrdDgV417TVv1xz7G4YKeE="},"chainType":1,"messageKeys":{}}}}},"version":"v1"}