{"_sessions":{"BVJFEVOC5K7cJFLhkdZ/VpqD96Nvlqplc2eP+V/T8DRD":{"registrationId":835631338,"currentRatchet":{"ephemeralKeyPair":{"pubKey":"BW/k8feAb4iUXqeq6kKxn+X3RFQAp+iFxkKIrp3BOYc1","privKey":"IIG+wXr0ZXZbeJRwnAkrb2r4p7GFSUXllU2n51DcyWk="},"lastRemoteEphemeralKey":"BUtoeCw+y/1I6CrZrBa/QeQzEUMxDPtUfnJPWw4Hzx5M","previousCounter":0,"rootKey":"RJads/hv+/xgb2gKUi4LKcGe4IhtsX3J7Zmvi3FlXAw="},"indexInfo":{"baseKey":"BVJFEVOC5K7cJFLhkdZ/VpqD96Nvlqplc2eP+V/T8DRD","baseKeyType":1,"closed":-1,"used":1733137940228,"created":1733137940228,"remoteIdentityKey":"BWNH3srWiUEJSVdt23jOS/p0jht9f6Kd1BEZgpRDOZw3"},"_chains":{"BW/k8feAb4iUXqeq6kKxn+X3RFQAp+iFxkKIrp3BOYc1":{"chainKey":{"counter":220,"key":"1HTBQmFBcAGhlAJQRwA8wrpszTdNTqQl72qR3jnjoxw="},"chainType":1,"messageKeys":{}}},"pendingPreKey":{"signedKeyId":40,"baseKey":"BVJFEVOC5K7cJFLhkdZ/VpqD96Nvlqplc2eP+V/T8DRD","preKeyId":12693}}},"version":"v1"}