{"_sessions":{"BdRPe8Ao6jIJWD7/iE9p5IFr3INn/d9HA2dwZO60QA5/":{"registrationId":2090240435,"currentRatchet":{"ephemeralKeyPair":{"pubKey":"BW3cPVeIF+UYx176dainKFzobXsr88bQxe9Hm8wM8Sc1","privKey":"mHmHUIaiSNrBwK6/kDYPVlYfqqmFwXLUungAUZyAH2w="},"lastRemoteEphemeralKey":"BWpR3rYIxthlSSsWa2VyyxI6CEwm2e10MjajQJDX28wr","previousCounter":0,"rootKey":"IoUGHlzxnoBxpSnedVXFBmqsRmsALGhkj/fj46Vepvo="},"indexInfo":{"baseKey":"BdRPe8Ao6jIJWD7/iE9p5IFr3INn/d9HA2dwZO60QA5/","baseKeyType":1,"closed":1733139094555,"used":1733137940234,"created":1733137940234,"remoteIdentityKey":"BRidR+fZ9FVCskitDbfoQsLZVHYXSVmBtYycaBx9nfhQ"},"_chains":{"BW3cPVeIF+UYx176dainKFzobXsr88bQxe9Hm8wM8Sc1":{"chainKey":{"counter":21,"key":"d+UAGgjzJyXD2Lr+uRDwF/MO8PODPXm0w7u2ZObgqNo="},"chainType":1,"messageKeys":{}}},"pendingPreKey":{"signedKeyId":34,"baseKey":"BdRPe8Ao6jIJWD7/iE9p5IFr3INn/d9HA2dwZO60QA5/","preKeyId":15483599}},"BUOyjICmClAWtUCNy0I99rE2BD8CXs7wFgWB96X9jugK":{"registrationId":2090240435,"currentRatchet":{"ephemeralKeyPair":{"pubKey":"BeyZ0AlrsTZcyz8xS+wMOnwvit365WfPzCTKiFwLGrkc","privKey":"cKx2TVB2B2qTro6HZ6/FGvP6On1V+b3zPLRUc2de1FA="},"lastRemoteEphemeralKey":"BWpR3rYIxthlSSsWa2VyyxI6CEwm2e10MjajQJDX28wr","previousCounter":0,"rootKey":"YoehnDy55eYWAztskDDTguzOCvu0tZANtpqwKCS9JvQ="},"indexInfo":{"baseKey":"BUOyjICmClAWtUCNy0I99rE2BD8CXs7wFgWB96X9jugK","baseKeyType":1,"closed":1733139372899,"used":1733139094550,"created":1733139094550,"remoteIdentityKey":"BRidR+fZ9FVCskitDbfoQsLZVHYXSVmBtYycaBx9nfhQ"},"_chains":{"BeyZ0AlrsTZcyz8xS+wMOnwvit365WfPzCTKiFwLGrkc":{"chainKey":{"counter":5,"key":"9RyGB08DTjXCxrI0+liLs7HoXgRJZpe6KxA/ddQW0bk="},"chainType":1,"messageKeys":{}}},"pendingPreKey":{"signedKeyId":34,"baseKey":"BUOyjICmClAWtUCNy0I99rE2BD8CXs7wFgWB96X9jugK","preKeyId":15484333}},"BcjBZNPPAkVrNduCKpPJ2eaiIg48AHjvdNIVFmZMA7xK":{"registrationId":2090240435,"currentRatchet":{"ephemeralKeyPair":{"pubKey":"BW9rbPWpO2dhcFX+cXbhsBt3haxLhTpbfZ6TvCq7zSNl","privKey":"kH6f+8XosJHNymCABmYlOk+ccz2ANeRxckyIvBPhV3A="},"lastRemoteEphemeralKey":"BWpR3rYIxthlSSsWa2VyyxI6CEwm2e10MjajQJDX28wr","previousCounter":0,"rootKey":"lieaMNgzSdQyN51aefDa57xRmIXRCzOkQhNvc3Vfx5E="},"indexInfo":{"baseKey":"BcjBZNPPAkVrNduCKpPJ2eaiIg48AHjvdNIVFmZMA7xK","baseKeyType":1,"closed":1733139763275,"used":1733139372897,"created":1733139372897,"remoteIdentityKey":"BRidR+fZ9FVCskitDbfoQsLZVHYXSVmBtYycaBx9nfhQ"},"_chains":{"BW9rbPWpO2dhcFX+cXbhsBt3haxLhTpbfZ6TvCq7zSNl":{"chainKey":{"counter":2,"key":"GHIUIKFV5Dp61gsglyGmrm6al3MU0B1A2M5DYDD5hY4="},"chainType":1,"messageKeys":{}}},"pendingPreKey":{"signedKeyId":34,"baseKey":"BcjBZNPPAkVrNduCKpPJ2eaiIg48AHjvdNIVFmZMA7xK","preKeyId":15483609}},"BZWiNBc8uW8iYVFktGZFdN0WzzUR5vwZSnq0fwFxW9k8":{"registrationId":2090240435,"currentRatchet":{"ephemeralKeyPair":{"pubKey":"BeMk6t/fjw/AlF/9EhItOabU7CYRBkGwDSar/JS7PLgM","privKey":"OCL//4Q5JcuiudL2L6DkKUEpKUOAyeRYHY3kRckkkkU="},"lastRemoteEphemeralKey":"BWpR3rYIxthlSSsWa2VyyxI6CEwm2e10MjajQJDX28wr","previousCounter":0,"rootKey":"ik41RTwRKnv6F1RcbDHKo4fQw0ZF6hbGBbYDUupi9+E="},"indexInfo":{"baseKey":"BZWiNBc8uW8iYVFktGZFdN0WzzUR5vwZSnq0fwFxW9k8","baseKeyType":1,"closed":1733140091945,"used":1733139763274,"created":1733139763274,"remoteIdentityKey":"BRidR+fZ9FVCskitDbfoQsLZVHYXSVmBtYycaBx9nfhQ"},"_chains":{"BeMk6t/fjw/AlF/9EhItOabU7CYRBkGwDSar/JS7PLgM":{"chainKey":{"counter":1,"key":"Jvr2wsN85xLyzOje1npGmDyzjwczqNKJpIYXDonDa44="},"chainType":1,"messageKeys":{}}},"pendingPreKey":{"signedKeyId":34,"baseKey":"BZWiNBc8uW8iYVFktGZFdN0WzzUR5vwZSnq0fwFxW9k8","preKeyId":15483584}},"BX/6V+1ktAabyMhz5dvsFYMHAkbc3hfeyvzfLJbHdthB":{"registrationId":2090240435,"currentRatchet":{"ephemeralKeyPair":{"pubKey":"BVq82MBQExq4VDkcEWg708RQBxhat2XknkxYV9Pjhs1d","privKey":"CD68HK6GeUlbu1eFkCOT5br95QzYmgEm7+R+y4DMmkA="},"lastRemoteEphemeralKey":"BWpR3rYIxthlSSsWa2VyyxI6CEwm2e10MjajQJDX28wr","previousCounter":0,"rootKey":"bDRJ2ddMcx43iBKZn90grj3OsR3Q3uEbiPSFMKvP1vU="},"indexInfo":{"baseKey":"BX/6V+1ktAabyMhz5dvsFYMHAkbc3hfeyvzfLJbHdthB","baseKeyType":1,"closed":-1,"used":1733140091943,"created":1733140091943,"remoteIdentityKey":"BRidR+fZ9FVCskitDbfoQsLZVHYXSVmBtYycaBx9nfhQ"},"_chains":{"BVq82MBQExq4VDkcEWg708RQBxhat2XknkxYV9Pjhs1d":{"chainKey":{"counter":194,"key":"zW/kHS5s9n9IJMHJOGj0985IGsx2sMs/FUgSNpT1KuA="},"chainType":1,"messageKeys":{}}},"pendingPreKey":{"signedKeyId":34,"baseKey":"BX/6V+1ktAabyMhz5dvsFYMHAkbc3hfeyvzfLJbHdthB","preKeyId":15484332}}},"version":"v1"}