{"_sessions":{"BR/+BjeQkClpQSfR6YZe/gtQIgVe3LvzragICfbafkQR":{"registrationId":1945836570,"currentRatchet":{"ephemeralKeyPair":{"pubKey":"BQJjIsEhW9dWKwwIvpZtwLqgB4eGc+2cO6ib5gpW1to/","privKey":"SOLArONE4IvsXpLIKihVZfixJ7d0uzZKXsnNQbA7+EE="},"lastRemoteEphemeralKey":"BTgClVpQTIAKpuRoH8v1aBaszzynVF4Jhl7K54RPk2N2","previousCounter":0,"rootKey":"Cq8q5kVeB2kvzOIhhrwFRIa8hozdIJZ2HF/CEeV5O1k="},"indexInfo":{"baseKey":"BR/+BjeQkClpQSfR6YZe/gtQIgVe3LvzragICfbafkQR","baseKeyType":2,"closed":-1,"used":1733207901161,"created":1733207644081,"remoteIdentityKey":"BXXqO5zUxsaYf+k7svT2UzIm+Y2KzfirUIqD05BAiGBO"},"_chains":{"BZkcjcmwo5a2dQdovJ6LxEQ/7rnpzvmoxVEqsVMeoxAz":{"chainKey":{"counter":0},"chainType":2,"messageKeys":{}},"BTgClVpQTIAKpuRoH8v1aBaszzynVF4Jhl7K54RPk2N2":{"chainKey":{"counter":0,"key":"qMsnjlc6d7ydmWynjjR3MKzvLdGlvWivJPkouuDIykI="},"chainType":2,"messageKeys":{}},"BQJjIsEhW9dWKwwIvpZtwLqgB4eGc+2cO6ib5gpW1to/":{"chainKey":{"counter":1,"key":"AIysRlMdmfajDeZ3sg92vkiKZmCkgADuw2HJKnZN39E="},"chainType":1,"messageKeys":{}}}}},"version":"v1"}