{"_sessions":{"BaYFra/XLZp1a/2fUg35D5TCh8kWAILZpg9tWiCER5EU":{"registrationId":1192458519,"currentRatchet":{"ephemeralKeyPair":{"pubKey":"BVjKbWDcj6F0QgrX/fvRKSGebPfJMHAVyyzrxUrrtBA/","privKey":"oC+AQ9CdzvTVmswjFR12rONtlUS1991BiD96QDFiikA="},"lastRemoteEphemeralKey":"BQhZjBVFq0z5J81Q2HiJhVdV+zrcRxZcRuUE7BXZp4Bj","previousCounter":0,"rootKey":"1NHj9U2Yb6raPV+DsFYL/kIgY93TXRBQ0n3XlEuIOCI="},"indexInfo":{"baseKey":"BaYFra/XLZp1a/2fUg35D5TCh8kWAILZpg9tWiCER5EU","baseKeyType":1,"closed":-1,"used":1733208108620,"created":1733208108620,"remoteIdentityKey":"BQKfXtPU76sWTAt98ZK1Q2SOmJMwZZmsDQ4QK53bb5Aq"},"_chains":{"BVjKbWDcj6F0QgrX/fvRKSGebPfJMHAVyyzrxUrrtBA/":{"chainKey":{"counter":2,"key":"ArUyBDppWkleY81T4OT3RY+mHLzT9AeGv86ws9NTisQ="},"chainType":1,"messageKeys":{}}},"pendingPreKey":{"signedKeyId":6,"baseKey":"BaYFra/XLZp1a/2fUg35D5TCh8kWAILZpg9tWiCER5EU","preKeyId":9435808}}},"version":"v1"}