{"_sessions":{"Baxx61BN316pziHDFoEfBhqwf53DOy6pKrpGobrrx+Uw":{"registrationId":1315458824,"currentRatchet":{"ephemeralKeyPair":{"pubKey":"BSAO2avgnOClRp+Zhitp+24JE1S6ZuXGkytKQSBC/m9u","privKey":"WN78BlIF6MMVWHjVJXYFWAuDSh+pOYnyskk0C8POTVw="},"lastRemoteEphemeralKey":"Ber2+osnBmmsJk7I15pL1dEQU5Cfb3HNDYTTAiLijxZs","previousCounter":0,"rootKey":"xQ4yaOuQtTiIpY7GmKoR3SU/hdchMrxHg9nRh4/exBc="},"indexInfo":{"baseKey":"Baxx61BN316pziHDFoEfBhqwf53DOy6pKrpGobrrx+Uw","baseKeyType":1,"closed":-1,"used":1733208108642,"created":1733208108642,"remoteIdentityKey":"BQITHUVkw68FzJCH3uFjEeq7oI/if82ehYvyL7S48F9/"},"_chains":{"BSAO2avgnOClRp+Zhitp+24JE1S6ZuXGkytKQSBC/m9u":{"chainKey":{"counter":2,"key":"gSOmKe7mqiVK6uzSrOwkpIJvQ+5aA/tZnwCf/zwIAmE="},"chainType":1,"messageKeys":{}}},"pendingPreKey":{"signedKeyId":2,"baseKey":"Baxx61BN316pziHDFoEfBhqwf53DOy6pKrpGobrrx+Uw","preKeyId":3189868}}},"version":"v1"}