{"_sessions":{"BTS9sKSoeIuD2hfa9q6O1kwvoSGyIj/pDl3LKlrN8RxW":{"registrationId":779246058,"currentRatchet":{"ephemeralKeyPair":{"pubKey":"BUDrqrC+I88yQDSdRqh643l9nYs3WwhxAIEmRob2K5I6","privKey":"QDuzoDtAawlegtQHs1TcMhVgs1gJaiF3JqARMmyzYUU="},"lastRemoteEphemeralKey":"BXmGx8M0UJqBk6Vw+tVy5czzDQUAUtqTKUPI6IVDmCcd","previousCounter":0,"rootKey":"lnuFgln9kFJbcL6IiaocS332nV19geF8A/bWorx8vPM="},"indexInfo":{"baseKey":"BTS9sKSoeIuD2hfa9q6O1kwvoSGyIj/pDl3LKlrN8RxW","baseKeyType":1,"closed":-1,"used":1733208108809,"created":1733208108809,"remoteIdentityKey":"Bf5jfIXzJTc7sXDBAcfWttWPcDi/ZgcUhlnRYmtAsTFX"},"_chains":{"BUDrqrC+I88yQDSdRqh643l9nYs3WwhxAIEmRob2K5I6":{"chainKey":{"counter":2,"key":"+r/AoNNpyiz3gZrRGblc1v/DMILpM9Kupj2+nEjtvuU="},"chainType":1,"messageKeys":{}}},"pendingPreKey":{"signedKeyId":4,"baseKey":"BTS9sKSoeIuD2hfa9q6O1kwvoSGyIj/pDl3LKlrN8RxW"}}},"version":"v1"}