{"_sessions":{"BcaKLZbNjaKbXz+jhTSL8ea7dHIk2q6mpEA5gbxNLXxk":{"registrationId":168,"currentRatchet":{"ephemeralKeyPair":{"pubKey":"BQYIHvq0jvOM5CUP74kjali62mswRS0Ak1lqQhym9Tkb","privKey":"KFM0I93rZ+XKUjD6S0g9nGitEVH66tw/hqc0o9Qgdn4="},"lastRemoteEphemeralKey":"BT1Q46BfIKE/+CVkmDTbN8vR/BEK/6vkEz5pAzpYg849","previousCounter":0,"rootKey":"Hybzes4I4jFS66VF6BpSGJKAIJTRBty99C+7jKtDKk0="},"indexInfo":{"baseKey":"BcaKLZbNjaKbXz+jhTSL8ea7dHIk2q6mpEA5gbxNLXxk","baseKeyType":1,"closed":-1,"used":1733208108060,"created":1733208108060,"remoteIdentityKey":"Bedc2tRzSU/KZ/l1NcBDPrObf7RXNouJEcTnEMpLP4NR"},"_chains":{"BQYIHvq0jvOM5CUP74kjali62mswRS0Ak1lqQhym9Tkb":{"chainKey":{"counter":2,"key":"7ia9rDN7Vl4pcO4mlBVa/+Y3Xt+44/Pee/CdPZzWN1E="},"chainType":1,"messageKeys":{}}},"pendingPreKey":{"signedKeyId":1,"baseKey":"BcaKLZbNjaKbXz+jhTSL8ea7dHIk2q6mpEA5gbxNLXxk"}}},"version":"v1"}