{"_sessions":{"BeS/T4+fdYuhZG7iD5maQchonEmtXEPBe0UQPCdWj1AG":{"registrationId":142,"currentRatchet":{"ephemeralKeyPair":{"pubKey":"BRYwuIBfjfUZZhc7Q09DHEIh/QsAneVUicHwOQJTvnpD","privKey":"0JWQsKk2gkrrMT1W/mSx2LHuxIfEs96dVk6Og2NgkG4="},"lastRemoteEphemeralKey":"BcfLPefqEkbAACwPysQP2R59SnfZxxm3/VdfGLW/rlAa","previousCounter":0,"rootKey":"Fv/7DhY0ZWKWLo+MivBWFwPusejiWZew8nlgdkN0BBY="},"indexInfo":{"baseKey":"BeS/T4+fdYuhZG7iD5maQchonEmtXEPBe0UQPCdWj1AG","baseKeyType":1,"closed":1733213012278,"used":1733208108340,"created":1733208108340,"remoteIdentityKey":"BcAgbVtY+/L1T4HH2f8c/6xoihbMDeZynKT/QP29zWg5"},"_chains":{"BRYwuIBfjfUZZhc7Q09DHEIh/QsAneVUicHwOQJTvnpD":{"chainKey":{"counter":2,"key":"+PzMhMp4DiGF+QGSkXOH9cM68v/y/p6b9+nXgCboi+o="},"chainType":1,"messageKeys":{}}},"pendingPreKey":{"signedKeyId":1,"baseKey":"BeS/T4+fdYuhZG7iD5maQchonEmtXEPBe0UQPCdWj1AG","preKeyId":13}},"BaP/GpLxkf0vAP36gFM45v8IeohfvIsiLLfPtrrBYNkV":{"registrationId":142,"currentRatchet":{"ephemeralKeyPair":{"pubKey":"Ba0srtvTFDgAXK+cU8RQPmXdb7l8KCbi3WQhU8C96gxs","privKey":"SGbtzQ7Gu9olaa9JxJYqJAdjuPV9mNOjIzj263mrLF0="},"lastRemoteEphemeralKey":"BcfLPefqEkbAACwPysQP2R59SnfZxxm3/VdfGLW/rlAa","previousCounter":0,"rootKey":"AHON7ynKVcfHgEDrcf+eWGpHR4hlBAXDD/BC+ZDEan8="},"indexInfo":{"baseKey":"BaP/GpLxkf0vAP36gFM45v8IeohfvIsiLLfPtrrBYNkV","baseKeyType":1,"closed":1733213012821,"used":1733213012276,"created":1733213012276,"remoteIdentityKey":"BcAgbVtY+/L1T4HH2f8c/6xoihbMDeZynKT/QP29zWg5"},"_chains":{"Ba0srtvTFDgAXK+cU8RQPmXdb7l8KCbi3WQhU8C96gxs":{"chainKey":{"counter":-1,"key":"bA1VTNLMGWAtvHgXlYmVdXEQU263REApo9SOaAs+P8w="},"chainType":1,"messageKeys":{}}},"pendingPreKey":{"signedKeyId":1,"baseKey":"BaP/GpLxkf0vAP36gFM45v8IeohfvIsiLLfPtrrBYNkV"}},"BfjH2Qh4vH68qJYs+WYgBsshu+jvkEzEn6XP7+63GepM":{"registrationId":142,"currentRatchet":{"ephemeralKeyPair":{"pubKey":"BdKcAJIa2OlsQSYuOods7pUKI3TmA3LukA+IfUbqxJ8o","privKey":"6DI+jMtYxCT42rhUDL08yK+65nMA6tSj6gSQ0SZinF8="},"lastRemoteEphemeralKey":"BcfLPefqEkbAACwPysQP2R59SnfZxxm3/VdfGLW/rlAa","previousCounter":0,"rootKey":"adDpM3bZFGWAvJOOXe47Fsk9bYUo61lyWZUs6/lk4FM="},"indexInfo":{"baseKey":"BfjH2Qh4vH68qJYs+WYgBsshu+jvkEzEn6XP7+63GepM","baseKeyType":1,"closed":1733213013348,"used":1733213012819,"created":1733213012819,"remoteIdentityKey":"BcAgbVtY+/L1T4HH2f8c/6xoihbMDeZynKT/QP29zWg5"},"_chains":{"BdKcAJIa2OlsQSYuOods7pUKI3TmA3LukA+IfUbqxJ8o":{"chainKey":{"counter":-1,"key":"WW/UAY7pgcNlU+Mkngw6l5BEp0GbYZgY5iOjDgx6FeY="},"chainType":1,"messageKeys":{}}},"pendingPreKey":{"signedKeyId":1,"baseKey":"BfjH2Qh4vH68qJYs+WYgBsshu+jvkEzEn6XP7+63GepM"}},"BfZzfSnjJn4Yq59viELI2HN/juDn9oUg21o1fbp9mcE0":{"registrationId":142,"currentRatchet":{"ephemeralKeyPair":{"pubKey":"BazQYelv19gCKYExgWb/rLZOIDW+eGZ4B6VTQS8v7z9o","privKey":"iM0/lWvC8rB6nCcs+8RicEO9qrZoSB/xzS9jbXAZ5Wo="},"lastRemoteEphemeralKey":"BcfLPefqEkbAACwPysQP2R59SnfZxxm3/VdfGLW/rlAa","previousCounter":0,"rootKey":"glCAf6vpXnfHT4vayiCkeYSjaMS/PJ0atynkxtzUfGY="},"indexInfo":{"baseKey":"BfZzfSnjJn4Yq59viELI2HN/juDn9oUg21o1fbp9mcE0","baseKeyType":1,"closed":1733213013900,"used":1733213013347,"created":1733213013347,"remoteIdentityKey":"BcAgbVtY+/L1T4HH2f8c/6xoihbMDeZynKT/QP29zWg5"},"_chains":{"BazQYelv19gCKYExgWb/rLZOIDW+eGZ4B6VTQS8v7z9o":{"chainKey":{"counter":-1,"key":"CVp5HNbpx52lOfPllbS0ASKyfulF24DKXnBjlZWbWgc="},"chainType":1,"messageKeys":{}}},"pendingPreKey":{"signedKeyId":1,"baseKey":"BfZzfSnjJn4Yq59viELI2HN/juDn9oUg21o1fbp9mcE0"}},"BXeyVfP4c7pC86ubx6KXCMYiEHR7h7QO2OZwp4axn8Jb":{"registrationId":142,"currentRatchet":{"ephemeralKeyPair":{"pubKey":"BTPYoZXbbi46M3spiMZKeW8JTNSY6yJczpEH/HzAvjQo","privKey":"wElwC4kDeM1/8Ley7p18gd6n3XDewbWjw6pdDCQvo1E="},"lastRemoteEphemeralKey":"BcfLPefqEkbAACwPysQP2R59SnfZxxm3/VdfGLW/rlAa","previousCounter":0,"rootKey":"YeDoHOKhfi3esSshwaEoaVtEj24WhgXi3v87vk3+5P8="},"indexInfo":{"baseKey":"BXeyVfP4c7pC86ubx6KXCMYiEHR7h7QO2OZwp4axn8Jb","baseKeyType":1,"closed":1733213014472,"used":1733213013899,"created":1733213013899,"remoteIdentityKey":"BcAgbVtY+/L1T4HH2f8c/6xoihbMDeZynKT/QP29zWg5"},"_chains":{"BTPYoZXbbi46M3spiMZKeW8JTNSY6yJczpEH/HzAvjQo":{"chainKey":{"counter":-1,"key":"a+0+yuIoI4I2dk956sieLM0D7Q1mZUrkPQA89RXsjTQ="},"chainType":1,"messageKeys":{}}},"pendingPreKey":{"signedKeyId":1,"baseKey":"BXeyVfP4c7pC86ubx6KXCMYiEHR7h7QO2OZwp4axn8Jb"}},"BQXNYVwUe3eRTeqNJPgj/yLoozgR5XfYdb6DKZpZ2GEa":{"registrationId":142,"currentRatchet":{"ephemeralKeyPair":{"pubKey":"BT6wtcF1HIKUfdVEwCCli3oK2tcuQ2Xmiw8Y0NWD1FVc","privKey":"aNOkmO0HDtWbZSfwNN1Q5+uzjMqltvSvgeb3IavWlnc="},"lastRemoteEphemeralKey":"BcfLPefqEkbAACwPysQP2R59SnfZxxm3/VdfGLW/rlAa","previousCounter":0,"rootKey":"StPxmjrsVALcn2Byzmwy6lTclGOdBy7bVDwtgAdOmuM="},"indexInfo":{"baseKey":"BQXNYVwUe3eRTeqNJPgj/yLoozgR5XfYdb6DKZpZ2GEa","baseKeyType":1,"closed":1733213017313,"used":1733213014461,"created":1733213014461,"remoteIdentityKey":"BcAgbVtY+/L1T4HH2f8c/6xoihbMDeZynKT/QP29zWg5"},"_chains":{"BT6wtcF1HIKUfdVEwCCli3oK2tcuQ2Xmiw8Y0NWD1FVc":{"chainKey":{"counter":-1,"key":"9aRbc6sWCXDCQS14ogV5Hyk3XNyEJPwDncOlks+qEVE="},"chainType":1,"messageKeys":{}}},"pendingPreKey":{"signedKeyId":1,"baseKey":"BQXNYVwUe3eRTeqNJPgj/yLoozgR5XfYdb6DKZpZ2GEa"}},"BQTM3VaLYcWhPeVsSZzKgw9CtpBRHtL3kpXFKctE6cR3":{"registrationId":142,"currentRatchet":{"ephemeralKeyPair":{"pubKey":"BXQ37KVlpSJMqz2GcsSHRTHN9BlsczoADX+Qibm4oUFo","privKey":"AMeMH+NUZLKWREz5wOs0b2hOEF6O6LH355gBGxeAMEg="},"lastRemoteEphemeralKey":"BcfLPefqEkbAACwPysQP2R59SnfZxxm3/VdfGLW/rlAa","previousCounter":0,"rootKey":"SycafJY6oZv7FTuV78uNlQfLzGO9Xe1g4rYxebjcQwE="},"indexInfo":{"baseKey":"BQTM3VaLYcWhPeVsSZzKgw9CtpBRHtL3kpXFKctE6cR3","baseKeyType":1,"closed":-1,"used":1733213017312,"created":1733213017312,"remoteIdentityKey":"BcAgbVtY+/L1T4HH2f8c/6xoihbMDeZynKT/QP29zWg5"},"_chains":{"BXQ37KVlpSJMqz2GcsSHRTHN9BlsczoADX+Qibm4oUFo":{"chainKey":{"counter":-1,"key":"2JlwhRbKBsZx0ECgYT2al/Q9YjCdTCxNPt8J5pfrcMw="},"chainType":1,"messageKeys":{}}},"pendingPreKey":{"signedKeyId":1,"baseKey":"BQTM3VaLYcWhPeVsSZzKgw9CtpBRHtL3kpXFKctE6cR3"}}},"version":"v1"}