{"_sessions":{"BYJm4EY0/n2jIhNsrSdY5s1bnTqhIx01rRNJwP5fSzkk":{"registrationId":1479587080,"currentRatchet":{"ephemeralKeyPair":{"pubKey":"BdyAPHF5bShFXUxeveGIRbddOzB5LnDG0yEmy5Zrk9wr","privKey":"0HPwReirVg6uDmDXdDZAdugBTA1YulsVG+HgGYl6QFc="},"lastRemoteEphemeralKey":"BW5Es2J1a7OX5rKduWrNpH/M4QtCMGB9dxK9W9PDt1dh","previousCounter":0,"rootKey":"XA4IwtuX130axJxwrb5TAAaNy1IkwjvP5vA2VDPKhvA="},"indexInfo":{"baseKey":"BYJm4EY0/n2jIhNsrSdY5s1bnTqhIx01rRNJwP5fSzkk","baseKeyType":1,"closed":-1,"used":1733208108565,"created":1733208108565,"remoteIdentityKey":"BZ0hcahA9KfBrEjKVYEfcNassxoQ6ssycHDX74XCZPQH"},"_chains":{"BdyAPHF5bShFXUxeveGIRbddOzB5LnDG0yEmy5Zrk9wr":{"chainKey":{"counter":2,"key":"iMaxJHB4ZFz/8ytkcxLDSMCXT0NfrTV3Ik92PxlRDa0="},"chainType":1,"messageKeys":{}}},"pendingPreKey":{"signedKeyId":8310177,"baseKey":"BYJm4EY0/n2jIhNsrSdY5s1bnTqhIx01rRNJwP5fSzkk","preKeyId":48750}}},"version":"v1"}