{"_sessions":{"BaGJe/khRYEWeMLQ9E/+5WJwBTu4tQ004UNqiAO8EVtm":{"registrationId":1925848358,"currentRatchet":{"ephemeralKeyPair":{"pubKey":"BQvgBDU/i3zhNWfON+Zf8wD+dsJX4tKb7bquCBWpl+0H","privKey":"YNL3FDXTbG8BEO6H2sQT1p7QXbJHw7Im6/QpJsJOMXs="},"lastRemoteEphemeralKey":"BUUd6bL9FKS73rzvNj8tS1MXohPubn/x9t49PK+s/U9X","previousCounter":0,"rootKey":"Iio01CEbK7CeEmaFDPP7CeohI6TckUkY9xpntf0O9PA="},"indexInfo":{"baseKey":"BaGJe/khRYEWeMLQ9E/+5WJwBTu4tQ004UNqiAO8EVtm","baseKeyType":1,"closed":-1,"used":1733208108688,"created":1733208108688,"remoteIdentityKey":"Becygo0L57Xn9ouAHcMNyhjFb0lvVfAoGtcdJhfwei9y"},"_chains":{"BQvgBDU/i3zhNWfON+Zf8wD+dsJX4tKb7bquCBWpl+0H":{"chainKey":{"counter":2,"key":"pxabkaM8/AGzuaGIZUusxbQElr6TUCJkiK2+vz8YB+o="},"chainType":1,"messageKeys":{}}},"pendingPreKey":{"signedKeyId":16,"baseKey":"BaGJe/khRYEWeMLQ9E/+5WJwBTu4tQ004UNqiAO8EVtm"}}},"version":"v1"}