{"_sessions":{"BZks6KnFSbbzc8bh68X5fxlKxcOnsQYBnrqkY4Mh3y4l":{"registrationId":4134732687,"currentRatchet":{"ephemeralKeyPair":{"pubKey":"BWjK3uJjMjucKtfAXFhuezvWGcJF077kGPCFyHHt/NQ2","privKey":"uOPkzDrI18H4tETU85HkgORtAamtTEbpBXNtkKjQj08="},"lastRemoteEphemeralKey":"BX7n/UZvfevTjLT54Us6ks33PaLdEZWJLNZDUN8G5n5r","previousCounter":0,"rootKey":"Fe8oMsxn8zPVcujT1RQflR+AZ8hnpdPafS9AFgs+bY8="},"indexInfo":{"baseKey":"BZks6KnFSbbzc8bh68X5fxlKxcOnsQYBnrqkY4Mh3y4l","baseKeyType":1,"closed":-1,"used":1733208108148,"created":1733208108148,"remoteIdentityKey":"BayA/Kxdrf5HBFAVB3Ujza33vx8L/DDf9syTmhpy3jUg"},"_chains":{"BWjK3uJjMjucKtfAXFhuezvWGcJF077kGPCFyHHt/NQ2":{"chainKey":{"counter":2,"key":"zBf2SFsZNc9hMqEicUiow99FDlwGVIkbHHnOE48VhHA="},"chainType":1,"messageKeys":{}}},"pendingPreKey":{"signedKeyId":1,"baseKey":"BZks6KnFSbbzc8bh68X5fxlKxcOnsQYBnrqkY4Mh3y4l"}}},"version":"v1"}