{"_sessions":{"BbY724CDpSImwUB+1+RSARIDNvMnkvoYA8Nps9RE2NRd":{"registrationId":245242510,"currentRatchet":{"ephemeralKeyPair":{"pubKey":"BSa/v2CTdiwqjXRl0dWBP3JJlATGdu/znnCq/Be7IwcL","privKey":"wOcaJn7qMtLiYzcqSn1vY34O/L0nptrjrgvvN3Rs/l0="},"lastRemoteEphemeralKey":"BVm35/qZpV/hjxA9cHnDM8Dp4SPXQnKsO8X0vtD8woN2","previousCounter":0,"rootKey":"sZq0+SgRsSDUhQuc7mv20GzJd6ngBQILN7k8qj+j3Es="},"indexInfo":{"baseKey":"BbY724CDpSImwUB+1+RSARIDNvMnkvoYA8Nps9RE2NRd","baseKeyType":2,"closed":-1,"used":1733207773328,"created":1733207773328,"remoteIdentityKey":"BRMQs2Xb02/m4YgH12p+uDi0/7uqJ3xahHVs9mNBcLdp"},"_chains":{"BVm35/qZpV/hjxA9cHnDM8Dp4SPXQnKsO8X0vtD8woN2":{"chainKey":{"counter":0,"key":"ZGmhroHdLuXsAvQVbDD3uyI2HxHowryfnAkJ1waIgfg="},"chainType":2,"messageKeys":{}},"BSa/v2CTdiwqjXRl0dWBP3JJlATGdu/znnCq/Be7IwcL":{"chainKey":{"counter":2,"key":"ogJgBbMY92+mC5fuDCIqJOWmNw7V6Qk6rQ0sv8zi1eA="},"chainType":1,"messageKeys":{}}}}},"version":"v1"}