{"_sessions":{"BZCgvE1QTkHD3h6tzsPC/Hr/IeD77CdaH3mGmavKca0W":{"registrationId":14206,"currentRatchet":{"ephemeralKeyPair":{"pubKey":"Ba3zbkL0V8Z+BKj1tjYwANrLNiad/UtcDPpjIIcdNqUR","privKey":"0LnKFUVxPVGO7zrISeX4izHH3Oye4oudEepBxCQl3U4="},"lastRemoteEphemeralKey":"BZqSHjpRSU4FkHKLxMSG1O6LvngU7S8JqTtCIgOTHO0p","previousCounter":0,"rootKey":"ca2qXblwRn5DlVBEwW0zjmZnj3cOdfYVen3wA4o+skw="},"indexInfo":{"baseKey":"BZCgvE1QTkHD3h6tzsPC/Hr/IeD77CdaH3mGmavKca0W","baseKeyType":1,"closed":-1,"used":1733208108015,"created":1733208108015,"remoteIdentityKey":"BdchW2tG06JL2YmTe22aBNb8WPGOuD9KbOwU/Rm7JPYD"},"_chains":{"Ba3zbkL0V8Z+BKj1tjYwANrLNiad/UtcDPpjIIcdNqUR":{"chainKey":{"counter":2,"key":"RZXopb/ka1YQriorizxRc09BwUSQuMs1xcU2j9X9M1M="},"chainType":1,"messageKeys":{}}},"pendingPreKey":{"signedKeyId":1,"baseKey":"BZCgvE1QTkHD3h6tzsPC/Hr/IeD77CdaH3mGmavKca0W"}}},"version":"v1"}