{"_sessions":{"BcHE4ehBlw4X8nAakflmuR6SFPw3HjdngXgBohtKkOIF":{"registrationId":642817549,"currentRatchet":{"ephemeralKeyPair":{"pubKey":"BTmEuuX0rWJwXg/XZCPU9qVUbVJMf5fsDDMjEAIedMB9","privKey":"QNcuKtvPSXPm+PoY+qX4Lm5uCll5rDCEUMkuj3IXxk4="},"lastRemoteEphemeralKey":"BQ+Fh7YJyLhweZcQUiS5YxtZzibNThWYmJCbh+rxFCle","previousCounter":0,"rootKey":"iiI/YkxYVoy2tly39WUMQfYRXIwjnYdqpM2SNnKqVjU="},"indexInfo":{"baseKey":"BcHE4ehBlw4X8nAakflmuR6SFPw3HjdngXgBohtKkOIF","baseKeyType":1,"closed":-1,"used":1733208108743,"created":1733208108743,"remoteIdentityKey":"BWN3T7YTwX+JRpN0aEfr7Q9XxsOQZ2c5h8UhV2tnIahh"},"_chains":{"BTmEuuX0rWJwXg/XZCPU9qVUbVJMf5fsDDMjEAIedMB9":{"chainKey":{"counter":2,"key":"5hnjeZZwEBjvJrnhyYnTPzY0kePhpTVVegYn9XwymNc="},"chainType":1,"messageKeys":{}}},"pendingPreKey":{"signedKeyId":1,"baseKey":"BcHE4ehBlw4X8nAakflmuR6SFPw3HjdngXgBohtKkOIF"}}},"version":"v1"}