{"version":26,"hash":{"type":"Buffer","data":"YgKuT+FAjYt75XoWNZid7mXfbh2JkHIMM7g7xFxyNgWJ+9e8GXGPG3rhqY7JmhVg59P5r8/QmgXaOFYCYRO0mk1Z60zI0TYPBOaIhV8zO+nRxgOz57jp6CBVCpilK8M6IyrbKJiWe/k6udjvK7CL7QXwg0+BuezJ3NWFmH5/59A="},"indexValueMap":{"GCUgsqUK10gz5sgIIgdLQMD6xf+KAysf56qN6vh8slA=":{"valueMac":{"type":"Buffer","data":"UUGSkFhfpQ8n2I/6fdLS8qr09D3AcvfVX8QXf4P+4yo="}},"LhLGBvu2yPQBYFaTHTbBbqa63l1fuzw9L03NdEBqlKE=":{"valueMac":{"type":"Buffer","data":"3JdiRI8v3cZjIpU/V7allyJ01ofrIhvGhkSlRN4Xlbk="}},"Waj+k6G1IiChsejvIPo0NY0wbuv27GS+Et0SNqBMJnI=":{"valueMac":{"type":"Buffer","data":"lLM3worZSK0BDadylDZBQmbBMiEkXydjl1/uDTN9hwE="}},"etwYf/7psLlb1tN3WKF3B0AFugcNzh9FHts4bp7Y1Uk=":{"valueMac":{"type":"Buffer","data":"+xn+IRYiKkOgKjTGISgmUiP/Q1DxBoDmumafw7mk/pU="}},"gO3wF9xUyVnkMf1VrqFl7DkQvC6BDMRcPspU/ZMMdM8=":{"valueMac":{"type":"Buffer","data":"wyCAvnkjwrq4ulO1t9oXzIo7R32uvKNia68WgJjhCH8="}},"u/gtVwDgSea6LXB5RiRtj1BlAyqVwMtJgYLwYCYKyR0=":{"valueMac":{"type":"Buffer","data":"NIuo9lxpXAheBFo80+HE1Rd1Y+hqtPaOnbWkDS3HMd4="}}}}