{"version":102,"hash":{"type":"Buffer","data":"EGkPeWkupjqVVl+jgp4uji8oZwi4I9DuD5oof+SjN84rwuGbic9AyQNx9ND6GDJ3X9D7hCo9D9oFdVIHfxPokK8XAkOikUBtDWskeWE+xZSeC8ZzM/ZClPWC1QtXAPttfO/1ihHKag7rkHnm/u0teo4BzR3kfBf6VY8/R7fc8lE="},"indexValueMap":{"BNsjHrc5cIEEIJ8LlIulKQ21YEsoxcua8dx6/0nwVcQ=":{"valueMac":{"type":"Buffer","data":"AnfK8l66hOD+XX8HPMaN9odUKOqRJw8aDlgcYhlx9nY="}},"BggE7+GP4i8mqBsmDm68T8wt5vgC2oT+buq8PEJdhS0=":{"valueMac":{"type":"Buffer","data":"ZlASc1vIhRHFxQzHWO2G2fISHcnjvDhPWcKkCVr8CW0="}},"EsJ5eNvj60llZHgw9DjEsjwLnFbJIMRl6BZO+f4T0ug=":{"valueMac":{"type":"Buffer","data":"7/6pVUr0S+Ca+I/Vvfaw39aIYivrzjaqNpTf+ubG/uU="}},"FlF9lONiHr1xKnQWsTMf0Hthl58B5OcC+qXSKDJcQnQ=":{"valueMac":{"type":"Buffer","data":"nAMDRyNrZsS8gV42ot8pWpyo0BedtbF62RIOm0c5/Tw="}},"GESKH+YOiMozyH4rMj3OD4jnqerXgGfPnNRNvmQszFE=":{"valueMac":{"type":"Buffer","data":"eiUG854AtJHrXNIPX4FyVnO7WtWIHXzMEvSXgfO7rLs="}},"H4NIPWhTYFy8UTwxpQB8dfQq0vIM7KNt3y2fOe2NJ7M=":{"valueMac":{"type":"Buffer","data":"8OJIOStLUfCKTD3h3RghJAnBp9KseRfA0Mm8tAdixyM="}},"Jt/0pVRKXL0bixItHXRiuzSRJKtSpjaPenAIbtn+Wq0=":{"valueMac":{"type":"Buffer","data":"momIj8HHnoelU/BD9Hwo/QhFEhDInydzpiyxvIRA27U="}},"KeZghSYk0+eJQ+pTWJLxQcg2kfMEe+4dZnkuJyV5ApE=":{"valueMac":{"type":"Buffer","data":"4WLwkkiRcyzWYkwOS+Uy03fcbXSD1KV239F8d1tWzYg="}},"Tq8yC8OsvyzhqrwJUWvbyUbgOxiysERzWGElL6iPY3o=":{"valueMac":{"type":"Buffer","data":"B2T+phHcurcJUCQHKMFRvMNMzn4Z8uYGOW3dxaTwTAM="}},"XkcMostDgBPBQi6TVauo74xv1rBsmiClIGbcYh8PmIM=":{"valueMac":{"type":"Buffer","data":"Qm5C3MA4yZCXthEk0CeDKbVGq54A9HkGmVVstH7ovBk="}},"aApDpubfzzrSJcJqF89W9rKqioY8A10TSmFhdyBg+0E=":{"valueMac":{"type":"Buffer","data":"fVmLTgMEsKYAdsQXYugK1o3b4Y05Vj+X3Ax9PLEvi8A="}},"cLtYy995Kk38PDR3+iVGPbO7qpivpBn7NsBU1slp//8=":{"valueMac":{"type":"Buffer","data":"9BKHdkFVW7XI2BhEsBmYSd2+KXi2cRKu+cWoflnhsdM="}},"dRx3hv5al/hWUwtRInvds3MK7pD84VNLO/WSZDt+L7E=":{"valueMac":{"type":"Buffer","data":"pHouraLQcBxMKbjNsY2lc70EwjjuaZgxVxwtR9dF3ls="}},"eTzjgc82yuCc0cm3/eCV55GWW1mO5O3V2FtTiLZRI4o=":{"valueMac":{"type":"Buffer","data":"omhUmMebDIFCD3yOS/+pnOuRa9cT37u6WU2jLkub3+c="}},"hUN0f6tF2BDegB5aR2xK5qPfXPT/Z5c1YqherYC1iDQ=":{"valueMac":{"type":"Buffer","data":"/K7e2c6qpgDMFgadS9l3OOimW4pBeNt2JxsdJzEcZUQ="}},"nWqHNJMz+v5j7V5rG7v/cBMG2wDg62nlgCl/QZXp4ok=":{"valueMac":{"type":"Buffer","data":"CbIhjHIqM6qxfgvnbeia6uDLqfpjVVqR/hu3ZzXgBRg="}},"oCLH5cnM82JwXwON9ihJ8+zuwdqEXSCXq9B0KhkYEw0=":{"valueMac":{"type":"Buffer","data":"1J2MQ/iFYfgCR2dmitkwDmFN3sTob/jkDYljTphuwBY="}},"pEbXqzx4NM+EMKBZ990vjh/4OndtNyuAsVBpwKs3t44=":{"valueMac":{"type":"Buffer","data":"Onymu81VzCDfucyxJig/Da8OS8S12XJ0UGGp27lRUkQ="}},"rCzQ0hvq3044uC+sSHnIyzk2Ue4mRcoE1/tnsXxlqW4=":{"valueMac":{"type":"Buffer","data":"ZwgyL7ns1O6b/zGz9Zbx+HRwYZZp4bGcA8OWmKGkA10="}},"rQNXvh3qr+UKJwIvYF8cUKwWrQmKE2wD30XXuXC07AI=":{"valueMac":{"type":"Buffer","data":"Ocmjlqjzuu42PbY5+aBO8Z/CbhIeu6IrVhvBi69HDPQ="}},"tdLLJCqBKEiPJDnSMZJ7GxcE9CXSE31KSDFDVdgxY9k=":{"valueMac":{"type":"Buffer","data":"kVHY5JAyioeTr0jvXKDNEfsrM6kZ17oFFpc3x1T1s0w="}},"twYOCg/uTmZAnysmd994c3b8qECxNl351rx+voNc+RY=":{"valueMac":{"type":"Buffer","data":"/6i4bGbT7LLfpy5rJmTt0kaz3jd2wBeHV/MtWExPoTk="}},"yMTQ7T3euY3LFcbqk2synWK7LjDJpfgNQ4Dr+8MT11o=":{"valueMac":{"type":"Buffer","data":"bxW6J45D38JuZ3HlpWstEvy9Upqfe8b57FX/gYwLUhI="}},"57bBAdvYyDAN8+Wpvp4nwkYIGjLB5w+NpmZ1L79B9dM=":{"valueMac":{"type":"Buffer","data":"qTlSX/jtnsLzSkQbih1OS0evnuunsFZVSAP/AERsKDs="}},"IMOI6N8D4/FQqaEkh4CRK6z6UPhXElXy3d9GJQIi0Ns=":{"valueMac":{"type":"Buffer","data":"QaCOqLHd1VliViUs9dTSJ6RN2CSdHxwcHem+i+9n7x8="}},"R8WmR/Di1OgVvNCGhpfZfsK7539U4UVSJ9hkJeMbbOQ=":{"valueMac":{"type":"Buffer","data":"8Yg1y1NN/CHlfEUsm9y5igcnPcIyQgBPh6/fA6f6EzM="}},"ieSGWmob3rC3QfPPpDN6IY9WJ1vb3l/plvS/ZjW42aU=":{"valueMac":{"type":"Buffer","data":"aRMA3HTFSkeoSzJcW3qG3VLwrtYes2G3HK/MLrHEv1w="}},"SA/p0hVQABMJiGViioGyf52xUJ4IVvzZtoIkDXX0E8k=":{"valueMac":{"type":"Buffer","data":"pki9S2LGWU36Yajvv2KH3q8EjO90jv0PqYSIUnd0oMU="}},"WDENj/xFWzgs/0dZtdu2llywepol/QgVXy92EYuZE5c=":{"valueMac":{"type":"Buffer","data":"81PVAZN4anBD7ALTMCuFmMU60ioaSCRCnZ8CrN9dhqc="}},"0VEHv4U8988HDdAgjXt/kFGf0Kx3chgkDHJ7LldW6FE=":{"valueMac":{"type":"Buffer","data":"Zw0vfNY+Gq78XlI2gClRL8aWIJcQ7yOu6N4DaZbRWXk="}},"sG8dxwevmKdQ0a5J6IWwhPi7Vo534dErXVbRD/Vjx/M=":{"valueMac":{"type":"Buffer","data":"OZ5WoX7oFou+P/SU+fqrNmh8Q59tE0mcRTp1TugJPfQ="}}}}