{"version":90,"hash":{"type":"Buffer","data":"Di0o6SrW7jXPFBxSWzIfMGuSQyiEstWJZz0emTcZvd7KjdZ3JfrNbdZMNnjF9zMmvCfg6DSSNeCoVchM7KTqVpqUTOag8PJt42ePobExN9nbo6qGwGYfElyoddY8tfOBTLA7gtLh6xneLvUJ/vr7/59o9Q+TwjjIXiU8QwhErds="},"indexValueMap":{"AOtHQ39eUU+RpoT1pGHfpsdlF7SvtCShaLt+TgcuzGs=":{"valueMac":{"type":"Buffer","data":"ai4TYW0Anp1GZfhWya5C5moLzGn4ilc7Xf8kD1qIKPI="}},"AVN3z83fkKCihYOC/i2tzJjrrPFMrBChFL942BAH+bI=":{"valueMac":{"type":"Buffer","data":"pUfM4w75DiBxfKqUK+eQDuqBudQ1efm3SIiCeS6bmoM="}},"B6OGpf5HNmonq0Z0ETu5gpDjZXY4rsnqeZIZBGCJeHU=":{"valueMac":{"type":"Buffer","data":"j+3u3AFHeKbg3EjwS+76QnUIG9YhBbUdaX9jluil+ZU="}},"CJHOMblGW3xU+rxGHrgwB4bZeLW6Qtr+vZvC9zzAnUs=":{"valueMac":{"type":"Buffer","data":"I/LwGSZNeGflgV1Dj5mAoWSIDG+r6sRFQQrdl9u6ArY="}},"Cxq3SC4AEhzwuhh5l4cT8gk1zT1km0mUVQmci1pHFkQ=":{"valueMac":{"type":"Buffer","data":"cBXAafSul5rEmvlNnbse4HeqAmXYzs3cOiFO2XN4+pU="}},"DgcB5XXR1eFCszYX/0yGsWoFCs/qGnwfCLEwcwjVWh4=":{"valueMac":{"type":"Buffer","data":"JhXA1OQK+4uvBCYSrtrQKf96/PP0bJA8KNKe166XPEU="}},"HKjaDUuBkGmj8KjlQ38DFIJtU9ixAxnjH3hx0UhBs0E=":{"valueMac":{"type":"Buffer","data":"z4FQ6CGGbcg0e7jLmxphKK1Crq3qvTFoU4ShbLNVhw0="}},"LDZn8Cp0VV521i2ZYAwTPhYffTah7SyxPy8lc3MoPC4=":{"valueMac":{"type":"Buffer","data":"6917ERDKSIzUl1Ro2b2z4l5YoSNop6BBg7qbyDq1Wjc="}},"OpjPzqak9on3u30Pc1IvUOS6lG29rUkrB9v/dxhhgkY=":{"valueMac":{"type":"Buffer","data":"cSCxI+ktY/I/VWwXky7pyFhFhv79kegaHI6NebnYOWs="}},"PZ4v5WzaxLSJnPnRCYZalcwt2dsNLdD0K+ro7Az6RoY=":{"valueMac":{"type":"Buffer","data":"M85rr8Pghzeaw4cnykRXboNb+7EuAtSg9FUAlAoONWY="}},"Q+QKn+pzaEvWOF2vv222Nd+rGbaAWtM899WAYY6JXY4=":{"valueMac":{"type":"Buffer","data":"suUYXVITwlPK/r++bve3227qv1QjDdOdRBp38E8qs0g="}},"Rc4l6mbwFu8qNt6bq8tMXFOPX1GED+3kvMn7qJo9Rf8=":{"valueMac":{"type":"Buffer","data":"5civXf50Cy0uBEZD1XRAJmLo1zm+1DxhuZuoc1AxQ7E="}},"R5vlD1IMKpIpNJrZ9Tl44DyeciCH5huus31s/PKCuAs=":{"valueMac":{"type":"Buffer","data":"CZh+1E45/poCvwya7gAYOx/VY+UOVjmDB6nw3aNX4/Q="}},"SG5wNy+8FEriecIGXgS8vd5CXH84Eg5QJxQgI7hDnTU=":{"valueMac":{"type":"Buffer","data":"qWmisl6gwiHVrnZVmS3d13g06Z91cPkrtMr79EM0LHI="}},"UmHZftJ2Wg7RzJHpGFm8kBuHhsqGd2niNt3TZJMx6QQ=":{"valueMac":{"type":"Buffer","data":"YC+Et4NjtvhHrGbZopHVOcmCk+IzpgI30I0Qti9kU9g="}},"YfA8ZHyfTOdpOtHQgAQ3Vv6qA+8019XVCZVVIvuArF0=":{"valueMac":{"type":"Buffer","data":"WCCB0R1GyQAmQqq2QUuBjzw1R0oax6euNIH3VjSjxVk="}},"ZnVdZAF7DSv+phRtFiT6q4gG8JwTL6PaTPnu71s/ffo=":{"valueMac":{"type":"Buffer","data":"ZCjtrf2aJJ7KLE6OSL8SbR7yYS4pdtIlUKB+Dxm6hDs="}},"cdndPdCgH5YfeAUhttJT0WRKofYDeW0qkG+Yqm9KG3Y=":{"valueMac":{"type":"Buffer","data":"9IwoyDd3Xv/InWEpQbunARzKR4WKpp+RqDRLKF5/96E="}},"dncMxlTjSMOBukK/Yi5MMBA50tZp/PTtCPmL1PVT+20=":{"valueMac":{"type":"Buffer","data":"m6TqqYDiBXiKtzcepaCSC1GoReUmpDpm+1dUEjRjYzU="}},"gUNDoivPp4a5XlwwfBBC3LCW63RsPhJxhiNnYPy9IN0=":{"valueMac":{"type":"Buffer","data":"eADl+dn8sGsJ8mBFwt9tU0GTqtgoDBQLTQZZVgyOfAk="}},"i+3RnkAQ8sjktui+gzmKpif3u5n7zUKmqCBFDM7pUO4=":{"valueMac":{"type":"Buffer","data":"aEqUTgX21+sdky2WzYq/0G2UxB7V99dphLAMel3R8rQ="}},"mDphDKe7OhlbzqbFEgT6iQ9+ewrdyqdWOJ8s7VVxhSw=":{"valueMac":{"type":"Buffer","data":"qZPIUL3jhy4RMtI8x4NURFmIQ4U9/P5boTBnN82vzgk="}},"m5cGAsP6U2Q1Q3UQZURgr40tzlYEhdubqtO85o0NLQs=":{"valueMac":{"type":"Buffer","data":"CV8+1zhiXq3wqDlTYCB6wDYrm1ljql3jz5YD31G0cNQ="}},"niSLp4KgXYeWylO0WhrAPIpSo3/PSF8K07UsmlH/xcY=":{"valueMac":{"type":"Buffer","data":"q6rZKiqFjoG81iFpcr9e9G5dSY/nD/Aqbye8rPqji34="}},"oABbysIJPnZK8lPFdyNlXth0IgXNBzjqmVzQbFmb6T0=":{"valueMac":{"type":"Buffer","data":"IsAybWnv7+QYqNqM/4Pw6hGEVz/hKzqZDQp6GxQrgD0="}},"pSUJ8UfvLka1bLu534Nj1NukzxcCh6CmBUis0XVt5v0=":{"valueMac":{"type":"Buffer","data":"WHQ8hUtftWfDuzCQpXUxAlNaQoly025W6ylxAPmm/qw="}},"ptC9SMLCkdeOwxthj++r/Y9HLpoJhVeJZ7X3ZVmPaCU=":{"valueMac":{"type":"Buffer","data":"pfa8A9I81b00wWIBbCPRr1tpijHjOGzFCHYb+VVI2IQ="}},"su9f+QaTIbSprxrKfqApk61b7DlxwlHW8K3K/A09PHE=":{"valueMac":{"type":"Buffer","data":"PFbDysvTqopvD+UmFYJHd0UXbwxSHD91rJkHQchtWFM="}},"svdvCbk12VJpL8km8qqL573CKPblsyPd1az41G/qVgA=":{"valueMac":{"type":"Buffer","data":"zEAmB4od3JU4dbFGRAL92saEKO7ug3RDCOuebW4RKEM="}},"xpuQwEg3akgtcLWAcExCkg1VKbBurwffaSOudB7AC/g=":{"valueMac":{"type":"Buffer","data":"8GsHYnOI87AYi58F+BENqPF0FZbr6Nj97JYqdwV32YI="}},"yLQJ4hVeWmuUogLTpEK4V2XTDcVHIF1QU+c4SSAppLk=":{"valueMac":{"type":"Buffer","data":"Q0qWOymdfzgC5KqJ4qArFqGUVFETEU3Fngn5yhH6YaY="}},"yr9mnzb/pEYEd7RtAKGkpEsXALs2BWofZ267Y95qWOU=":{"valueMac":{"type":"Buffer","data":"zKR2Hh+lMhgNsT9YoYP18GLZfWaCZz0h/5APdCbLWQg="}},"y6VB/KgBtcTCLqJJSeQNyHT4urm3QuExi4LvIPVRuik=":{"valueMac":{"type":"Buffer","data":"dst7CUoWtqM7/HJQDfvX3Xw3DwPvyELO35WcVIoNbS4="}},"z1qcNlIuaLHXuAQ8naD4ZTgPhqfkL8aHpEN0qhPiXWA=":{"valueMac":{"type":"Buffer","data":"HgMwuagGmcqC3rsenlJn16nJ5B9TnpEH69i/XxOi5Fo="}},"2PEB46WUmFQkpWJgd1W3UpYhCm0gZWa91cEfpjCPeh4=":{"valueMac":{"type":"Buffer","data":"ZgjRcBi5sTlLR2bupWMCOjQ61chG6BDwH9j3eY4OO+A="}},"4nvD8YVZiwSq1iJJEG8tyZidRc5w/zzkDW07P8kkCkk=":{"valueMac":{"type":"Buffer","data":"QhxdAJeeu53DkSNAWV2mwalFGWZ5KnYYSlJB7xbBxfc="}},"5ul32pWIoicFHMl/ja2NnkE46AJ3G+ZXYrdUm2BTSZ8=":{"valueMac":{"type":"Buffer","data":"mnqypsCBiZ/HGmSz5pXn/XQELqIbx58Xam56vj9l8Cs="}},"6/iwdvzxS2RYFPv2z/TmvnvmlSchWsWm532ophHzq3A=":{"valueMac":{"type":"Buffer","data":"m7LcOVSCn+g0Wjx1kzgksP/eqinFr0ipamDm6lwhAMQ="}},"9v+Xs2Ls3zdzRgoWK4ehmm6Vs7vKE1tRR7e7y7LS3f8=":{"valueMac":{"type":"Buffer","data":"E8GO1qxNE/Uif168J+yxfG0Sv6hJyr4XTEnmAqNOr2s="}},"+SmoTkg0CUGZfUpQoTo/U2Bd7jYmxaZn4+ISxrv7z3M=":{"valueMac":{"type":"Buffer","data":"pQjgVmuKgPdSh4dh1YO2mx5pTW0AqMOX+FyZZfcnv0c="}},"+eC+89t3yBPrJz7KNC/E21DzNJdBMcwqQNlIpGypIbU=":{"valueMac":{"type":"Buffer","data":"aiIpMXjMDnPNmkHm4Ooddf+WrgbZpwDHw631b+YIYyA="}},"9UNGA4f4bonJbhNgVa8yDouXbfFYDWODB2MYK+ws8Xc=":{"valueMac":{"type":"Buffer","data":"bZvSt+zZsC/ulERJ+RJUpejbsyeayc6RB0kZXr+ldoI="}}}}