{"noiseKey":{"private":{"type":"Buffer","data":"CDZ76PdIn5ojxL6cLfmMlCXcyYM5bOeOMYHZowkc0WE="},"public":{"type":"Buffer","data":"AshdG9geULDA6RIeELcILWf2X7lYYGQcpvINauE90iY="}},"pairingEphemeralKeyPair":{"private":{"type":"Buffer","data":"qEeBEffxfOWzEfobj/UhCXPPps6M/iQbAEgWDu0cQVU="},"public":{"type":"Buffer","data":"ldJNUoOjAi545rxUmqgAWoBd3wpFox3WprXRJIo/FFc="}},"signedIdentityKey":{"private":{"type":"Buffer","data":"kM6VzYUpzl9MVhcys269HmKNM0GO2ERNjIO3//6L2W0="},"public":{"type":"Buffer","data":"XCzrCvdzWow3ZqT+cNStp+F4koJBvhrICcEgIUuUjFg="}},"signedPreKey":{"keyPair":{"private":{"type":"Buffer","data":"qHV18PlSp1jUhDzfJwZI7FWtSEV31Rjic3WDUTaL+Vc="},"public":{"type":"Buffer","data":"ct31Tb6uqT6tsS2/PXGV8pZQpMiyvTi59nn+4+v9xjg="}},"signature":{"type":"Buffer","data":"IvYceoVeci7QElcMuqSVwmKKu08NckfvNqk1GK8cpK9GQoabR883LFvgheGgknX6mfJ/PteuUK3bHQwGBnsNiQ=="},"keyId":1},"registrationId":199,"advSecretKey":"cXY2HBG5DTNRAiW7ZhUvsNdGge/xa+LG8Fl/3DqQ4Ek=","processedHistoryMessages":[{"key":{"remoteJid":"6285183352262@s.whatsapp.net","fromMe":true,"id":"6C5DF2EF6F3DBCD52D435FBD80295C68"},"messageTimestamp":1733072720},{"key":{"remoteJid":"6285183352262@s.whatsapp.net","fromMe":true,"id":"0D2D7A6BF0CE1852B297D502F110C24B"},"messageTimestamp":1733072720},{"key":{"remoteJid":"6285183352262@s.whatsapp.net","fromMe":true,"id":"3D6A1A55DC4D72CF1D78D54C57B42377"},"messageTimestamp":1733072730},{"key":{"remoteJid":"6285183352262@s.whatsapp.net","fromMe":true,"id":"4ECF44860DAE393DFB0E1982C239E59D"},"messageTimestamp":1733072730},{"key":{"remoteJid":"6285183352262@s.whatsapp.net","fromMe":true,"id":"DB3FA84E4B6C48A3E5CACF7D1B9E5353"},"messageTimestamp":1733072739}],"nextPreKeyId":31,"firstUnuploadedPreKeyId":31,"accountSyncCounter":1,"accountSettings":{"unarchiveChats":false},"deviceId":"st-iNr5wQC6sDWGEJVLZaw","phoneId":"5b2d63ef-f604-422f-a98f-fd732f368533","identityId":{"type":"Buffer","data":"SCMkdJQjIMXEAGOBYvXLcmuWcK0="},"registered":true,"backupToken":{"type":"Buffer","data":"ADyXa8owXP+FaeCnj7xj/GhffcA="},"registration":{},"pairingCode":"VN7WNQMZ","me":{"id":"6285183352262:36@s.whatsapp.net","name":"wbk","lid":"163849244291227:36@lid"},"account":{"details":"COCv3LEEEMWusroGGCYgACgA","accountSignatureKey":"6k1F5kDDZD9zg4jLUUMstSS7P05dc3tE85tFt14SoQk=","accountSignature":"IRnLQVmlP/ErA0YsiIa8ptb653E8Dd/ROLIZ21Bg9Riqcwr+TlKVuQ+mxU9wdHi9ImVxONK/Q6aQLnrwc4LQDA==","deviceSignature":"l9D7V/6lMvSiwg/mCkfGOe0DC2K1/LDhU0INRTdXJ1Svtg9EoJDpBlbOh9S1lmTRa3oZuW59lPJQjYl18MIaiw=="},"signalIdentities":[{"identifier":{"name":"6285183352262:36@s.whatsapp.net","deviceId":0},"identifierKey":{"type":"Buffer","data":"BepNReZAw2Q/c4OIy1FDLLUkuz9OXXN7RPObRbdeEqEJ"}}],"platform":"smba","routingInfo":{"type":"Buffer","data":"CBIIBQ=="},"lastAccountSyncTimestamp":1733124842,"myAppStateKeyId":"AAAAAACF"}