{"_sessions":{"BfaP+r54mtO4EwmDKFYKCWc9klrx0deQqFQmTSc5GWQP":{"registrationId":1712117887,"currentRatchet":{"ephemeralKeyPair":{"pubKey":"BXNvszV8yhl7pSe+g5OYxWU4d5tkdbnF5VNYZqbHEj1x","privKey":"2EJnhVRiWOHicQ7H4Xy7tIkbMlDgSql/eWMgI9ejElI="},"lastRemoteEphemeralKey":"BfgpsXvRnWyH/ZfYLjQn4Eav7zvT3+BBSF0fNCN2rAdm","previousCounter":3,"rootKey":"om/1bSqzmhdlah2Qqtp7lGamLJafEPsiQAtJOqrYRsE="},"indexInfo":{"baseKey":"BfaP+r54mtO4EwmDKFYKCWc9klrx0deQqFQmTSc5GWQP","baseKeyType":2,"closed":-1,"used":1733132345188,"created":1733072753343,"remoteIdentityKey":"BTAiMN4+IVk3MlYpCaTAIq+H+DxLflE+42mArNFycsQz"},"_chains":{"BQvGLDoYaFJJza3owI34dWV+NDzD0ndp5ag3e2+nNkww":{"chainKey":{"counter":0},"chainType":2,"messageKeys":{}},"BWJSq/tDf9E+1rD701AF0gjNj6chSQY5J9JDqTE7e/4R":{"chainKey":{"counter":0},"chainType":2,"messageKeys":{}},"BcmGbDQyKIpBAywXuVk7XJipGiB9uxRSb4kM8jIhke1R":{"chainKey":{"counter":0},"chainType":2,"messageKeys":{}},"BZWHesjHXfhKsw8eQuo4syHj18GdZ6yGhAv9jk+Am+El":{"chainKey":{"counter":0},"chainType":2,"messageKeys":{}},"BZxgmAswQW8HYxTtLiWpPbpddLVzHEpIT8KOO3Z84o9X":{"chainKey":{"counter":0},"chainType":2,"messageKeys":{}},"BTxsN/pF4G9RoGj62bjaymjGjH4isKrEWztSwAGkTI1j":{"chainKey":{"counter":0},"chainType":2,"messageKeys":{}},"BWn5pafIEPCtDM0Ts7B+2YQSOgoNNxNj/pX9tc695Ksc":{"chainKey":{"counter":0},"chainType":2,"messageKeys":{}},"BWc9pcayCJHWAx8PXleTHnW4z78A7UJmKTPnuzzLbwkc":{"chainKey":{"counter":0},"chainType":2,"messageKeys":{}},"BRPJmXRGsxsWP4NCNJyuDKDP3IaWo034urS/CpKq4pc0":{"chainKey":{"counter":0},"chainType":2,"messageKeys":{}},"BaTwmMp9b+p3QI4ZTX02UoI3TpvrWKuxwQofsOJo8e9g":{"chainKey":{"counter":0},"chainType":2,"messageKeys":{}},"BRJUFHiVZE0zUkIj08dEB4v3hCXFmTt1ljhtOb30OSsz":{"chainKey":{"counter":0},"chainType":2,"messageKeys":{}},"BfEVJW6+ieBuVLbcneoiaCI7UMYfQy/nvtr6EeIL2+VR":{"chainKey":{"counter":0},"chainType":2,"messageKeys":{}},"BQuL2uCnzFoa/u8puplVKbVSQHqzC5POj2mlmUC7MRpT":{"chainKey":{"counter":0},"chainType":2,"messageKeys":{}},"BVYRvC+xNem4gsBXiQC+f0eoEdSHMK2Lq0s/ffoLnlAV":{"chainKey":{"counter":0},"chainType":2,"messageKeys":{}},"BXi8rwn063jXBTX2G1CAEqi6YBqD+8D/JbtOdZeDa0wo":{"chainKey":{"counter":0},"chainType":2,"messageKeys":{}},"BSWVMvcQZao7G0Z+/r6Ek8+SZ1ssJDwpzDyLOSLW2QAg":{"chainKey":{"counter":0},"chainType":2,"messageKeys":{}},"BUSe6NQ5t38izhGVI1C+7p8rYP1nAb8XGejTlndTi7Nz":{"chainKey":{"counter":0},"chainType":2,"messageKeys":{}},"BV94wlWyIIZNIn5wMiu2t3m3FmXfYL51XLNBh0ehBrpr":{"chainKey":{"counter":0},"chainType":2,"messageKeys":{}},"BbwRiFXA/MI3NglQBoBGZ3ovWO5+ZAXn/5APb1OKjPdf":{"chainKey":{"counter":0},"chainType":2,"messageKeys":{}},"BUsx1vNBAi1B9Y/u2RfhUU/xazsO9EDl8KLWFkoxz8IK":{"chainKey":{"counter":0},"chainType":2,"messageKeys":{}},"BTVZUfGmkeX/rntGni6p6uac7lHltd0qK916/rTV2W9j":{"chainKey":{"counter":0},"chainType":2,"messageKeys":{}},"BcNZUzHnWNihMEUiOrYLEiu7PKbcxCZgkUF5+ix3kXxU":{"chainKey":{"counter":0},"chainType":2,"messageKeys":{}},"Bb6ZXGpG41qEKGYpqVm4haN+OHzDc0PQsrPZm1mCIdEo":{"chainKey":{"counter":0},"chainType":2,"messageKeys":{}},"BRD9i2d8PHuaNBBilaQC47DeISEWzUQpWhG1jbCaLrZd":{"chainKey":{"counter":0},"chainType":2,"messageKeys":{}},"BbAxE6kkjLdgJhJvXvNkZCm09lDFiAxvSgMFYKpkmp92":{"chainKey":{"counter":0},"chainType":2,"messageKeys":{}},"BYoYo19TGdUg6z0Kgcg2bOQP8aK5qTHGruKAU02IEGtl":{"chainKey":{"counter":0},"chainType":2,"messageKeys":{}},"BZZgBWYGECNm3TfXREDoiD0nefeu1Rg57etY1Pyq6g8v":{"chainKey":{"counter":0},"chainType":2,"messageKeys":{}},"BTPDIHhLfPuAnH/71A1zP/3wS1g1u7LsedUPUUJnQ2A4":{"chainKey":{"counter":0},"chainType":2,"messageKeys":{}},"Bcxipgai01GVbxSiTFdVm54hzUnr6F/3qV/xBg7b4Z9n":{"chainKey":{"counter":0},"chainType":2,"messageKeys":{}},"BZjs3dhjIHyAAj+nLqDleriFRMMRSRDV9qmp3Ynb3JRz":{"chainKey":{"counter":0},"chainType":2,"messageKeys":{}},"BUdgUTVsxqCtx2d8lKgq3vKOW4PsbNFFyySGbbuakEgY":{"chainKey":{"counter":0},"chainType":2,"messageKeys":{}},"BbwXC+HSSgjrk5oCo5Ulp9CKyzGhu5OPI5zw6neBkJFC":{"chainKey":{"counter":1},"chainType":2,"messageKeys":{}},"Ba2qZGQRX5ezoTb1hbiurdlqHx0q+b1GAT1MgSNzDMx2":{"chainKey":{"counter":0},"chainType":2,"messageKeys":{}},"BVba73elxRFLnR7Bwj/0T1RpHEHYGzOoeG3Y3NofgANQ":{"chainKey":{"counter":0},"chainType":2,"messageKeys":{}},"BS7HH7Uate3tJCoan/MjOjqXjwy22bmg5bcTcHBbBR8d":{"chainKey":{"counter":0},"chainType":2,"messageKeys":{}},"BVbLlwtbgGFN0zLhB3fCY5J1sRuXEZS/Q7dBmhwBDCQC":{"chainKey":{"counter":0},"chainType":2,"messageKeys":{}},"BQ4PrYEg0DzE/iwIhrG2vjcee2nS7uAw6tPiGLylH9Bv":{"chainKey":{"counter":1},"chainType":2,"messageKeys":{}},"BewVODNJC4VBiFv9nplesxt0RzHWXgdev0Akrk+QN4sC":{"chainKey":{"counter":0},"chainType":2,"messageKeys":{}},"BaM4JY35MoiwD1LN/WZCVHkw0Q2bOkb7lKAGsid8xOc/":{"chainKey":{"counter":0},"chainType":2,"messageKeys":{}},"Bagr37oLYJw3CK6INX95tOv+87cfjAXd2hRKtQMVOo4g":{"chainKey":{"counter":0},"chainType":2,"messageKeys":{}},"BQ082pCEC2dHTa10j4coWbqWmEn8kavyxK2VDJSQ/Gl4":{"chainKey":{"counter":0},"chainType":2,"messageKeys":{}},"BWMKAGErRUhULUYtsUyy7yil2ARGWsh842KKb6xo2mpS":{"chainKey":{"counter":0},"chainType":2,"messageKeys":{}},"BYtl0yWW/TtH4PSe8Iz8pFMcMjyzdSOrZ3qLw1e0QrYN":{"chainKey":{"counter":0},"chainType":2,"messageKeys":{}},"BdO9fTQDfKWNNeuLoCTnnPrkzCsxu6a9FPVLjCYBqC8B":{"chainKey":{"counter":0},"chainType":2,"messageKeys":{}},"BZ9AHiLm/13zSN9Ad30v6Znmp+AaJgZhLnU3YH0Xd1IN":{"chainKey":{"counter":0},"chainType":2,"messageKeys":{}},"BflQrx2HkwiUPMy3ej0k1uwGO6pHqBsTV7tng7KAnKwt":{"chainKey":{"counter":0},"chainType":2,"messageKeys":{}},"Bb5sHGDU0qJ878nleWlv//Y6SPDfVP+dX0SOBfN8YrNF":{"chainKey":{"counter":1},"chainType":2,"messageKeys":{}},"BSwZDpcibYV5Y4h+LFe9B5JlXVMpSRe6wYioyFGwLY5e":{"chainKey":{"counter":0},"chainType":2,"messageKeys":{}},"BW8OG/YaNkVPPfBrJOuWuH8ZXoRS5J1tEnRJQQ3FGrNf":{"chainKey":{"counter":0},"chainType":2,"messageKeys":{}},"BfVWx+w/zHY0+ulcLtaFH+e0lTlX2KkezaZmdqsVqrgN":{"chainKey":{"counter":0},"chainType":2,"messageKeys":{}},"BYJc3P0291Cpjf0UGZbSbeUrUcWDTfoAwJKAP9RwtXgN":{"chainKey":{"counter":0},"chainType":2,"messageKeys":{}},"BWqzjLMOg83UvrSt74gUi0nnocjPZnXmMSQCDFlMSzdC":{"chainKey":{"counter":0},"chainType":2,"messageKeys":{}},"BXyuFhrJwr8TIljbADtERkvFN3LzLnCLQeTYN4QCbkd7":{"chainKey":{"counter":0},"chainType":2,"messageKeys":{}},"BaPiW3ULAqQf4pIsbq/D0Kt0xUwOvmY7/QkWLqhklFM8":{"chainKey":{"counter":0},"chainType":2,"messageKeys":{}},"BX+FFj4/M5+MTAiQH5L2G3MSWZn96ZCXelZxQzgVkWUI":{"chainKey":{"counter":0},"chainType":2,"messageKeys":{}},"BfgpsXvRnWyH/ZfYLjQn4Eav7zvT3+BBSF0fNCN2rAdm":{"chainKey":{"counter":0,"key":"zoEEn4OjIW+EPQHnilM4dc1eRm1HVWYgvlu/MqmxGts="},"chainType":2,"messageKeys":{}},"BXNvszV8yhl7pSe+g5OYxWU4d5tkdbnF5VNYZqbHEj1x":{"chainKey":{"counter":0,"key":"ZX/IITotw8Wv/HSrGspGC4KkNHtaEtqmVBqwJeXlnsA="},"chainType":1,"messageKeys":{}}}}},"version":"v1"}