{"_sessions":{"BZLRbiehS49gkQZCZIo42gH1ZlBpqaD2LGaRqDVC5zZc":{"registrationId":53,"currentRatchet":{"ephemeralKeyPair":{"pubKey":"BaDGEwZTQ5CIdI5j3rZY5FBOLxrcyBuBthM8EJk3KqMw","privKey":"SJ1/KN5X7g/pbLRFGNbkdr02FoPo03TCXU5HZhkO60c="},"lastRemoteEphemeralKey":"BWMt5H5GjUmBRab+aQGgL8zdsTKQk3RDBacweXKiuqhu","previousCounter":0,"rootKey":"bCSWAi7mO8rZ6NBJGBRudl9hnBH1lyk0kj2Q6FY+4nc="},"indexInfo":{"baseKey":"BZLRbiehS49gkQZCZIo42gH1ZlBpqaD2LGaRqDVC5zZc","baseKeyType":2,"closed":-1,"used":1733124845521,"created":1733124845521,"remoteIdentityKey":"BTF9l/B2c5Oe6JxMxXF+4PMuk8i/xMzAfT9nDvNa1AEd"},"_chains":{"BWMt5H5GjUmBRab+aQGgL8zdsTKQk3RDBacweXKiuqhu":{"chainKey":{"counter":0,"key":"odrFM7FhD/g7EnKlsGgO156A1K/bycy5ZF4Ue+mPR6U="},"chainType":2,"messageKeys":{}},"BaDGEwZTQ5CIdI5j3rZY5FBOLxrcyBuBthM8EJk3KqMw":{"chainKey":{"counter":-1,"key":"EomuEGlkw1MqyhdKw3sEGzjd8jhiV0Q2atp/1jxqgdE="},"chainType":1,"messageKeys":{}}}}},"version":"v1"}