{"_sessions":{"BUR+bIQEruKdjWKMl9SANIsrHr6swsQGGfb/bApCQa52":{"registrationId":1473044451,"currentRatchet":{"ephemeralKeyPair":{"pubKey":"BZ7yz5X79R6Uo69ICPwWlMzYtAPHd37YBRYzpcOGZXh0","privKey":"YEToidWZ266cW1TzPr1yVX/pzGbt+i3frfELGilDymM="},"lastRemoteEphemeralKey":"BamF2ma0FMs8Eqv3OWtCNSNwrDlfIU0sLQ8Arp/ee0QJ","previousCounter":0,"rootKey":"CtTDv9dLDinJd5yWpXEYr4zEinhrwG//mfAb4Ck4M10="},"indexInfo":{"baseKey":"BUR+bIQEruKdjWKMl9SANIsrHr6swsQGGfb/bApCQa52","baseKeyType":2,"closed":-1,"used":1733131100313,"created":1733125684363,"remoteIdentityKey":"BWpDYKA8vSGyKq4ob5phGUAbkbN6Wtxcf9Arz6NtLn5f"},"_chains":{"BXZzErJj5Yt0oKNpEC4XddHOT0TCQV9dSJRZsDrqmBUw":{"chainKey":{"counter":0},"chainType":2,"messageKeys":{}},"BVMdP9s1H8CufGC7h8OOu411WWSgQv7m5vJrnTngBeJs":{"chainKey":{"counter":0},"chainType":2,"messageKeys":{}},"BQ5tjgmi2KdOfb2bH1gm4+EW2IX7xC1YKkTy43WsPich":{"chainKey":{"counter":0},"chainType":2,"messageKeys":{}},"BeaHxNy7ogz0GiopTe4j7z8BGD2r2qbwoqdG/KrOWuds":{"chainKey":{"counter":0},"chainType":2,"messageKeys":{}},"BaCmZqDrPxhAHzfCeVwaPp3Qthughk6cyt4h9puZUPVZ":{"chainKey":{"counter":0},"chainType":2,"messageKeys":{}},"BRrQIN/ON4bl7W6LB9H+WpwRk7h4RiK7JjBO8+jfU8VX":{"chainKey":{"counter":0},"chainType":2,"messageKeys":{}},"BQcpBF+kN+TJnn1GXsV98Oyr6HfTjS8aYkSvPLF0P38j":{"chainKey":{"counter":0},"chainType":2,"messageKeys":{}},"BRCnCzERhlBtgF9B5oLeU/l+9N0h0q0RccbKo/Sg7AQm":{"chainKey":{"counter":0},"chainType":2,"messageKeys":{}},"BUfZPp0hllouBwihcalON/EyKA0aXIdixjqVldoXngM/":{"chainKey":{"counter":0},"chainType":2,"messageKeys":{}},"BVTXjKXkfZtw8u0O0OgxBBHUEV79JaDqaA/1USartuxJ":{"chainKey":{"counter":0},"chainType":2,"messageKeys":{}},"BXgFen5URxV+sRJ3PPYul0QJIeI+BUUm42LCE6v7TZlW":{"chainKey":{"counter":0},"chainType":2,"messageKeys":{}},"BaByC9L5+ZMgm2+hA7BvKgTFoq/9r3pwtmHRYONXkKM2":{"chainKey":{"counter":0},"chainType":2,"messageKeys":{}},"BQ/y454Cqz4xBiJVJzQ2tYitaoOhdNit6l2ZDocq94AX":{"chainKey":{"counter":0},"chainType":2,"messageKeys":{}},"Bdh9KnMJKUiJjnxio1mFy/3FxdUbZPsi1Hzg7ZSFFqUp":{"chainKey":{"counter":0},"chainType":2,"messageKeys":{}},"BZOmc7WMF0MIqGLFXaMNOQd/dx4oZc/19h2R4BznhrhK":{"chainKey":{"counter":0},"chainType":2,"messageKeys":{}},"BbcpcV/BHzFAYV2pvBKdpmjlXCdS8GbY5/+GVNrkspMb":{"chainKey":{"counter":0},"chainType":2,"messageKeys":{}},"BaJVN2HnSx9522QqwIz9t6Nz8eCcu2HimPSof8SMgoh2":{"chainKey":{"counter":0},"chainType":2,"messageKeys":{}},"Bbry8XMzVH6Wex5UZZOvwE/lnh8TKLZ9aasfXLSb2q0p":{"chainKey":{"counter":0},"chainType":2,"messageKeys":{}},"BdWXvoCRpNDSB+JxVSmDqKK0KsNi0OhEiXWS9UMZAEZG":{"chainKey":{"counter":0},"chainType":2,"messageKeys":{}},"BVdJbKYQcYPHx2Bh9tRtqVLraMkOTdGownDVUsnYbrF5":{"chainKey":{"counter":0},"chainType":2,"messageKeys":{}},"BZSBQhSeGY08wxJYqWdbW3zLUFncI7euneevdRRQSS1Z":{"chainKey":{"counter":0},"chainType":2,"messageKeys":{}},"BXJV0RU9uelgIDHAh+l0TxEtZQZlXa0eIETlgT8vyeAX":{"chainKey":{"counter":0},"chainType":2,"messageKeys":{}},"BYujUo8mYGlV0rkvXwoL1ClXtB++qKf7lqEx9gWMS8lE":{"chainKey":{"counter":0},"chainType":2,"messageKeys":{}},"BV9TG+It3MyB+kpVmJ/02wWD3aMoKhoCm4qckl4rAQ5B":{"chainKey":{"counter":0},"chainType":2,"messageKeys":{}},"BWIUEzlONz8xWajvDLf6w3pgp1KgUXWTXQ9g9WUmdm9e":{"chainKey":{"counter":0},"chainType":2,"messageKeys":{}},"BfWnGjaUTFtguc+i1qb5pn7STnjMpFUB6tSW/DvP7L5C":{"chainKey":{"counter":0},"chainType":2,"messageKeys":{}},"BZiHlUXMiXo/Gpxmh/bAgzJM1JEfEvw3Q3LeTZRA/X9x":{"chainKey":{"counter":1},"chainType":2,"messageKeys":{}},"BSE1w0CruoXB314zK3fBAIaimQqSYrrX9cvs9f9NQD0K":{"chainKey":{"counter":0},"chainType":2,"messageKeys":{}},"Bd7GueJjMyVxH9EvwrE+UMlPsLn0UMpksEKMFd5xeehh":{"chainKey":{"counter":0},"chainType":2,"messageKeys":{}},"BamF2ma0FMs8Eqv3OWtCNSNwrDlfIU0sLQ8Arp/ee0QJ":{"chainKey":{"counter":1,"key":"24lpnpLU5IqO42vSYMxA4dnBou6VThpIukyUIaj+i5A="},"chainType":2,"messageKeys":{}},"BZ7yz5X79R6Uo69ICPwWlMzYtAPHd37YBRYzpcOGZXh0":{"chainKey":{"counter":-1,"key":"i3ul7RaDeMYSceYZQSSeeciVgcdzpe4W9JmgpWpBCSs="},"chainType":1,"messageKeys":{}}}}},"version":"v1"}