{"_sessions":{"BQtwXmID5WYSmHGBxEKTHz3zBXBo8y4Mm4iiEDMt5VAW":{"registrationId":1999285945,"currentRatchet":{"ephemeralKeyPair":{"pubKey":"BX/8JD8GJucUbpS4CRRjMl+eVxVk5B/3WXa/yaiIuENe","privKey":"4Hi9+tpu+nI0Pkp0g1TBnJQCiR7ABkYs5A/0gyli6GA="},"lastRemoteEphemeralKey":"BXjxQ/uAb2ovZtrRqeRpYyixKAt4oj+LaZk+aE9TxTMg","previousCounter":0,"rootKey":"aBWt1BdEeM8LNTd9syQdRWDVxXHbAdrbfDO9HrULtQU="},"indexInfo":{"baseKey":"BQtwXmID5WYSmHGBxEKTHz3zBXBo8y4Mm4iiEDMt5VAW","baseKeyType":2,"closed":-1,"used":1733072719680,"created":1733072719680,"remoteIdentityKey":"BepNReZAw2Q/c4OIy1FDLLUkuz9OXXN7RPObRbdeEqEJ"},"_chains":{"BXjxQ/uAb2ovZtrRqeRpYyixKAt4oj+LaZk+aE9TxTMg":{"chainKey":{"counter":9,"key":"6TPJLTtb4flfxiuwqmQoEVUDfv83bT9cOisOFzIWLPY="},"chainType":2,"messageKeys":{}},"BX/8JD8GJucUbpS4CRRjMl+eVxVk5B/3WXa/yaiIuENe":{"chainKey":{"counter":140,"key":"cSdN9kq6o46fJ6MIJUhJv8ORpPyrgQLWG4f5ltTjGMw="},"chainType":1,"messageKeys":{}}}}},"version":"v1"}