{"_sessions":{"BZ6zcY9Z/QhliTGeL+6MWWms4FRwd3Ol9YP5NKpyBt1P":{"registrationId":835631338,"currentRatchet":{"ephemeralKeyPair":{"pubKey":"BdNOHFZoIArBZkNC0vJFeWKnfcqWPRisIPDvcf6kckZ+","privKey":"QIojFPFyVxVS71Sj6b+2EfCkHqMuddoXK4flQv4UoWU="},"lastRemoteEphemeralKey":"BUtoeCw+y/1I6CrZrBa/QeQzEUMxDPtUfnJPWw4Hzx5M","previousCounter":0,"rootKey":"Ek1o/gol2bx7ZX5qrpBf+6/1NBdtaCYS5Vpo6+yQrQc="},"indexInfo":{"baseKey":"BZ6zcY9Z/QhliTGeL+6MWWms4FRwd3Ol9YP5NKpyBt1P","baseKeyType":1,"closed":-1,"used":1733072754582,"created":1733072754582,"remoteIdentityKey":"BWNH3srWiUEJSVdt23jOS/p0jht9f6Kd1BEZgpRDOZw3"},"_chains":{"BdNOHFZoIArBZkNC0vJFeWKnfcqWPRisIPDvcf6kckZ+":{"chainKey":{"counter":104,"key":"rCUbPDzFGpOJuQxwbfXEfNsn+faCTxU6rB4EhuGTuOU="},"chainType":1,"messageKeys":{}}},"pendingPreKey":{"signedKeyId":40,"baseKey":"BZ6zcY9Z/QhliTGeL+6MWWms4FRwd3Ol9YP5NKpyBt1P","preKeyId":12791}}},"version":"v1"}