{"_sessions":{"BWEk/lz3rKjaMNmfW3UQYuOV3O8vLNoaQDDFHi6TRmgD":{"registrationId":1678342990,"currentRatchet":{"ephemeralKeyPair":{"pubKey":"BbOIF/BFUx4BJ2nl04uZMhojvubKoE9A/5esIoBDTlks","privKey":"SOxfozKqxhXVTzZqCA5hZtYcb4vNKzPhLYS8vd69L3U="},"lastRemoteEphemeralKey":"BbhQqiQho8D7yaLdk8QQEhCx5iY+U96AcBJOg+LlWlRf","previousCounter":0,"rootKey":"B/VvKnet+fYtLFRWOCQvpAG2RpyBwbBFyf5uzFmPLNg="},"indexInfo":{"baseKey":"BWEk/lz3rKjaMNmfW3UQYuOV3O8vLNoaQDDFHi6TRmgD","baseKeyType":2,"closed":-1,"used":1733073891944,"created":1733073891944,"remoteIdentityKey":"BVW8Zf75eg27Mm9l0weIzr18s+jWAtHQvS/UAuzC/0B5"},"_chains":{"BbhQqiQho8D7yaLdk8QQEhCx5iY+U96AcBJOg+LlWlRf":{"chainKey":{"counter":0,"key":"mTTxSi+6GwaRqcxSfxJJO0KThDYjk3dSnJEtTKAb580="},"chainType":2,"messageKeys":{}},"BbOIF/BFUx4BJ2nl04uZMhojvubKoE9A/5esIoBDTlks":{"chainKey":{"counter":0,"key":"weiRbN9OhFTNem7fcfUZs2ddnsAAyuWELWXT0hZiLyM="},"chainType":1,"messageKeys":{}}}}},"version":"v1"}