{"_sessions":{"BUQCksfTgdMDEPshgz48YrZHbM39DBKRcuVQ5u0fU3lN":{"registrationId":1221800614,"currentRatchet":{"ephemeralKeyPair":{"pubKey":"BQx9vXkTceFMb7Dc6MY/HX6nXbwIar2U00TRc0lweJE5","privKey":"oKFmUp1zIdOpKy7+G1uKtAVQ50v1G5b7LUHIz6wLWWo="},"lastRemoteEphemeralKey":"Be0W1X+cL213b4Qbin1nzmbtcjb1caa+w/QLSvo2LhlN","previousCounter":0,"rootKey":"sqPKqvh7KJ7HUq8o7IDasoZYZTMK0oCqVg35DSiiE7Q="},"indexInfo":{"baseKey":"BUQCksfTgdMDEPshgz48YrZHbM39DBKRcuVQ5u0fU3lN","baseKeyType":1,"closed":-1,"used":1733072754579,"created":1733072754579,"remoteIdentityKey":"BcsoorkbrYXN+P/608Q2L2Q5fCzVzZr8y8OqeTvohd49"},"_chains":{"BQx9vXkTceFMb7Dc6MY/HX6nXbwIar2U00TRc0lweJE5":{"chainKey":{"counter":140,"key":"aNO2elSpctsUPqFIGfKkR8ojF21MDmnW3LH8CWlSN1Q="},"chainType":1,"messageKeys":{}}},"pendingPreKey":{"signedKeyId":1,"baseKey":"BUQCksfTgdMDEPshgz48YrZHbM39DBKRcuVQ5u0fU3lN","preKeyId":5015175}}},"version":"v1"}