{"_sessions":{"BXZzTu7W1IBZY4E2CVCFkRbxV6AWMWMglwiEwicoBptN":{"registrationId":2090240435,"currentRatchet":{"ephemeralKeyPair":{"pubKey":"BUvtGq3fj5LaEyOSraoBeAHs2XDvXuzNiThJGbw58y9W","privKey":"ML7CpykjikJLrQWeQiOsfCjx3M7dz1vmJZdMusHGZUw="},"lastRemoteEphemeralKey":"BWpR3rYIxthlSSsWa2VyyxI6CEwm2e10MjajQJDX28wr","previousCounter":0,"rootKey":"cotddrJG0Na+Wt38CQ6pXNxkUdoFta1b3C67p9V/vio="},"indexInfo":{"baseKey":"BXZzTu7W1IBZY4E2CVCFkRbxV6AWMWMglwiEwicoBptN","baseKeyType":1,"closed":-1,"used":1733072754585,"created":1733072754585,"remoteIdentityKey":"BRidR+fZ9FVCskitDbfoQsLZVHYXSVmBtYycaBx9nfhQ"},"_chains":{"BUvtGq3fj5LaEyOSraoBeAHs2XDvXuzNiThJGbw58y9W":{"chainKey":{"counter":104,"key":"+09D9X3wMY7jpGLTSjUKDhTf2jXSXNm23FffQrFSQlc="},"chainType":1,"messageKeys":{}}},"pendingPreKey":{"signedKeyId":34,"baseKey":"BXZzTu7W1IBZY4E2CVCFkRbxV6AWMWMglwiEwicoBptN","preKeyId":15484321}}},"version":"v1"}