{"_sessions":{"BbraNnVgKA2PUJeJpi3eI6oX74aPxyNOlCDr55zS/WgN":{"registrationId":5698,"currentRatchet":{"ephemeralKeyPair":{"pubKey":"BXlwUN6lCykgEOnfKYVueqRuo4rNlskILnuxweqi6JcW","privKey":"iETEbiNI0cdism5FGEpxGbAzffZuHH9KiW6u2hqznWU="},"lastRemoteEphemeralKey":"BT1Dmx5p3AAIKOvnS9tAI7a0vPeEl8ppaCQUe5CWS1Q7","previousCounter":0,"rootKey":"8EzlUuRgZNUKpKtbcDbXl6akOyDuPHE3UKLtYWxOSp0="},"indexInfo":{"baseKey":"BbraNnVgKA2PUJeJpi3eI6oX74aPxyNOlCDr55zS/WgN","baseKeyType":1,"closed":-1,"used":1733073899902,"created":1733073899902,"remoteIdentityKey":"BUfX6FHLE+igNLuq1RWUxzKAWxrzhMzo42Bfs1N5MEF9"},"_chains":{"BXlwUN6lCykgEOnfKYVueqRuo4rNlskILnuxweqi6JcW":{"chainKey":{"counter":0,"key":"KirMHSlAWLWHCRwFPfxGrcHWxkk1nc0CwuN0dCNbL38="},"chainType":1,"messageKeys":{}}},"pendingPreKey":{"signedKeyId":2,"baseKey":"BbraNnVgKA2PUJeJpi3eI6oX74aPxyNOlCDr55zS/WgN","preKeyId":1800}}},"version":"v1"}