{"_sessions":{"BQ+XdAS1EJaLzwmtRXJK7wYqS47sKTQaQ6lFRRoKLuId":{"registrationId":2004895452,"currentRatchet":{"ephemeralKeyPair":{"pubKey":"BUde5X0cqwH3XDqGp22PUXdxTPQNIciFSXrN52ArkOcB","privKey":"WKZKyhCnAuYwXw6BbeejZVeb6M+VgJbGVDw29wRWn0s="},"lastRemoteEphemeralKey":"BcV1GqlgV6JMKejbsh4JK30z65T6yc6+0If11Yl9BzF0","previousCounter":0,"rootKey":"IwbDrWEzagfJiB7h+LNXTdaymZnCSsxc2r0DRTK5GUI="},"indexInfo":{"baseKey":"BQ+XdAS1EJaLzwmtRXJK7wYqS47sKTQaQ6lFRRoKLuId","baseKeyType":1,"closed":-1,"used":1733072754576,"created":1733072754576,"remoteIdentityKey":"Bdo3Hi1UJBxKpC093ZiJ9mcr0NWk0OPbYOVoSslz2ZMK"},"_chains":{"BUde5X0cqwH3XDqGp22PUXdxTPQNIciFSXrN52ArkOcB":{"chainKey":{"counter":140,"key":"0dxZzxd8J+IPtPCDU29uHcOhqSot6hHvr67/YYLhfEU="},"chainType":1,"messageKeys":{}}},"pendingPreKey":{"signedKeyId":4,"baseKey":"BQ+XdAS1EJaLzwmtRXJK7wYqS47sKTQaQ6lFRRoKLuId","preKeyId":628}}},"version":"v1"}